camera,joint,theta_mean,theta_std,count
CapturedFrames_-1.0_0.5_-3.0,LEFT_ELBOW,-14.455547614180812,26.68135402514298,67
CapturedFrames_-1.0_0.5_-3.0,RIGHT_ELBOW,13.439059343644802,27.35493143343129,67
CapturedFrames_-1.0_0.5_-4.0,LEFT_ELBOW,-16.998582594796744,23.528662367301422,57
CapturedFrames_-1.0_0.5_-4.0,RIGHT_ELBOW,17.21193939106176,19.87583440186992,57
CapturedFrames_-1.0_0.5_-5.0,LEFT_ELBOW,-21.101693468060493,5.313733392167415,50
CapturedFrames_-1.0_0.5_-5.0,RIGHT_ELBOW,19.929924467729744,3.088130441733768,50
CapturedFrames_-1.0_0.5_-6.0,LEFT_ELBOW,-19.566000162845224,5.1112697968386644,28
CapturedFrames_-1.0_0.5_-6.0,RIGHT_ELBOW,19.600266248224113,1.9052794787056173,28
CapturedFrames_-1.0_0.5_3.0,LEFT_ELBOW,-67.6430600201956,39.492743295336986,51
CapturedFrames_-1.0_0.5_3.0,RIGHT_ELBOW,66.09919245752054,41.60792235893528,51
CapturedFrames_-1.0_0.5_4.0,LEFT_ELBOW,-75.32083587463065,10.880203280922286,52
CapturedFrames_-1.0_0.5_4.0,RIGHT_ELBOW,76.130145732517,13.143038405540285,52
CapturedFrames_-1.0_0.5_5.0,LEFT_ELBOW,-79.0648071232362,4.551556245263203,39
CapturedFrames_-1.0_0.5_5.0,RIGHT_ELBOW,80.49175169843603,4.81419967246326,39
CapturedFrames_-1.0_0.5_6.0,LEFT_ELBOW,-79.66497984384587,2.2986515996239585,14
CapturedFrames_-1.0_0.5_6.0,RIGHT_ELBOW,83.71254237897362,3.522884797360427,14
CapturedFrames_-1.0_1.0_-3.0,LEFT_ELBOW,-19.224198622139383,11.355292477752256,71
CapturedFrames_-1.0_1.0_-3.0,RIGHT_ELBOW,23.908359270446685,17.49079447410479,71
CapturedFrames_-1.0_1.0_-4.0,LEFT_ELBOW,-21.537940806592186,5.474102605365862,58
CapturedFrames_-1.0_1.0_-4.0,RIGHT_ELBOW,21.97631511589062,6.487546870679499,58
CapturedFrames_-1.0_1.0_-5.0,LEFT_ELBOW,-22.288889994814216,4.193001108302797,49
CapturedFrames_-1.0_1.0_-5.0,RIGHT_ELBOW,21.940753769359112,3.397978273824983,49
CapturedFrames_-1.0_1.0_-6.0,LEFT_ELBOW,-20.581168354131833,4.3491829282247005,29
CapturedFrames_-1.0_1.0_-6.0,RIGHT_ELBOW,22.4071221704238,1.4892533144849256,29
CapturedFrames_-1.0_1.0_3.0,LEFT_ELBOW,-75.85657068150503,29.634861261849185,50
CapturedFrames_-1.0_1.0_3.0,RIGHT_ELBOW,74.4854866724612,29.524452272631617,50
CapturedFrames_-1.0_1.0_4.0,LEFT_ELBOW,-76.617191995525,12.46286269729226,57
CapturedFrames_-1.0_1.0_4.0,RIGHT_ELBOW,78.40737757594452,10.84655409979381,57
CapturedFrames_-1.0_1.0_5.0,LEFT_ELBOW,-79.18008901123832,4.066558139788977,36
CapturedFrames_-1.0_1.0_5.0,RIGHT_ELBOW,80.96065822657422,5.664024318150928,36
CapturedFrames_-1.0_1.0_6.0,LEFT_ELBOW,-78.9557179207037,2.705573143265299,12
CapturedFrames_-1.0_1.0_6.0,RIGHT_ELBOW,83.81543323770025,2.957131887766982,12
CapturedFrames_-1.0_1.5_-3.0,LEFT_ELBOW,-20.427427194527198,15.75252160474058,75
CapturedFrames_-1.0_1.5_-3.0,RIGHT_ELBOW,19.48999616771153,22.427213982006332,75
CapturedFrames_-1.0_1.5_-4.0,LEFT_ELBOW,-22.754261165841335,4.258161378613785,64
CapturedFrames_-1.0_1.5_-4.0,RIGHT_ELBOW,23.319859078263796,6.3741518121741265,64
CapturedFrames_-1.0_1.5_-5.0,LEFT_ELBOW,-22.929663425136365,3.5838908171542987,40
CapturedFrames_-1.0_1.5_-5.0,RIGHT_ELBOW,23.449193394408894,4.215982726864654,40
CapturedFrames_-1.0_1.5_-6.0,LEFT_ELBOW,-21.74910641314903,3.6473533068438337,30
CapturedFrames_-1.0_1.5_-6.0,RIGHT_ELBOW,22.86157593445523,2.706909458312174,30
CapturedFrames_-1.0_1.5_3.0,LEFT_ELBOW,-81.00425110978983,5.8570187428449785,76
CapturedFrames_-1.0_1.5_3.0,RIGHT_ELBOW,77.87829772705486,10.38186843418586,76
CapturedFrames_-1.0_1.5_4.0,LEFT_ELBOW,-79.39961488363909,4.367364046060145,66
CapturedFrames_-1.0_1.5_4.0,RIGHT_ELBOW,77.9470561987819,6.733008758985968,66
CapturedFrames_-1.0_1.5_5.0,LEFT_ELBOW,-79.57050014497496,4.119849831640049,35
CapturedFrames_-1.0_1.5_5.0,RIGHT_ELBOW,78.76349374587667,6.4413515845391345,35
CapturedFrames_-1.0_1.5_6.0,LEFT_ELBOW,-78.08366710093223,3.200487448747382,16
CapturedFrames_-1.0_1.5_6.0,RIGHT_ELBOW,82.00017679233163,2.934939952055877,16
CapturedFrames_-1.0_2.0_-3.0,LEFT_ELBOW,-21.505261488849612,10.066636789585484,83
CapturedFrames_-1.0_2.0_-3.0,RIGHT_ELBOW,24.148097148454774,11.059436251938523,83
CapturedFrames_-1.0_2.0_-4.0,LEFT_ELBOW,-21.34489332825992,3.7804954992708715,62
CapturedFrames_-1.0_2.0_-4.0,RIGHT_ELBOW,21.554052532525663,6.743044426079047,62
CapturedFrames_-1.0_2.0_-5.0,LEFT_ELBOW,-22.875868657935513,3.376255299650065,41
CapturedFrames_-1.0_2.0_-5.0,RIGHT_ELBOW,23.14537168065424,5.3832679713644955,41
CapturedFrames_-1.0_2.0_-6.0,LEFT_ELBOW,-23.52979410619167,2.7035615632923515,29
CapturedFrames_-1.0_2.0_-6.0,RIGHT_ELBOW,24.390040303404543,2.5231752216772363,29
CapturedFrames_-1.0_2.0_3.0,LEFT_ELBOW,-85.5338584441498,9.29437472089143,78
CapturedFrames_-1.0_2.0_3.0,RIGHT_ELBOW,78.47079130232322,10.366688903201018,78
CapturedFrames_-1.0_2.0_4.0,LEFT_ELBOW,-82.05194891270808,6.002499444451418,71
CapturedFrames_-1.0_2.0_4.0,RIGHT_ELBOW,78.89225454289759,7.4033015552576815,71
CapturedFrames_-1.0_2.0_5.0,LEFT_ELBOW,-80.3904699874697,4.811209324500257,40
CapturedFrames_-1.0_2.0_5.0,RIGHT_ELBOW,80.97954873995155,6.763751062947214,40
CapturedFrames_-1.0_2.0_6.0,LEFT_ELBOW,-77.26839417690123,3.477731477434105,13
CapturedFrames_-1.0_2.0_6.0,RIGHT_ELBOW,84.35908144389182,3.093696712317238,13
CapturedFrames_-2.0_0.5_-3.0,LEFT_ELBOW,-27.138777924581678,10.961512025430164,65
CapturedFrames_-2.0_0.5_-3.0,RIGHT_ELBOW,25.999975894167218,10.23362030128804,65
CapturedFrames_-2.0_0.5_-4.0,LEFT_ELBOW,-24.682782760308243,8.407687849058709,51
CapturedFrames_-2.0_0.5_-4.0,RIGHT_ELBOW,24.6812063754399,10.482264217303335,51
CapturedFrames_-2.0_0.5_-5.0,LEFT_ELBOW,-25.883471439237525,6.855789592231578,46
CapturedFrames_-2.0_0.5_-5.0,RIGHT_ELBOW,27.754291014567052,10.565152078854581,46
CapturedFrames_-2.0_0.5_-6.0,LEFT_ELBOW,-24.626210080649482,5.402521052228794,26
CapturedFrames_-2.0_0.5_-6.0,RIGHT_ELBOW,25.7493063525047,8.380253993717476,26
CapturedFrames_-2.0_0.5_3.0,LEFT_ELBOW,-71.20639176231249,13.30106859984893,63
CapturedFrames_-2.0_0.5_3.0,RIGHT_ELBOW,65.66954920703012,24.291596459553794,63
CapturedFrames_-2.0_0.5_4.0,LEFT_ELBOW,-73.60767827321978,8.593628204088805,49
CapturedFrames_-2.0_0.5_4.0,RIGHT_ELBOW,74.85341079453866,11.172266884923403,49
CapturedFrames_-2.0_0.5_5.0,LEFT_ELBOW,-74.75130621905028,7.29159421525609,29
CapturedFrames_-2.0_0.5_5.0,RIGHT_ELBOW,74.58682725811316,11.340955878669023,29
CapturedFrames_-2.0_0.5_6.0,LEFT_ELBOW,-80.03812187576655,4.176933016087198,14
CapturedFrames_-2.0_0.5_6.0,RIGHT_ELBOW,81.79845323819902,4.453270884732467,14
CapturedFrames_-2.0_1.0_-3.0,LEFT_ELBOW,-26.00820065521789,6.589054723588498,68
CapturedFrames_-2.0_1.0_-3.0,RIGHT_ELBOW,26.505368448911195,9.469545126649754,68
CapturedFrames_-2.0_1.0_-4.0,LEFT_ELBOW,-28.79573734625383,10.970421657549812,60
CapturedFrames_-2.0_1.0_-4.0,RIGHT_ELBOW,28.1558904827554,12.134094729693752,60
CapturedFrames_-2.0_1.0_-5.0,LEFT_ELBOW,-26.562889865299784,5.751894981395179,43
CapturedFrames_-2.0_1.0_-5.0,RIGHT_ELBOW,27.580359577555694,9.614012072952441,43
CapturedFrames_-2.0_1.0_-6.0,LEFT_ELBOW,-25.196538480958036,4.15692217847493,26
CapturedFrames_-2.0_1.0_-6.0,RIGHT_ELBOW,26.136596038939388,6.165127167804124,26
CapturedFrames_-2.0_1.0_3.0,LEFT_ELBOW,-70.65912538266399,13.154939055055188,65
CapturedFrames_-2.0_1.0_3.0,RIGHT_ELBOW,69.83533702962926,12.758859074811008,65
CapturedFrames_-2.0_1.0_4.0,LEFT_ELBOW,-75.28440765969127,8.762702003625007,46
CapturedFrames_-2.0_1.0_4.0,RIGHT_ELBOW,74.77973681549227,10.661746187550735,46
CapturedFrames_-2.0_1.0_5.0,LEFT_ELBOW,-76.52185994732066,7.095822853751149,35
CapturedFrames_-2.0_1.0_5.0,RIGHT_ELBOW,75.1631804665322,10.379688678650858,35
CapturedFrames_-2.0_1.0_6.0,LEFT_ELBOW,-78.67678354156477,2.221476362015724,12
CapturedFrames_-2.0_1.0_6.0,RIGHT_ELBOW,81.22279361354053,2.3639112429664264,12
CapturedFrames_-2.0_1.5_-3.0,LEFT_ELBOW,-26.45491004688297,8.189335991297538,79
CapturedFrames_-2.0_1.5_-3.0,RIGHT_ELBOW,28.289398859242866,9.146110796878093,79
CapturedFrames_-2.0_1.5_-4.0,LEFT_ELBOW,-30.15068374977482,9.556452360753495,64
CapturedFrames_-2.0_1.5_-4.0,RIGHT_ELBOW,29.06018098526104,10.705441445855941,64
CapturedFrames_-2.0_1.5_-5.0,LEFT_ELBOW,-27.23561120412276,4.672880426348648,44
CapturedFrames_-2.0_1.5_-5.0,RIGHT_ELBOW,28.37459381346255,9.250035468715028,44
CapturedFrames_-2.0_1.5_-6.0,LEFT_ELBOW,-25.970259267569126,4.109570439756016,29
CapturedFrames_-2.0_1.5_-6.0,RIGHT_ELBOW,25.847379688041393,6.621995411888681,29
CapturedFrames_-2.0_1.5_3.0,LEFT_ELBOW,-72.657993769744,13.242897400237839,75
CapturedFrames_-2.0_1.5_3.0,RIGHT_ELBOW,70.44144262330126,10.439382618755715,75
CapturedFrames_-2.0_1.5_4.0,LEFT_ELBOW,-75.77034528888454,7.7607953052397605,51
CapturedFrames_-2.0_1.5_4.0,RIGHT_ELBOW,73.79011099145463,10.349072079683847,51
CapturedFrames_-2.0_1.5_5.0,LEFT_ELBOW,-76.99827996769586,5.824087868762993,39
CapturedFrames_-2.0_1.5_5.0,RIGHT_ELBOW,75.00211320121569,9.011521860100592,39
CapturedFrames_-2.0_1.5_6.0,LEFT_ELBOW,-77.84908887294073,2.4190602004901534,15
CapturedFrames_-2.0_1.5_6.0,RIGHT_ELBOW,80.41827010798991,3.5583231442716095,15
CapturedFrames_-2.0_2.0_-3.0,LEFT_ELBOW,-29.935662065349774,12.386945393045462,72
CapturedFrames_-2.0_2.0_-3.0,RIGHT_ELBOW,28.650323482598328,10.802927302382354,72
CapturedFrames_-2.0_2.0_-4.0,LEFT_ELBOW,-30.74671708213584,9.032530764872972,58
CapturedFrames_-2.0_2.0_-4.0,RIGHT_ELBOW,29.55686213415112,11.55247281020953,58
CapturedFrames_-2.0_2.0_-5.0,LEFT_ELBOW,-28.100205873183494,3.489747224184817,40
CapturedFrames_-2.0_2.0_-5.0,RIGHT_ELBOW,28.485336939016896,9.442066933090905,40
CapturedFrames_-2.0_2.0_-6.0,LEFT_ELBOW,-27.528488272770726,2.357502815696703,26
CapturedFrames_-2.0_2.0_-6.0,RIGHT_ELBOW,27.92325726461239,6.7282117551945095,26
CapturedFrames_-2.0_2.0_3.0,LEFT_ELBOW,-74.11936189674594,13.189685452153546,78
CapturedFrames_-2.0_2.0_3.0,RIGHT_ELBOW,72.13893134242444,11.914625589751752,78
CapturedFrames_-2.0_2.0_4.0,LEFT_ELBOW,-76.70024440755364,6.985159645689138,57
CapturedFrames_-2.0_2.0_4.0,RIGHT_ELBOW,72.82825133986245,10.645709643987706,57
CapturedFrames_-2.0_2.0_5.0,LEFT_ELBOW,-77.06042976571044,5.668900881431785,34
CapturedFrames_-2.0_2.0_5.0,RIGHT_ELBOW,74.30772150822219,9.528190875563624,34
CapturedFrames_-2.0_2.0_6.0,LEFT_ELBOW,-77.83021199816868,2.7066524680959327,16
CapturedFrames_-2.0_2.0_6.0,RIGHT_ELBOW,78.48869088644747,7.464277261975703,16
CapturedFrames_-3.0_0.5_-1.0,LEFT_ELBOW,-37.57217389451649,15.743742550802091,82
CapturedFrames_-3.0_0.5_-1.0,RIGHT_ELBOW,40.44457377520602,16.248444489087877,82
CapturedFrames_-3.0_0.5_-2.0,LEFT_ELBOW,-32.51041381762922,11.970001658155597,86
CapturedFrames_-3.0_0.5_-2.0,RIGHT_ELBOW,33.88928221438147,13.673515542139372,86
CapturedFrames_-3.0_0.5_-3.0,LEFT_ELBOW,-33.143586313332996,11.309895240997832,67
CapturedFrames_-3.0_0.5_-3.0,RIGHT_ELBOW,32.153406398842705,12.096389527637944,67
CapturedFrames_-3.0_0.5_-4.0,LEFT_ELBOW,-34.53925518457682,12.73242018901139,54
CapturedFrames_-3.0_0.5_-4.0,RIGHT_ELBOW,35.15434895386985,15.964804632338689,54
CapturedFrames_-3.0_0.5_-5.0,LEFT_ELBOW,-31.159419081460964,9.203112240050753,40
CapturedFrames_-3.0_0.5_-5.0,RIGHT_ELBOW,33.084734652203856,12.698536058727816,40
CapturedFrames_-3.0_0.5_-6.0,LEFT_ELBOW,-30.536686664665027,6.977029905762594,23
CapturedFrames_-3.0_0.5_-6.0,RIGHT_ELBOW,34.27837083958269,12.1323601546134,23
CapturedFrames_-3.0_0.5_0.0,LEFT_ELBOW,-46.11930666448123,17.912988800527675,79
CapturedFrames_-3.0_0.5_0.0,RIGHT_ELBOW,47.738042410821635,18.675565457974066,79
CapturedFrames_-3.0_0.5_1.0,LEFT_ELBOW,-60.344777899647774,21.437212433525314,93
CapturedFrames_-3.0_0.5_1.0,RIGHT_ELBOW,61.86593285094859,18.27566927928055,93
CapturedFrames_-3.0_0.5_2.0,LEFT_ELBOW,-61.71693702788625,17.750492677939324,76
CapturedFrames_-3.0_0.5_2.0,RIGHT_ELBOW,62.673938834931555,14.911595406683329,76
CapturedFrames_-3.0_0.5_3.0,LEFT_ELBOW,-62.822161766231936,14.565506064419113,59
CapturedFrames_-3.0_0.5_3.0,RIGHT_ELBOW,67.67804856381579,12.52672472074706,59
CapturedFrames_-3.0_0.5_4.0,LEFT_ELBOW,-68.94228722074523,11.327838781259281,38
CapturedFrames_-3.0_0.5_4.0,RIGHT_ELBOW,71.74142552418073,12.88481572248735,38
CapturedFrames_-3.0_0.5_5.0,LEFT_ELBOW,-70.77023190208584,9.464319618934905,25
CapturedFrames_-3.0_0.5_5.0,RIGHT_ELBOW,70.95395492761152,14.306266989226206,25
CapturedFrames_-3.0_0.5_6.0,LEFT_ELBOW,-78.91331124883912,3.396800618038597,7
CapturedFrames_-3.0_0.5_6.0,RIGHT_ELBOW,82.36996492550608,1.443773035889654,7
CapturedFrames_-3.0_1.0_-1.0,LEFT_ELBOW,-36.67757245764668,17.24104271148252,82
CapturedFrames_-3.0_1.0_-1.0,RIGHT_ELBOW,42.971401186440225,13.690993844742724,82
CapturedFrames_-3.0_1.0_-2.0,LEFT_ELBOW,-32.169518728349196,12.54826540030248,86
CapturedFrames_-3.0_1.0_-2.0,RIGHT_ELBOW,35.6448459054786,12.214496153395261,86
CapturedFrames_-3.0_1.0_-3.0,LEFT_ELBOW,-34.43490095857555,13.17150250269642,69
CapturedFrames_-3.0_1.0_-3.0,RIGHT_ELBOW,33.975094612988535,12.957659963245925,69
CapturedFrames_-3.0_1.0_-4.0,LEFT_ELBOW,-35.267188349489224,12.444739651284205,56
CapturedFrames_-3.0_1.0_-4.0,RIGHT_ELBOW,34.72971951848288,13.846223806324131,56
CapturedFrames_-3.0_1.0_-5.0,LEFT_ELBOW,-31.979276633436044,8.600190087205197,32
CapturedFrames_-3.0_1.0_-5.0,RIGHT_ELBOW,31.762116196435024,13.309395151139666,32
CapturedFrames_-3.0_1.0_-6.0,LEFT_ELBOW,-32.30164765852592,3.0834695156207284,20
CapturedFrames_-3.0_1.0_-6.0,RIGHT_ELBOW,35.55287124236219,8.30649701079588,20
CapturedFrames_-3.0_1.0_0.0,LEFT_ELBOW,-41.42736707546189,38.192864099819246,78
CapturedFrames_-3.0_1.0_0.0,RIGHT_ELBOW,45.095532169579066,28.65166967939879,78
CapturedFrames_-3.0_1.0_1.0,LEFT_ELBOW,-61.68935644165238,23.956420911029333,93
CapturedFrames_-3.0_1.0_1.0,RIGHT_ELBOW,59.77624427868824,14.33591859133944,93
CapturedFrames_-3.0_1.0_2.0,LEFT_ELBOW,-64.68539944578241,19.52517815971484,88
CapturedFrames_-3.0_1.0_2.0,RIGHT_ELBOW,64.0942725098098,12.113494376427115,88
CapturedFrames_-3.0_1.0_3.0,LEFT_ELBOW,-64.94599035787684,15.631961503204863,63
CapturedFrames_-3.0_1.0_3.0,RIGHT_ELBOW,67.6838267083257,12.168259417571717,63
CapturedFrames_-3.0_1.0_4.0,LEFT_ELBOW,-69.33449905335382,12.33759707820048,39
CapturedFrames_-3.0_1.0_4.0,RIGHT_ELBOW,71.28776270105952,12.711167322850036,39
CapturedFrames_-3.0_1.0_5.0,LEFT_ELBOW,-73.30815381978724,9.580847508143453,27
CapturedFrames_-3.0_1.0_5.0,RIGHT_ELBOW,73.31842524169438,11.978410339541309,27
CapturedFrames_-3.0_1.0_6.0,LEFT_ELBOW,-79.41911005873683,3.491942823588628,8
CapturedFrames_-3.0_1.0_6.0,RIGHT_ELBOW,82.53511446879926,1.5327896657163533,8
CapturedFrames_-3.0_1.5_-1.0,LEFT_ELBOW,-34.19929701084845,26.29308765160572,85
CapturedFrames_-3.0_1.5_-1.0,RIGHT_ELBOW,41.67097501023903,23.149786126699006,85
CapturedFrames_-3.0_1.5_-2.0,LEFT_ELBOW,-32.578689509782784,13.619687549213666,88
CapturedFrames_-3.0_1.5_-2.0,RIGHT_ELBOW,37.438923708283774,11.035912816052571,88
CapturedFrames_-3.0_1.5_-3.0,LEFT_ELBOW,-36.04940638825833,13.563619459529964,73
CapturedFrames_-3.0_1.5_-3.0,RIGHT_ELBOW,34.82781290139628,12.10271604793168,73
CapturedFrames_-3.0_1.5_-4.0,LEFT_ELBOW,-36.88942037591227,12.319341364942717,56
CapturedFrames_-3.0_1.5_-4.0,RIGHT_ELBOW,35.03973070998878,12.917287366223348,56
CapturedFrames_-3.0_1.5_-5.0,LEFT_ELBOW,-32.74438557662789,7.474166267160516,36
CapturedFrames_-3.0_1.5_-5.0,RIGHT_ELBOW,32.49481630839708,12.119952981979717,36
CapturedFrames_-3.0_1.5_-6.0,LEFT_ELBOW,-32.917546794645396,3.2103399695754913,21
CapturedFrames_-3.0_1.5_-6.0,RIGHT_ELBOW,36.083913950270436,8.501959458516717,21
CapturedFrames_-3.0_1.5_0.0,LEFT_ELBOW,-46.67235559545575,24.929671387602426,78
CapturedFrames_-3.0_1.5_0.0,RIGHT_ELBOW,50.1835941587859,11.615918725537972,78
CapturedFrames_-3.0_1.5_1.0,LEFT_ELBOW,-60.411108931170325,35.56947745945892,95
CapturedFrames_-3.0_1.5_1.0,RIGHT_ELBOW,56.92366979218376,20.044706969385942,95
CapturedFrames_-3.0_1.5_2.0,LEFT_ELBOW,-66.22480723807372,22.054274198628974,95
CapturedFrames_-3.0_1.5_2.0,RIGHT_ELBOW,64.35348090927519,10.491744540742559,95
CapturedFrames_-3.0_1.5_3.0,LEFT_ELBOW,-66.36935598444094,16.81363098407128,67
CapturedFrames_-3.0_1.5_3.0,RIGHT_ELBOW,68.14500906897447,10.425808878093198,67
CapturedFrames_-3.0_1.5_4.0,LEFT_ELBOW,-69.5847285161332,11.72007073910435,40
CapturedFrames_-3.0_1.5_4.0,RIGHT_ELBOW,71.1233753329775,11.758098354496473,40
CapturedFrames_-3.0_1.5_5.0,LEFT_ELBOW,-72.6306793255497,9.105189284813248,23
CapturedFrames_-3.0_1.5_5.0,RIGHT_ELBOW,73.75489006522696,11.023231070283352,23
CapturedFrames_-3.0_1.5_6.0,LEFT_ELBOW,-78.12820675596309,3.0821461725254107,11
CapturedFrames_-3.0_1.5_6.0,RIGHT_ELBOW,80.88680010309204,3.0838786871506456,11
CapturedFrames_-3.0_2.0_-1.0,LEFT_ELBOW,-36.12221528068772,21.533124861510533,85
CapturedFrames_-3.0_2.0_-1.0,RIGHT_ELBOW,44.40937809989357,11.062599303796338,85
CapturedFrames_-3.0_2.0_-2.0,LEFT_ELBOW,-35.223325768982576,15.684524431046782,83
CapturedFrames_-3.0_2.0_-2.0,RIGHT_ELBOW,37.98572756323618,11.775415371332837,83
CapturedFrames_-3.0_2.0_-3.0,LEFT_ELBOW,-39.85596722695647,17.943704621592314,69
CapturedFrames_-3.0_2.0_-3.0,RIGHT_ELBOW,34.957873250951934,13.053063383118591,69
CapturedFrames_-3.0_2.0_-4.0,LEFT_ELBOW,-38.99617646115218,13.71214798327431,54
CapturedFrames_-3.0_2.0_-4.0,RIGHT_ELBOW,35.586428457282686,12.562938846738732,54
CapturedFrames_-3.0_2.0_-5.0,LEFT_ELBOW,-34.342924196455684,6.515192897774628,36
CapturedFrames_-3.0_2.0_-5.0,RIGHT_ELBOW,33.0001177895426,12.292374282209124,36
CapturedFrames_-3.0_2.0_-6.0,LEFT_ELBOW,-33.83579603540787,2.053562712119553,16
CapturedFrames_-3.0_2.0_-6.0,RIGHT_ELBOW,39.24398451372719,7.008975320414166,16
CapturedFrames_-3.0_2.0_0.0,LEFT_ELBOW,-49.38139491712615,29.404063951821453,84
CapturedFrames_-3.0_2.0_0.0,RIGHT_ELBOW,50.458154779706156,10.981978697387632,84
CapturedFrames_-3.0_2.0_1.0,LEFT_ELBOW,-63.35968009989998,31.716325604541822,96
CapturedFrames_-3.0_2.0_1.0,RIGHT_ELBOW,57.605663607175266,9.705242367582962,96
CapturedFrames_-3.0_2.0_2.0,LEFT_ELBOW,-65.52514486904758,24.753635126057716,92
CapturedFrames_-3.0_2.0_2.0,RIGHT_ELBOW,63.09610804313288,10.049715745515902,92
CapturedFrames_-3.0_2.0_3.0,LEFT_ELBOW,-68.43126897430488,16.9015089489921,81
CapturedFrames_-3.0_2.0_3.0,RIGHT_ELBOW,67.52815994765638,10.724773424493595,81
CapturedFrames_-3.0_2.0_4.0,LEFT_ELBOW,-70.05567928948317,12.028032228173856,42
CapturedFrames_-3.0_2.0_4.0,RIGHT_ELBOW,70.40746158493093,11.543432740979314,42
CapturedFrames_-3.0_2.0_5.0,LEFT_ELBOW,-72.63913892888371,8.686262026735152,27
CapturedFrames_-3.0_2.0_5.0,RIGHT_ELBOW,70.89956983739309,10.435147147435302,27
CapturedFrames_-3.0_2.0_6.0,LEFT_ELBOW,-77.09240007770806,2.6531124027433797,7
CapturedFrames_-3.0_2.0_6.0,RIGHT_ELBOW,82.7630207483196,1.0340980965422042,7
CapturedFrames_-4.0_0.5_-1.0,LEFT_ELBOW,-44.58179656918947,16.780312202947393,99
CapturedFrames_-4.0_0.5_-1.0,RIGHT_ELBOW,47.87903616074158,16.57575261794739,99
CapturedFrames_-4.0_0.5_-2.0,LEFT_ELBOW,-42.18434173692286,15.117059834729082,86
CapturedFrames_-4.0_0.5_-2.0,RIGHT_ELBOW,43.17452017404506,15.824227177597628,86
CapturedFrames_-4.0_0.5_-3.0,LEFT_ELBOW,-43.241793060584115,13.400597950508399,68
CapturedFrames_-4.0_0.5_-3.0,RIGHT_ELBOW,42.67002259622486,15.7873941069926,68
CapturedFrames_-4.0_0.5_-4.0,LEFT_ELBOW,-41.51923648558449,12.200493724002584,47
CapturedFrames_-4.0_0.5_-4.0,RIGHT_ELBOW,41.39805300303758,13.956506450536365,47
CapturedFrames_-4.0_0.5_-5.0,LEFT_ELBOW,-38.45835359694656,11.465896171411709,28
CapturedFrames_-4.0_0.5_-5.0,RIGHT_ELBOW,40.34247808468693,14.200929481693816,28
CapturedFrames_-4.0_0.5_-6.0,LEFT_ELBOW,-41.57331550556557,4.857342719033285,14
CapturedFrames_-4.0_0.5_-6.0,RIGHT_ELBOW,45.9323038070733,4.945537207119597,14
CapturedFrames_-4.0_0.5_0.0,LEFT_ELBOW,-51.06467541315672,18.812548940508684,105
CapturedFrames_-4.0_0.5_0.0,RIGHT_ELBOW,55.00587242856578,17.982992835516516,105
CapturedFrames_-4.0_0.5_1.0,LEFT_ELBOW,-56.56561105598838,18.294770477553108,104
CapturedFrames_-4.0_0.5_1.0,RIGHT_ELBOW,60.14046413226097,14.871960112014332,104
CapturedFrames_-4.0_0.5_2.0,LEFT_ELBOW,-55.886041645496356,16.323728265184783,68
CapturedFrames_-4.0_0.5_2.0,RIGHT_ELBOW,60.723058892496795,13.234030290787317,68
CapturedFrames_-4.0_0.5_3.0,LEFT_ELBOW,-58.60940682254411,14.031065678804598,49
CapturedFrames_-4.0_0.5_3.0,RIGHT_ELBOW,63.833279219831034,11.717931436952012,49
CapturedFrames_-4.0_0.5_4.0,LEFT_ELBOW,-75.46042685988414,6.207851126037723,41
CapturedFrames_-4.0_0.5_4.0,RIGHT_ELBOW,72.56277639288304,8.74693825295539,41
CapturedFrames_-4.0_0.5_5.0,LEFT_ELBOW,-64.22452412629488,11.906574439628795,17
CapturedFrames_-4.0_0.5_5.0,RIGHT_ELBOW,70.14481867145507,15.113108456005847,17
CapturedFrames_-4.0_0.5_6.0,LEFT_ELBOW,-77.71251504659266,4.572491177361662,3
CapturedFrames_-4.0_0.5_6.0,RIGHT_ELBOW,83.64755235310157,3.464109373281829,3
CapturedFrames_-4.0_1.0_-1.0,LEFT_ELBOW,-45.36581578333386,18.997091153498516,99
CapturedFrames_-4.0_1.0_-1.0,RIGHT_ELBOW,46.91644628194483,14.427573530540851,99
CapturedFrames_-4.0_1.0_-2.0,LEFT_ELBOW,-42.905166882996326,16.859223017817765,84
CapturedFrames_-4.0_1.0_-2.0,RIGHT_ELBOW,42.02876333811765,14.850785851234107,84
CapturedFrames_-4.0_1.0_-3.0,LEFT_ELBOW,-44.96625626900664,15.083676117288352,60
CapturedFrames_-4.0_1.0_-3.0,RIGHT_ELBOW,41.27410810486278,14.691538173923808,60
CapturedFrames_-4.0_1.0_-4.0,LEFT_ELBOW,-42.50040203984966,12.754394000806805,42
CapturedFrames_-4.0_1.0_-4.0,RIGHT_ELBOW,39.51004113281173,13.054562199970396,42
CapturedFrames_-4.0_1.0_-5.0,LEFT_ELBOW,-37.91138490658648,10.553240799253672,28
CapturedFrames_-4.0_1.0_-5.0,RIGHT_ELBOW,37.68650921914686,14.758372780540238,28
CapturedFrames_-4.0_1.0_-6.0,LEFT_ELBOW,-40.09407404284872,5.185161852556731,7
CapturedFrames_-4.0_1.0_-6.0,RIGHT_ELBOW,45.37585787843914,3.3173680588556977,7
CapturedFrames_-4.0_1.0_0.0,LEFT_ELBOW,-52.22546130763382,20.960396706229155,105
CapturedFrames_-4.0_1.0_0.0,RIGHT_ELBOW,54.004006236123296,14.624273559714497,105
CapturedFrames_-4.0_1.0_1.0,LEFT_ELBOW,-57.680454531419436,19.902604169894165,104
CapturedFrames_-4.0_1.0_1.0,RIGHT_ELBOW,59.23004794738074,13.003340815150825,104
CapturedFrames_-4.0_1.0_2.0,LEFT_ELBOW,-54.912336803501546,17.088705513987932,64
CapturedFrames_-4.0_1.0_2.0,RIGHT_ELBOW,60.479072609198695,11.918682842583022,64
CapturedFrames_-4.0_1.0_3.0,LEFT_ELBOW,-58.309030132024894,15.884362301303465,40
CapturedFrames_-4.0_1.0_3.0,RIGHT_ELBOW,66.34496319331333,11.261237353203837,40
CapturedFrames_-4.0_1.0_4.0,LEFT_ELBOW,-62.266485256903636,13.531986980243389,31
CapturedFrames_-4.0_1.0_4.0,RIGHT_ELBOW,68.39579739903064,13.151063954550901,31
CapturedFrames_-4.0_1.0_5.0,LEFT_ELBOW,-68.08810873391609,9.57087677123237,16
CapturedFrames_-4.0_1.0_5.0,RIGHT_ELBOW,73.05213887870867,13.089117939931953,16
CapturedFrames_-4.0_1.0_6.0,LEFT_ELBOW,-77.64368821075281,2.728293279106883,4
CapturedFrames_-4.0_1.0_6.0,RIGHT_ELBOW,83.99605470945328,1.8041763486326352,4
CapturedFrames_-4.0_1.5_-1.0,LEFT_ELBOW,-46.14601963349121,20.42496633683081,99
CapturedFrames_-4.0_1.5_-1.0,RIGHT_ELBOW,46.98719207515198,12.178114985001907,99
CapturedFrames_-4.0_1.5_-2.0,LEFT_ELBOW,-45.174443078125414,18.152197913989596,88
CapturedFrames_-4.0_1.5_-2.0,RIGHT_ELBOW,43.19377287968043,13.36251627504886,88
CapturedFrames_-4.0_1.5_-3.0,LEFT_ELBOW,-39.685882446990554,12.30516098436144,48
CapturedFrames_-4.0_1.5_-3.0,RIGHT_ELBOW,35.71941805442534,13.08282691732727,48
CapturedFrames_-4.0_1.5_-4.0,LEFT_ELBOW,-44.37257258271921,13.113020621080505,42
CapturedFrames_-4.0_1.5_-4.0,RIGHT_ELBOW,40.90026757969568,12.700377150945753,42
CapturedFrames_-4.0_1.5_-5.0,LEFT_ELBOW,-41.596365720155255,9.096066119356433,27
CapturedFrames_-4.0_1.5_-5.0,RIGHT_ELBOW,37.65075228516098,12.340068324643298,27
CapturedFrames_-4.0_1.5_-6.0,LEFT_ELBOW,-40.882208107931014,3.8920936960882653,6
CapturedFrames_-4.0_1.5_-6.0,RIGHT_ELBOW,46.49191914580327,4.886563756841087,6
CapturedFrames_-4.0_1.5_0.0,LEFT_ELBOW,-53.377085918915206,22.91659824246563,105
CapturedFrames_-4.0_1.5_0.0,RIGHT_ELBOW,53.27368645711052,12.656462682941507,105
CapturedFrames_-4.0_1.5_1.0,LEFT_ELBOW,-58.3055589573998,21.190589513919264,104
CapturedFrames_-4.0_1.5_1.0,RIGHT_ELBOW,58.933238611072525,10.745074165543768,104
CapturedFrames_-4.0_1.5_2.0,LEFT_ELBOW,-55.25013518029437,17.83974340082676,65
CapturedFrames_-4.0_1.5_2.0,RIGHT_ELBOW,61.4070597472983,11.19010511082267,65
CapturedFrames_-4.0_1.5_3.0,LEFT_ELBOW,-57.86976621018895,16.25049057666596,40
CapturedFrames_-4.0_1.5_3.0,RIGHT_ELBOW,66.83786108713385,9.462849691504466,40
CapturedFrames_-4.0_1.5_4.0,LEFT_ELBOW,-59.76629198103337,13.63878220420495,27
CapturedFrames_-4.0_1.5_4.0,RIGHT_ELBOW,66.57658728744414,10.932801591249723,27
CapturedFrames_-4.0_1.5_5.0,LEFT_ELBOW,-69.90585411761928,6.038587255588515,14
CapturedFrames_-4.0_1.5_5.0,RIGHT_ELBOW,76.06646493180777,9.355742468666623,14
CapturedFrames_-4.0_1.5_6.0,LEFT_ELBOW,-75.93771447989585,2.2358240470439164,4
CapturedFrames_-4.0_1.5_6.0,RIGHT_ELBOW,81.88498374642552,0.6653281699850238,4
CapturedFrames_-4.0_2.0_-1.0,LEFT_ELBOW,-50.50012556093268,24.137689392382907,99
CapturedFrames_-4.0_2.0_-1.0,RIGHT_ELBOW,44.28044787509435,20.458845973058025,99
CapturedFrames_-4.0_2.0_-2.0,LEFT_ELBOW,-50.05720850421887,20.135378988618402,77
CapturedFrames_-4.0_2.0_-2.0,RIGHT_ELBOW,43.40058555153833,12.22192317390686,77
CapturedFrames_-4.0_2.0_-3.0,LEFT_ELBOW,-49.15334481056328,16.253833161583675,62
CapturedFrames_-4.0_2.0_-3.0,RIGHT_ELBOW,41.07822986912502,12.63783146545976,62
CapturedFrames_-4.0_2.0_-4.0,LEFT_ELBOW,-47.5769276369057,13.123726716617787,40
CapturedFrames_-4.0_2.0_-4.0,RIGHT_ELBOW,40.172224815688885,13.088504387356057,40
CapturedFrames_-4.0_2.0_-5.0,LEFT_ELBOW,-46.829779275347136,5.6813421898916445,23
CapturedFrames_-4.0_2.0_-5.0,RIGHT_ELBOW,47.23124271365201,7.153203069103482,23
CapturedFrames_-4.0_2.0_-6.0,LEFT_ELBOW,-42.054223572838474,5.401273668135334,7
CapturedFrames_-4.0_2.0_-6.0,RIGHT_ELBOW,41.758909535480974,7.213677456285907,7
CapturedFrames_-4.0_2.0_0.0,LEFT_ELBOW,-54.4008144485626,23.95849948907455,105
CapturedFrames_-4.0_2.0_0.0,RIGHT_ELBOW,51.8674022912109,10.2618881090598,105
CapturedFrames_-4.0_2.0_1.0,LEFT_ELBOW,-58.953822414926016,22.335553501341252,104
CapturedFrames_-4.0_2.0_1.0,RIGHT_ELBOW,57.31253903006018,9.587030291381083,104
CapturedFrames_-4.0_2.0_2.0,LEFT_ELBOW,-55.74175721459089,18.96524416124036,68
CapturedFrames_-4.0_2.0_2.0,RIGHT_ELBOW,60.09895802936902,10.316006563019368,68
CapturedFrames_-4.0_2.0_3.0,LEFT_ELBOW,-58.20844774575633,17.13635753662818,44
CapturedFrames_-4.0_2.0_3.0,RIGHT_ELBOW,64.75500133579597,9.397920640517452,44
CapturedFrames_-4.0_2.0_4.0,LEFT_ELBOW,-62.61134580575727,13.523802775103366,35
CapturedFrames_-4.0_2.0_4.0,RIGHT_ELBOW,68.0356504829992,10.258778324708837,35
CapturedFrames_-4.0_2.0_5.0,LEFT_ELBOW,-69.32846403614836,8.568757493348592,14
CapturedFrames_-4.0_2.0_5.0,RIGHT_ELBOW,72.42981261244408,7.814463360164496,14
CapturedFrames_-4.0_2.0_6.0,LEFT_ELBOW,-73.72807315029316,3.387714682473492,3
CapturedFrames_-4.0_2.0_6.0,RIGHT_ELBOW,78.76803102723561,0.8016042805383135,3
CapturedFrames_-5.0_0.5_-1.0,LEFT_ELBOW,-48.97574165525662,16.154062281484233,89
CapturedFrames_-5.0_0.5_-1.0,RIGHT_ELBOW,50.17912288316737,15.867577951680442,89
CapturedFrames_-5.0_0.5_-2.0,LEFT_ELBOW,-49.27497351449742,14.397233529634764,64
CapturedFrames_-5.0_0.5_-2.0,RIGHT_ELBOW,48.33324737555941,15.061643207157342,64
CapturedFrames_-5.0_0.5_-3.0,LEFT_ELBOW,-48.42066443695585,12.548297759224353,42
CapturedFrames_-5.0_0.5_-3.0,RIGHT_ELBOW,48.03119543199261,13.528618482696624,42
CapturedFrames_-5.0_0.5_-4.0,LEFT_ELBOW,-46.23306016657028,12.539693260726706,36
CapturedFrames_-5.0_0.5_-4.0,RIGHT_ELBOW,43.02718630208902,12.566103754991392,36
CapturedFrames_-5.0_0.5_-5.0,LEFT_ELBOW,-51.81873444431432,5.647258618131346,11
CapturedFrames_-5.0_0.5_-5.0,RIGHT_ELBOW,51.63898076379792,2.829707077499138,11
CapturedFrames_-5.0_0.5_-6.0,LEFT_ELBOW,-53.74161396544847,,1
CapturedFrames_-5.0_0.5_-6.0,RIGHT_ELBOW,45.923427123396166,,1
CapturedFrames_-5.0_0.5_0.0,LEFT_ELBOW,-50.61375648560919,16.3476992380721,94
CapturedFrames_-5.0_0.5_0.0,RIGHT_ELBOW,52.738689965074464,15.571795645858028,94
CapturedFrames_-5.0_0.5_1.0,LEFT_ELBOW,-47.9844660442263,15.103035759497095,63
CapturedFrames_-5.0_0.5_1.0,RIGHT_ELBOW,53.041598793330806,14.401870722032381,63
CapturedFrames_-5.0_0.5_2.0,LEFT_ELBOW,-49.499617125321485,14.49061412815825,46
CapturedFrames_-5.0_0.5_2.0,RIGHT_ELBOW,56.63096188593093,13.033916369902974,46
CapturedFrames_-5.0_0.5_3.0,LEFT_ELBOW,-48.2892256932492,13.481273375913663,24
CapturedFrames_-5.0_0.5_3.0,RIGHT_ELBOW,59.40645015100964,11.258464629176505,24
CapturedFrames_-5.0_0.5_4.0,LEFT_ELBOW,-54.5604965387527,15.901638152241464,16
CapturedFrames_-5.0_0.5_4.0,RIGHT_ELBOW,65.49186685661792,13.008655403529605,16
CapturedFrames_-5.0_0.5_5.0,LEFT_ELBOW,-60.439014814719606,11.694689669203596,7
CapturedFrames_-5.0_0.5_5.0,RIGHT_ELBOW,66.75062775608487,13.900307064005752,7
CapturedFrames_-5.0_1.0_-1.0,LEFT_ELBOW,-48.61095016327467,17.39769583274098,87
CapturedFrames_-5.0_1.0_-1.0,RIGHT_ELBOW,49.51504007145677,14.457075859335474,87
CapturedFrames_-5.0_1.0_-2.0,LEFT_ELBOW,-49.87334585020201,15.508735958354144,59
CapturedFrames_-5.0_1.0_-2.0,RIGHT_ELBOW,48.098454532102,14.340969800791354,59
CapturedFrames_-5.0_1.0_-3.0,LEFT_ELBOW,-49.37784414200081,14.29415429590711,36
CapturedFrames_-5.0_1.0_-3.0,RIGHT_ELBOW,45.989471562012035,13.621623263654541,36
CapturedFrames_-5.0_1.0_-4.0,LEFT_ELBOW,-46.83236298652525,12.967284416236598,26
CapturedFrames_-5.0_1.0_-4.0,RIGHT_ELBOW,43.06333811806986,14.479108717607955,26
CapturedFrames_-5.0_1.0_-5.0,LEFT_ELBOW,-53.30626342954607,1.2599392990718974,5
CapturedFrames_-5.0_1.0_-5.0,RIGHT_ELBOW,52.39817672372452,2.0079744557998342,5
CapturedFrames_-5.0_1.0_0.0,LEFT_ELBOW,-49.50542977963226,18.352088424795888,86
CapturedFrames_-5.0_1.0_0.0,RIGHT_ELBOW,52.71723235014135,14.740959131696604,86
CapturedFrames_-5.0_1.0_1.0,LEFT_ELBOW,-48.37014394745422,16.10499246014364,58
CapturedFrames_-5.0_1.0_1.0,RIGHT_ELBOW,54.419216611732935,12.855243699136585,58
CapturedFrames_-5.0_1.0_2.0,LEFT_ELBOW,-50.01566583800183,14.350714409533461,42
CapturedFrames_-5.0_1.0_2.0,RIGHT_ELBOW,57.25628370787539,13.276253431848529,42
CapturedFrames_-5.0_1.0_3.0,LEFT_ELBOW,-52.47147198317387,14.208098060192516,32
CapturedFrames_-5.0_1.0_3.0,RIGHT_ELBOW,62.589078796428986,10.979123130268048,32
CapturedFrames_-5.0_1.0_4.0,LEFT_ELBOW,-56.16045375405473,13.640773848553918,14
CapturedFrames_-5.0_1.0_4.0,RIGHT_ELBOW,66.91063874100055,10.927000090446676,14
CapturedFrames_-5.0_1.0_5.0,LEFT_ELBOW,-68.35292698059565,9.722211984457557,4
CapturedFrames_-5.0_1.0_5.0,RIGHT_ELBOW,71.76348225821985,11.395336869665757,4
CapturedFrames_-5.0_1.5_-1.0,LEFT_ELBOW,-49.2182960320394,16.50952872637881,90
CapturedFrames_-5.0_1.5_-1.0,RIGHT_ELBOW,49.00434793980931,12.270983674644414,90
CapturedFrames_-5.0_1.5_-2.0,LEFT_ELBOW,-51.78306713674327,15.386699539253039,57
CapturedFrames_-5.0_1.5_-2.0,RIGHT_ELBOW,46.03138478343522,12.743809342400695,57
CapturedFrames_-5.0_1.5_-3.0,LEFT_ELBOW,-51.029760792946284,14.102628243513243,33
CapturedFrames_-5.0_1.5_-3.0,RIGHT_ELBOW,44.88152757007206,13.225315549427746,33
CapturedFrames_-5.0_1.5_-4.0,LEFT_ELBOW,-49.00643714858864,12.235557612823632,26
CapturedFrames_-5.0_1.5_-4.0,RIGHT_ELBOW,41.95656920348295,12.966871183639702,26
CapturedFrames_-5.0_1.5_-5.0,LEFT_ELBOW,-50.76766712844216,4.4479827699760754,7
CapturedFrames_-5.0_1.5_-5.0,RIGHT_ELBOW,52.42240194939585,2.1820317390802617,7
CapturedFrames_-5.0_1.5_0.0,LEFT_ELBOW,-51.16037255334025,17.487368031402287,87
CapturedFrames_-5.0_1.5_0.0,RIGHT_ELBOW,52.23219176316099,12.080751938823767,87
CapturedFrames_-5.0_1.5_1.0,LEFT_ELBOW,-50.42481106333999,16.61311823941131,63
CapturedFrames_-5.0_1.5_1.0,RIGHT_ELBOW,55.09008793397554,11.612164235537032,63
CapturedFrames_-5.0_1.5_2.0,LEFT_ELBOW,-49.193022558511124,14.32871094427661,36
CapturedFrames_-5.0_1.5_2.0,RIGHT_ELBOW,57.50495163334967,11.524658218964522,36
CapturedFrames_-5.0_1.5_3.0,LEFT_ELBOW,-51.94509331881903,14.237269126407343,28
CapturedFrames_-5.0_1.5_3.0,RIGHT_ELBOW,61.68143772096881,9.88922639577988,28
CapturedFrames_-5.0_1.5_4.0,LEFT_ELBOW,-61.518539785969686,9.329880084586026,12
CapturedFrames_-5.0_1.5_4.0,RIGHT_ELBOW,70.80948187504076,8.769733425795788,12
CapturedFrames_-5.0_1.5_5.0,LEFT_ELBOW,-69.6378166700112,2.1202316052304,5
CapturedFrames_-5.0_1.5_5.0,RIGHT_ELBOW,76.75401196911334,2.73585973329765,5
CapturedFrames_-5.0_2.0_-1.0,LEFT_ELBOW,-50.08173389625696,19.60368336683404,70
CapturedFrames_-5.0_2.0_-1.0,RIGHT_ELBOW,47.489325829148825,11.685125897111623,70
CapturedFrames_-5.0_2.0_-2.0,LEFT_ELBOW,-52.90532824395962,15.729784144004109,54
CapturedFrames_-5.0_2.0_-2.0,RIGHT_ELBOW,45.45927149837891,10.752189668172289,54
CapturedFrames_-5.0_2.0_-3.0,LEFT_ELBOW,-53.41528516985924,13.126976173280475,35
CapturedFrames_-5.0_2.0_-3.0,RIGHT_ELBOW,43.95378322501455,10.191354002804209,35
CapturedFrames_-5.0_2.0_-4.0,LEFT_ELBOW,-51.43230953360359,12.850772801709999,14
CapturedFrames_-5.0_2.0_-4.0,RIGHT_ELBOW,42.56566870239174,12.545326153938992,14
CapturedFrames_-5.0_2.0_-5.0,LEFT_ELBOW,-50.30006605348381,,1
CapturedFrames_-5.0_2.0_-5.0,RIGHT_ELBOW,55.4140627672902,,1
CapturedFrames_-5.0_2.0_-6.0,LEFT_ELBOW,-40.7037718636435,,1
CapturedFrames_-5.0_2.0_-6.0,RIGHT_ELBOW,48.92277623194854,,1
CapturedFrames_-5.0_2.0_0.0,LEFT_ELBOW,-53.00612652091574,19.089463358193264,82
CapturedFrames_-5.0_2.0_0.0,RIGHT_ELBOW,51.70698311812014,10.24752710377433,82
CapturedFrames_-5.0_2.0_1.0,LEFT_ELBOW,-50.49041670049718,16.858459784946767,53
CapturedFrames_-5.0_2.0_1.0,RIGHT_ELBOW,54.86793670724916,9.944562837370418,53
CapturedFrames_-5.0_2.0_2.0,LEFT_ELBOW,-45.680434137732746,15.69031397777952,33
CapturedFrames_-5.0_2.0_2.0,RIGHT_ELBOW,54.45314723656509,11.471173971761568,33
CapturedFrames_-5.0_2.0_3.0,LEFT_ELBOW,-48.201805220095046,15.23340792147609,27
CapturedFrames_-5.0_2.0_3.0,RIGHT_ELBOW,61.38670677320491,9.100639537163582,27
CapturedFrames_-5.0_2.0_4.0,LEFT_ELBOW,-48.768409166590104,15.555203293949523,14
CapturedFrames_-5.0_2.0_4.0,RIGHT_ELBOW,62.01010847144869,9.519097417503954,14
CapturedFrames_-6.0_0.5_-1.0,LEFT_ELBOW,-51.70302442594398,16.408454912388382,11
CapturedFrames_-6.0_0.5_-1.0,RIGHT_ELBOW,52.41069773889479,17.3016537933137,11
CapturedFrames_-6.0_0.5_-2.0,LEFT_ELBOW,-53.83325324702693,16.679382965697126,12
CapturedFrames_-6.0_0.5_-2.0,RIGHT_ELBOW,55.03325599171641,18.59075020038863,12
CapturedFrames_-6.0_0.5_-3.0,LEFT_ELBOW,-52.896912932927755,14.943171270400887,14
CapturedFrames_-6.0_0.5_-3.0,RIGHT_ELBOW,51.36982864951414,18.18786696690807,14
CapturedFrames_-6.0_0.5_-4.0,LEFT_ELBOW,-55.39490180796475,3.359292411172255,6
CapturedFrames_-6.0_0.5_-4.0,RIGHT_ELBOW,58.120196925809715,2.124072777638254,6
CapturedFrames_-6.0_0.5_-5.0,LEFT_ELBOW,-55.5772315378765,2.3029726805297455,2
CapturedFrames_-6.0_0.5_-5.0,RIGHT_ELBOW,54.736846762693176,3.762939263373849,2
CapturedFrames_-6.0_0.5_0.0,LEFT_ELBOW,-42.534268855377114,14.062449485356188,14
CapturedFrames_-6.0_0.5_0.0,RIGHT_ELBOW,42.53597047598654,12.323032968455673,14
CapturedFrames_-6.0_0.5_1.0,LEFT_ELBOW,-44.85119359768692,14.78340215821384,16
CapturedFrames_-6.0_0.5_1.0,RIGHT_ELBOW,48.04227370831333,13.042955049762435,16
CapturedFrames_-6.0_0.5_2.0,LEFT_ELBOW,-43.6110599372965,13.166996866809379,11
CapturedFrames_-6.0_0.5_2.0,RIGHT_ELBOW,51.908671185697706,16.69843132172735,11
CapturedFrames_-6.0_0.5_3.0,LEFT_ELBOW,-62.708776850732114,3.6972743300637685,4
CapturedFrames_-6.0_0.5_3.0,RIGHT_ELBOW,70.25464956619409,3.973007144343682,4
CapturedFrames_-6.0_0.5_4.0,LEFT_ELBOW,-63.424962776765895,,1
CapturedFrames_-6.0_0.5_4.0,RIGHT_ELBOW,75.48802319368279,,1
CapturedFrames_-6.0_1.0_-1.0,LEFT_ELBOW,-50.9449479977147,19.558625237797305,10
CapturedFrames_-6.0_1.0_-1.0,RIGHT_ELBOW,50.933589185858736,19.48479733054072,10
CapturedFrames_-6.0_1.0_-2.0,LEFT_ELBOW,-57.84825225661626,13.813862171712488,14
CapturedFrames_-6.0_1.0_-2.0,RIGHT_ELBOW,57.27733698888061,15.25797235687911,14
CapturedFrames_-6.0_1.0_-3.0,LEFT_ELBOW,-55.81377440650448,11.15830704026433,10
CapturedFrames_-6.0_1.0_-3.0,RIGHT_ELBOW,55.89459919594428,12.409730014189092,10
CapturedFrames_-6.0_1.0_-4.0,LEFT_ELBOW,-63.10243198294496,1.9879288917891014,3
CapturedFrames_-6.0_1.0_-4.0,RIGHT_ELBOW,55.68133136244023,2.4905578962853756,3
CapturedFrames_-6.0_1.0_-5.0,LEFT_ELBOW,-56.57143708295428,,1
CapturedFrames_-6.0_1.0_-5.0,RIGHT_ELBOW,55.24556017016437,,1
CapturedFrames_-6.0_1.0_0.0,LEFT_ELBOW,-44.39241724743809,13.517282471563881,18
CapturedFrames_-6.0_1.0_0.0,RIGHT_ELBOW,48.913680284080925,11.519875238245522,18
CapturedFrames_-6.0_1.0_1.0,LEFT_ELBOW,-44.69866016259662,13.805858215520026,24
CapturedFrames_-6.0_1.0_1.0,RIGHT_ELBOW,50.19480193053582,12.828452639744892,24
CapturedFrames_-6.0_1.0_2.0,LEFT_ELBOW,-46.95520555227699,14.109191955362517,15
CapturedFrames_-6.0_1.0_2.0,RIGHT_ELBOW,55.39106937551095,14.009327498298742,15
CapturedFrames_-6.0_1.0_3.0,LEFT_ELBOW,-58.06529454571131,10.932624570318922,8
CapturedFrames_-6.0_1.0_3.0,RIGHT_ELBOW,67.86226508405348,5.664411633926308,8
CapturedFrames_-6.0_1.0_4.0,LEFT_ELBOW,-60.87715113799602,4.215704461479922,4
CapturedFrames_-6.0_1.0_4.0,RIGHT_ELBOW,72.26009930790289,1.67614185468413,4
CapturedFrames_-6.0_1.5_-1.0,LEFT_ELBOW,-74.15641641998928,,1
CapturedFrames_-6.0_1.5_-1.0,RIGHT_ELBOW,73.17890802625818,,1
CapturedFrames_-6.0_1.5_-2.0,LEFT_ELBOW,-68.09112285947667,0.9744033040646017,3
CapturedFrames_-6.0_1.5_-2.0,RIGHT_ELBOW,65.95289111643915,1.0334281358060384,3
CapturedFrames_-6.0_1.5_-3.0,LEFT_ELBOW,-55.59989445616366,11.537864708996567,6
CapturedFrames_-6.0_1.5_-3.0,RIGHT_ELBOW,52.05431221265922,10.743822715650294,6
CapturedFrames_-6.0_1.5_0.0,LEFT_ELBOW,-38.42528677621362,11.768756521077373,5
CapturedFrames_-6.0_1.5_0.0,RIGHT_ELBOW,41.42934082927532,8.966705214160609,5
CapturedFrames_-6.0_1.5_1.0,LEFT_ELBOW,-48.297616656682145,2.1636447194121056,5
CapturedFrames_-6.0_1.5_1.0,RIGHT_ELBOW,59.2248018119364,2.287483212884679,5
CapturedFrames_-6.0_1.5_2.0,LEFT_ELBOW,-57.28449259593135,2.555667447209404,4
CapturedFrames_-6.0_1.5_2.0,RIGHT_ELBOW,62.73629070665598,2.2676745052918523,4
CapturedFrames_-6.0_1.5_3.0,LEFT_ELBOW,-58.477722751446095,3.3014300864800203,4
CapturedFrames_-6.0_1.5_3.0,RIGHT_ELBOW,67.0594219921632,3.949069581509597,4
CapturedFrames_-6.0_2.0_-1.0,LEFT_ELBOW,-46.67245474059303,21.09558069448778,7
CapturedFrames_-6.0_2.0_-1.0,RIGHT_ELBOW,44.03425053723702,15.705083713981601,7
CapturedFrames_-6.0_2.0_-2.0,LEFT_ELBOW,-70.49028123329121,1.6217361998291102,2
CapturedFrames_-6.0_2.0_-2.0,RIGHT_ELBOW,61.2024046844239,3.480005154342932,2
CapturedFrames_-6.0_2.0_-3.0,LEFT_ELBOW,-54.39409819950957,13.957829882866946,8
CapturedFrames_-6.0_2.0_-3.0,RIGHT_ELBOW,45.372168746039264,9.176203103720942,8
CapturedFrames_-6.0_2.0_0.0,LEFT_ELBOW,-35.86618830410135,9.80646677921207,11
CapturedFrames_-6.0_2.0_0.0,RIGHT_ELBOW,45.08417438856818,8.42530972942207,11
CapturedFrames_-6.0_2.0_1.0,LEFT_ELBOW,-41.28808546692295,10.93427444742857,16
CapturedFrames_-6.0_2.0_1.0,RIGHT_ELBOW,49.80926477879092,8.656986051533906,16
CapturedFrames_-6.0_2.0_2.0,LEFT_ELBOW,-34.829243346264164,10.327063573050603,10
CapturedFrames_-6.0_2.0_2.0,RIGHT_ELBOW,50.47466514067624,7.451460122653835,10
CapturedFrames_-6.0_2.0_3.0,LEFT_ELBOW,-43.16659232154351,16.155869448888847,5
CapturedFrames_-6.0_2.0_3.0,RIGHT_ELBOW,60.43440555527743,8.579299486656325,5
CapturedFrames_0.0_0.5_-3.0,LEFT_ELBOW,5.042970548767087,51.03333014087298,65
CapturedFrames_0.0_0.5_-3.0,RIGHT_ELBOW,-3.262812831521705,49.073660892833765,65
CapturedFrames_0.0_0.5_-4.0,LEFT_ELBOW,-8.9699978877712,35.875728495162846,55
CapturedFrames_0.0_0.5_-4.0,RIGHT_ELBOW,10.428328103459105,34.36815262674451,55
CapturedFrames_0.0_0.5_-5.0,LEFT_ELBOW,-18.523616098541062,3.2701389981256512,50
CapturedFrames_0.0_0.5_-5.0,RIGHT_ELBOW,17.606795426650162,4.242066572604929,50
CapturedFrames_0.0_0.5_-6.0,LEFT_ELBOW,-18.296965199256285,2.9163736429392917,34
CapturedFrames_0.0_0.5_-6.0,RIGHT_ELBOW,18.887487276460668,3.82901927406286,34
CapturedFrames_0.0_0.5_3.0,LEFT_ELBOW,-64.95658962289137,40.4243255310699,58
CapturedFrames_0.0_0.5_3.0,RIGHT_ELBOW,68.54131982180583,42.15490942091759,58
CapturedFrames_0.0_0.5_4.0,LEFT_ELBOW,-75.32108181602536,10.944517250643822,48
CapturedFrames_0.0_0.5_4.0,RIGHT_ELBOW,82.1841226605661,6.662478378337025,48
CapturedFrames_0.0_0.5_5.0,LEFT_ELBOW,-78.4956493674819,3.7727499810562195,39
CapturedFrames_0.0_0.5_5.0,RIGHT_ELBOW,82.7191556434818,3.705437010273349,39
CapturedFrames_0.0_0.5_6.0,LEFT_ELBOW,-76.93171720195568,3.0689427647328453,20
CapturedFrames_0.0_0.5_6.0,RIGHT_ELBOW,82.78353053513891,4.517219626845399,20
CapturedFrames_0.0_1.0_-3.0,LEFT_ELBOW,-16.042259862363842,24.417126225801624,59
CapturedFrames_0.0_1.0_-3.0,RIGHT_ELBOW,18.754214702893115,14.62745415223912,59
CapturedFrames_0.0_1.0_-4.0,LEFT_ELBOW,-19.399706280168637,3.2336765449636764,72
CapturedFrames_0.0_1.0_-4.0,RIGHT_ELBOW,21.095007491082683,2.5402842430513273,72
CapturedFrames_0.0_1.0_-5.0,LEFT_ELBOW,-19.735832730396403,2.902051148665761,48
CapturedFrames_0.0_1.0_-5.0,RIGHT_ELBOW,19.962870879962264,2.136466868423061,48
CapturedFrames_0.0_1.0_-6.0,LEFT_ELBOW,-19.527748242023637,2.9031496511553527,27
CapturedFrames_0.0_1.0_-6.0,RIGHT_ELBOW,20.746654871590113,2.7210531154494615,27
CapturedFrames_0.0_1.0_3.0,LEFT_ELBOW,-71.64545366779411,22.324071226788213,46
CapturedFrames_0.0_1.0_3.0,RIGHT_ELBOW,75.3618746069626,19.17841066856312,46
CapturedFrames_0.0_1.0_4.0,LEFT_ELBOW,-75.15444158694318,13.883162013689907,61
CapturedFrames_0.0_1.0_4.0,RIGHT_ELBOW,79.5001655463881,9.93114453760731,61
CapturedFrames_0.0_1.0_5.0,LEFT_ELBOW,-78.76999213640354,4.602019268587669,36
CapturedFrames_0.0_1.0_5.0,RIGHT_ELBOW,82.46491996077515,3.87557519690852,36
CapturedFrames_0.0_1.0_6.0,LEFT_ELBOW,-76.90176279641632,3.768425313221347,21
CapturedFrames_0.0_1.0_6.0,RIGHT_ELBOW,83.12765751373362,3.8957208984940164,21
CapturedFrames_0.0_1.5_-3.0,LEFT_ELBOW,-5.204714417734368,46.0267345415928,76
CapturedFrames_0.0_1.5_-3.0,RIGHT_ELBOW,7.292615743033167,42.66283693224425,76
CapturedFrames_0.0_1.5_-4.0,LEFT_ELBOW,-19.250111059411903,8.965947393826854,69
CapturedFrames_0.0_1.5_-4.0,RIGHT_ELBOW,21.996785121490497,6.197949177442568,69
CapturedFrames_0.0_1.5_-5.0,LEFT_ELBOW,-20.333659573943034,2.840871889400405,50
CapturedFrames_0.0_1.5_-5.0,RIGHT_ELBOW,22.404338246513944,1.9534139319752757,50
CapturedFrames_0.0_1.5_-6.0,LEFT_ELBOW,-21.07200000322085,2.9524344663871482,29
CapturedFrames_0.0_1.5_-6.0,RIGHT_ELBOW,21.785862847372094,2.3863395025461314,29
CapturedFrames_0.0_1.5_3.0,LEFT_ELBOW,-81.90562646221606,8.110638128766281,74
CapturedFrames_0.0_1.5_3.0,RIGHT_ELBOW,81.36732714887688,6.0432506065629505,74
CapturedFrames_0.0_1.5_4.0,LEFT_ELBOW,-79.15210295131628,4.797880311974316,61
CapturedFrames_0.0_1.5_4.0,RIGHT_ELBOW,81.45715166751609,4.419012207465359,61
CapturedFrames_0.0_1.5_5.0,LEFT_ELBOW,-78.12498163649518,4.185979755478668,35
CapturedFrames_0.0_1.5_5.0,RIGHT_ELBOW,81.15791750743503,4.14437656210649,35
CapturedFrames_0.0_1.5_6.0,LEFT_ELBOW,-78.45599578092234,4.520900716982804,25
CapturedFrames_0.0_1.5_6.0,RIGHT_ELBOW,81.07047321411287,3.895950062285643,25
CapturedFrames_0.0_2.0_-3.0,LEFT_ELBOW,-20.52705241906831,21.732315713958446,71
CapturedFrames_0.0_2.0_-3.0,RIGHT_ELBOW,21.631480028172213,18.92725344886635,71
CapturedFrames_0.0_2.0_-4.0,LEFT_ELBOW,-18.96857319774577,5.5160042445116995,70
CapturedFrames_0.0_2.0_-4.0,RIGHT_ELBOW,22.960299033952964,3.8724922912462008,70
CapturedFrames_0.0_2.0_-5.0,LEFT_ELBOW,-20.050580038431836,3.71475309413636,53
CapturedFrames_0.0_2.0_-5.0,RIGHT_ELBOW,23.05263981485985,3.1483459459126197,53
CapturedFrames_0.0_2.0_-6.0,LEFT_ELBOW,-20.260370581406818,2.9161758915395706,23
CapturedFrames_0.0_2.0_-6.0,RIGHT_ELBOW,22.65347440043791,2.5654865390256627,23
CapturedFrames_0.0_2.0_3.0,LEFT_ELBOW,-82.70218793274582,10.752110375115636,77
CapturedFrames_0.0_2.0_3.0,RIGHT_ELBOW,80.05181668971456,10.872496298919518,77
CapturedFrames_0.0_2.0_4.0,LEFT_ELBOW,-81.12063777504785,6.516318691472993,63
CapturedFrames_0.0_2.0_4.0,RIGHT_ELBOW,83.67129545423096,7.064478842964528,63
CapturedFrames_0.0_2.0_5.0,LEFT_ELBOW,-79.167454594575,5.621430762950588,38
CapturedFrames_0.0_2.0_5.0,RIGHT_ELBOW,82.20665632273071,5.9198688426469985,38
CapturedFrames_0.0_2.0_6.0,LEFT_ELBOW,-77.26567457338749,5.442661092093322,19
CapturedFrames_0.0_2.0_6.0,RIGHT_ELBOW,83.12311179478662,4.284513416951655,19
CapturedFrames_1.0_0.5_-3.0,LEFT_ELBOW,-28.88793401955833,28.865277896756307,57
CapturedFrames_1.0_0.5_-3.0,RIGHT_ELBOW,24.924858227522005,15.194580272708048,57
CapturedFrames_1.0_0.5_-4.0,LEFT_ELBOW,-15.39353252658031,38.5063993728475,58
CapturedFrames_1.0_0.5_-4.0,RIGHT_ELBOW,17.18933666455513,33.60916984784401,58
CapturedFrames_1.0_0.5_-5.0,LEFT_ELBOW,-20.890746985229217,5.25780881720184,48
CapturedFrames_1.0_0.5_-5.0,RIGHT_ELBOW,20.01810386663856,6.380494504353338,48
CapturedFrames_1.0_0.5_-6.0,LEFT_ELBOW,-19.980853773918106,4.727563745936463,26
CapturedFrames_1.0_0.5_-6.0,RIGHT_ELBOW,20.288722338135024,6.739279835737204,26
CapturedFrames_1.0_0.5_3.0,LEFT_ELBOW,-58.56189742348429,36.18574202702856,60
CapturedFrames_1.0_0.5_3.0,RIGHT_ELBOW,73.27680202225591,33.167933667924956,60
CapturedFrames_1.0_0.5_4.0,LEFT_ELBOW,-69.05994210205678,17.72431902667949,52
CapturedFrames_1.0_0.5_4.0,RIGHT_ELBOW,78.9163470664598,11.333628380502695,52
CapturedFrames_1.0_0.5_5.0,LEFT_ELBOW,-73.2105045602762,9.773596514348979,39
CapturedFrames_1.0_0.5_5.0,RIGHT_ELBOW,80.60927313742853,6.899503464556411,39
CapturedFrames_1.0_0.5_6.0,LEFT_ELBOW,-71.01753256321794,8.297520166544565,15
CapturedFrames_1.0_0.5_6.0,RIGHT_ELBOW,79.82736999414392,6.018538004892684,15
CapturedFrames_1.0_1.0_-3.0,LEFT_ELBOW,-30.33874168186394,24.271402024372346,65
CapturedFrames_1.0_1.0_-3.0,RIGHT_ELBOW,22.423588505785023,15.311672767688025,65
CapturedFrames_1.0_1.0_-4.0,LEFT_ELBOW,-23.10767167164563,9.421054535609557,65
CapturedFrames_1.0_1.0_-4.0,RIGHT_ELBOW,25.06391740993302,5.304949735841784,65
CapturedFrames_1.0_1.0_-5.0,LEFT_ELBOW,-22.04706159446123,5.338008169490141,46
CapturedFrames_1.0_1.0_-5.0,RIGHT_ELBOW,22.12834478147993,5.009661721987931,46
CapturedFrames_1.0_1.0_-6.0,LEFT_ELBOW,-19.894391213647534,4.695249269519724,23
CapturedFrames_1.0_1.0_-6.0,RIGHT_ELBOW,21.838057418484397,5.752983783308517,23
CapturedFrames_1.0_1.0_3.0,LEFT_ELBOW,-73.26560275265122,20.049701630123,65
CapturedFrames_1.0_1.0_3.0,RIGHT_ELBOW,76.22995547735222,31.76948265351372,65
CapturedFrames_1.0_1.0_4.0,LEFT_ELBOW,-73.46153786512359,10.190542825107677,56
CapturedFrames_1.0_1.0_4.0,RIGHT_ELBOW,79.41467009225701,8.04456831298589,56
CapturedFrames_1.0_1.0_5.0,LEFT_ELBOW,-74.26572191388726,10.303081750140352,31
CapturedFrames_1.0_1.0_5.0,RIGHT_ELBOW,81.17005246074477,5.849140141645861,31
CapturedFrames_1.0_1.0_6.0,LEFT_ELBOW,-73.51374952304516,8.374377589775273,19
CapturedFrames_1.0_1.0_6.0,RIGHT_ELBOW,81.90311189904531,5.257723322676799,19
CapturedFrames_1.0_1.5_-3.0,LEFT_ELBOW,-24.401206198955933,33.72325313649017,73
CapturedFrames_1.0_1.5_-3.0,RIGHT_ELBOW,19.752740940383763,24.989301531524376,73
CapturedFrames_1.0_1.5_-4.0,LEFT_ELBOW,-24.11616255822166,10.669387049070405,63
CapturedFrames_1.0_1.5_-4.0,RIGHT_ELBOW,24.547834126929416,3.3961727216516846,63
CapturedFrames_1.0_1.5_-5.0,LEFT_ELBOW,-22.12378993566471,5.913215544954703,44
CapturedFrames_1.0_1.5_-5.0,RIGHT_ELBOW,23.435782661257743,3.223751089622496,44
CapturedFrames_1.0_1.5_-6.0,LEFT_ELBOW,-22.302298522566623,6.277821503065336,27
CapturedFrames_1.0_1.5_-6.0,RIGHT_ELBOW,23.095155384782824,4.160768044111105,27
CapturedFrames_1.0_1.5_3.0,LEFT_ELBOW,-76.3508059421211,9.549731024911575,77
CapturedFrames_1.0_1.5_3.0,RIGHT_ELBOW,79.51490453237847,5.535222724162563,77
CapturedFrames_1.0_1.5_4.0,LEFT_ELBOW,-75.11175134616826,8.407749925335072,63
CapturedFrames_1.0_1.5_4.0,RIGHT_ELBOW,79.31574512882256,6.154052943038099,63
CapturedFrames_1.0_1.5_5.0,LEFT_ELBOW,-74.53421572640443,8.185700599294314,39
CapturedFrames_1.0_1.5_5.0,RIGHT_ELBOW,79.81357236762983,4.5108117197867585,39
CapturedFrames_1.0_1.5_6.0,LEFT_ELBOW,-75.78732546754236,6.719919504241048,25
CapturedFrames_1.0_1.5_6.0,RIGHT_ELBOW,80.52457086110586,3.566450357581601,25
CapturedFrames_1.0_2.0_-3.0,LEFT_ELBOW,-28.602826345447784,9.240960920132796,70
CapturedFrames_1.0_2.0_-3.0,RIGHT_ELBOW,24.413445787120793,5.8194504809636145,70
CapturedFrames_1.0_2.0_-4.0,LEFT_ELBOW,-23.36610132105371,10.9359005454754,68
CapturedFrames_1.0_2.0_-4.0,RIGHT_ELBOW,25.124672690854027,3.444352178521889,68
CapturedFrames_1.0_2.0_-5.0,LEFT_ELBOW,-22.803615266278722,6.872851540026572,48
CapturedFrames_1.0_2.0_-5.0,RIGHT_ELBOW,24.70434842507721,3.1245622430960487,48
CapturedFrames_1.0_2.0_-6.0,LEFT_ELBOW,-21.830375982356102,6.16578193036504,24
CapturedFrames_1.0_2.0_-6.0,RIGHT_ELBOW,24.35390468669765,4.005080655994543,24
CapturedFrames_1.0_2.0_3.0,LEFT_ELBOW,-77.35595735385158,10.82650485450122,77
CapturedFrames_1.0_2.0_3.0,RIGHT_ELBOW,78.28460524893534,22.04053304005194,77
CapturedFrames_1.0_2.0_4.0,LEFT_ELBOW,-77.35028420402084,8.660572211733465,66
CapturedFrames_1.0_2.0_4.0,RIGHT_ELBOW,81.14587858748824,4.918280065990003,66
CapturedFrames_1.0_2.0_5.0,LEFT_ELBOW,-74.3110817897608,8.626589842865677,37
CapturedFrames_1.0_2.0_5.0,RIGHT_ELBOW,80.96200003644358,4.672292863616695,37
CapturedFrames_1.0_2.0_6.0,LEFT_ELBOW,-72.43092460258617,8.185999329795427,17
CapturedFrames_1.0_2.0_6.0,RIGHT_ELBOW,81.6619810977969,3.9260822215094477,17
CapturedFrames_2.0_0.5_-3.0,LEFT_ELBOW,-32.10214949440504,13.653494067081391,54
CapturedFrames_2.0_0.5_-3.0,RIGHT_ELBOW,30.46832771271773,12.765815280382666,54
CapturedFrames_2.0_0.5_-4.0,LEFT_ELBOW,-29.719766651521883,14.487073707596348,47
CapturedFrames_2.0_0.5_-4.0,RIGHT_ELBOW,28.05803992139808,10.759995401042206,47
CapturedFrames_2.0_0.5_-5.0,LEFT_ELBOW,-26.23064204170281,11.49186666163799,40
CapturedFrames_2.0_0.5_-5.0,RIGHT_ELBOW,24.688989862632745,8.826525578139574,40
CapturedFrames_2.0_0.5_-6.0,LEFT_ELBOW,-21.61979747708652,9.292212189653943,22
CapturedFrames_2.0_0.5_-6.0,RIGHT_ELBOW,21.837977980254937,8.239137063703083,22
CapturedFrames_2.0_0.5_3.0,LEFT_ELBOW,-68.57054549922759,12.921092646108638,57
CapturedFrames_2.0_0.5_3.0,RIGHT_ELBOW,73.41282685138819,9.755877950893826,57
CapturedFrames_2.0_0.5_4.0,LEFT_ELBOW,-67.46032492149223,13.054132149599775,49
CapturedFrames_2.0_0.5_4.0,RIGHT_ELBOW,73.67962569868133,11.329020768831606,49
CapturedFrames_2.0_0.5_5.0,LEFT_ELBOW,-69.15522942707666,12.63098981297345,36
CapturedFrames_2.0_0.5_5.0,RIGHT_ELBOW,76.06118948408216,9.469894445224437,36
CapturedFrames_2.0_0.5_6.0,LEFT_ELBOW,-62.785652231201716,10.564690846618003,13
CapturedFrames_2.0_0.5_6.0,RIGHT_ELBOW,73.45500574836818,8.073317027698014,13
CapturedFrames_2.0_1.0_-3.0,LEFT_ELBOW,-32.7848878016166,12.53329120235363,60
CapturedFrames_2.0_1.0_-3.0,RIGHT_ELBOW,32.779909221291746,16.298428796880636,60
CapturedFrames_2.0_1.0_-4.0,LEFT_ELBOW,-29.42073017724309,12.224210642093631,52
CapturedFrames_2.0_1.0_-4.0,RIGHT_ELBOW,28.96895249995362,9.49077836571611,52
CapturedFrames_2.0_1.0_-5.0,LEFT_ELBOW,-26.974395165503747,10.7671057816727,45
CapturedFrames_2.0_1.0_-5.0,RIGHT_ELBOW,26.225564186631654,7.164861333227457,45
CapturedFrames_2.0_1.0_-6.0,LEFT_ELBOW,-21.506856399857593,7.3459445126309415,20
CapturedFrames_2.0_1.0_-6.0,RIGHT_ELBOW,23.61575504691383,6.813800559954812,20
CapturedFrames_2.0_1.0_3.0,LEFT_ELBOW,-70.12023342701072,10.746294901636656,64
CapturedFrames_2.0_1.0_3.0,RIGHT_ELBOW,75.3242306889219,9.810974693634833,64
CapturedFrames_2.0_1.0_4.0,LEFT_ELBOW,-69.51325926486767,11.581039060669621,52
CapturedFrames_2.0_1.0_4.0,RIGHT_ELBOW,74.5443529817814,11.532308835496783,52
CapturedFrames_2.0_1.0_5.0,LEFT_ELBOW,-72.42958055533208,10.358253248061844,30
CapturedFrames_2.0_1.0_5.0,RIGHT_ELBOW,78.04227405286282,10.105020861096092,30
CapturedFrames_2.0_1.0_6.0,LEFT_ELBOW,-67.0523133120299,12.37014232593651,13
CapturedFrames_2.0_1.0_6.0,RIGHT_ELBOW,77.46171945203753,9.8027586892995,13
CapturedFrames_2.0_1.5_-3.0,LEFT_ELBOW,-33.26509166289639,11.304764247063575,63
CapturedFrames_2.0_1.5_-3.0,RIGHT_ELBOW,33.45779726199708,13.843138098739159,63
CapturedFrames_2.0_1.5_-4.0,LEFT_ELBOW,-28.790903088675527,11.951455123947875,54
CapturedFrames_2.0_1.5_-4.0,RIGHT_ELBOW,30.194167145470217,7.697593134612679,54
CapturedFrames_2.0_1.5_-5.0,LEFT_ELBOW,-25.743045607849986,10.636435979705944,45
CapturedFrames_2.0_1.5_-5.0,RIGHT_ELBOW,27.01226074715469,5.320862321632464,45
CapturedFrames_2.0_1.5_-6.0,LEFT_ELBOW,-24.64136816934288,9.709191900082587,26
CapturedFrames_2.0_1.5_-6.0,RIGHT_ELBOW,25.456375604713063,5.792351338716812,26
CapturedFrames_2.0_1.5_3.0,LEFT_ELBOW,-69.9735735010237,10.314915391942993,73
CapturedFrames_2.0_1.5_3.0,RIGHT_ELBOW,75.03521495675504,10.907284252840322,73
CapturedFrames_2.0_1.5_4.0,LEFT_ELBOW,-70.65342155357787,10.323801144488288,54
CapturedFrames_2.0_1.5_4.0,RIGHT_ELBOW,74.17710551207523,12.176544096643891,54
CapturedFrames_2.0_1.5_5.0,LEFT_ELBOW,-70.89800041378372,9.890194662348874,32
CapturedFrames_2.0_1.5_5.0,RIGHT_ELBOW,75.72105136169341,8.596435992096222,32
CapturedFrames_2.0_1.5_6.0,LEFT_ELBOW,-67.77053994395663,10.794845138932642,18
CapturedFrames_2.0_1.5_6.0,RIGHT_ELBOW,78.08467592748104,7.060518615527328,18
CapturedFrames_2.0_2.0_-3.0,LEFT_ELBOW,-33.427270427180815,10.526531378522966,66
CapturedFrames_2.0_2.0_-3.0,RIGHT_ELBOW,34.02625422740083,14.159791862311053,66
CapturedFrames_2.0_2.0_-4.0,LEFT_ELBOW,-29.56176434679171,12.646071208782747,62
CapturedFrames_2.0_2.0_-4.0,RIGHT_ELBOW,30.603400433960715,6.9526826998828275,62
CapturedFrames_2.0_2.0_-5.0,LEFT_ELBOW,-28.135023072559598,12.150772304800839,40
CapturedFrames_2.0_2.0_-5.0,RIGHT_ELBOW,28.611008981651942,6.0582650182618085,40
CapturedFrames_2.0_2.0_-6.0,LEFT_ELBOW,-22.361496443009308,9.040439850381357,21
CapturedFrames_2.0_2.0_-6.0,RIGHT_ELBOW,25.95163774387269,4.419079305750771,21
CapturedFrames_2.0_2.0_3.0,LEFT_ELBOW,-71.21078178126321,10.810717193857002,70
CapturedFrames_2.0_2.0_3.0,RIGHT_ELBOW,72.22614901539734,15.58391834185288,70
CapturedFrames_2.0_2.0_4.0,LEFT_ELBOW,-70.90928148084163,10.95989982249661,55
CapturedFrames_2.0_2.0_4.0,RIGHT_ELBOW,74.31197723136619,12.298900703909956,55
CapturedFrames_2.0_2.0_5.0,LEFT_ELBOW,-69.0791629607757,12.036305015958385,37
CapturedFrames_2.0_2.0_5.0,RIGHT_ELBOW,75.87051815012501,7.936808310527382,37
CapturedFrames_2.0_2.0_6.0,LEFT_ELBOW,-72.60912235820861,5.132514641783112,17
CapturedFrames_2.0_2.0_6.0,RIGHT_ELBOW,82.36831973124544,2.9814423845371634,17
CapturedFrames_3.0_0.5_-1.0,LEFT_ELBOW,-39.53810315965934,30.93136596277287,86
CapturedFrames_3.0_0.5_-1.0,RIGHT_ELBOW,39.49689661581953,32.17852210854482,86
CapturedFrames_3.0_0.5_-2.0,LEFT_ELBOW,-36.95885727707153,29.483859398540506,75
CapturedFrames_3.0_0.5_-2.0,RIGHT_ELBOW,36.2776315764718,33.56935438796125,75
CapturedFrames_3.0_0.5_-3.0,LEFT_ELBOW,-38.49696616777677,14.390917055099225,55
CapturedFrames_3.0_0.5_-3.0,RIGHT_ELBOW,39.3055097329248,12.808810753038449,55
CapturedFrames_3.0_0.5_-4.0,LEFT_ELBOW,-32.371367884227396,14.516654232290017,49
CapturedFrames_3.0_0.5_-4.0,RIGHT_ELBOW,34.06566617809373,11.183904588765838,49
CapturedFrames_3.0_0.5_-5.0,LEFT_ELBOW,-32.188553463188924,13.403456950581248,35
CapturedFrames_3.0_0.5_-5.0,RIGHT_ELBOW,30.772527973871476,9.349513589639198,35
CapturedFrames_3.0_0.5_-6.0,LEFT_ELBOW,-18.870562908977515,7.826593786422067,12
CapturedFrames_3.0_0.5_-6.0,RIGHT_ELBOW,22.297794904231022,7.58522577995667,12
CapturedFrames_3.0_0.5_0.0,LEFT_ELBOW,-49.447339840279135,24.16548395556897,95
CapturedFrames_3.0_0.5_0.0,RIGHT_ELBOW,50.43206904970621,29.099048781596007,95
CapturedFrames_3.0_0.5_1.0,LEFT_ELBOW,-57.3461134021842,21.73521066392556,98
CapturedFrames_3.0_0.5_1.0,RIGHT_ELBOW,61.662665901557794,26.340164657897343,98
CapturedFrames_3.0_0.5_2.0,LEFT_ELBOW,-62.00615059915623,12.145076844019405,78
CapturedFrames_3.0_0.5_2.0,RIGHT_ELBOW,65.73772554287379,13.136785123331647,78
CapturedFrames_3.0_0.5_3.0,LEFT_ELBOW,-62.519055357115086,13.156467048779735,52
CapturedFrames_3.0_0.5_3.0,RIGHT_ELBOW,64.23198324769969,14.561063490983754,52
CapturedFrames_3.0_0.5_4.0,LEFT_ELBOW,-64.60371410894797,12.81311126738609,40
CapturedFrames_3.0_0.5_4.0,RIGHT_ELBOW,65.86432987425233,12.776226785807298,40
CapturedFrames_3.0_0.5_5.0,LEFT_ELBOW,-64.0383132058649,13.42785249904439,24
CapturedFrames_3.0_0.5_5.0,RIGHT_ELBOW,69.25545502660437,11.750021783234233,24
CapturedFrames_3.0_0.5_6.0,LEFT_ELBOW,-51.084160726208204,3.896014205953292,4
CapturedFrames_3.0_0.5_6.0,RIGHT_ELBOW,57.274465357606275,3.9135506689392017,4
CapturedFrames_3.0_1.0_-1.0,LEFT_ELBOW,-44.00127526490982,13.263697203842307,85
CapturedFrames_3.0_1.0_-1.0,RIGHT_ELBOW,44.0349442038095,21.14697152955229,85
CapturedFrames_3.0_1.0_-2.0,LEFT_ELBOW,-41.315017228809516,13.284301154843222,73
CapturedFrames_3.0_1.0_-2.0,RIGHT_ELBOW,42.398737133134354,17.780278030965555,73
CapturedFrames_3.0_1.0_-3.0,LEFT_ELBOW,-38.2567090409937,10.59486691435407,66
CapturedFrames_3.0_1.0_-3.0,RIGHT_ELBOW,39.67632089428333,13.347071908907024,66
CapturedFrames_3.0_1.0_-4.0,LEFT_ELBOW,-32.163775096680226,13.069460655681485,48
CapturedFrames_3.0_1.0_-4.0,RIGHT_ELBOW,34.051679495432026,11.174014443772789,48
CapturedFrames_3.0_1.0_-5.0,LEFT_ELBOW,-32.0750215311603,12.355829704594859,34
CapturedFrames_3.0_1.0_-5.0,RIGHT_ELBOW,32.4889599371906,7.7332055427240975,34
CapturedFrames_3.0_1.0_-6.0,LEFT_ELBOW,-22.53360135735089,7.076943661424427,18
CapturedFrames_3.0_1.0_-6.0,RIGHT_ELBOW,25.100429615100847,7.882742664873185,18
CapturedFrames_3.0_1.0_0.0,LEFT_ELBOW,-49.382677774316065,23.42059174523844,91
CapturedFrames_3.0_1.0_0.0,RIGHT_ELBOW,51.54062741998441,32.123706805319,91
CapturedFrames_3.0_1.0_1.0,LEFT_ELBOW,-58.37373979555365,11.278804461730322,97
CapturedFrames_3.0_1.0_1.0,RIGHT_ELBOW,64.11538982792666,26.58507762781539,97
CapturedFrames_3.0_1.0_2.0,LEFT_ELBOW,-63.34959062538152,10.221743333912684,86
CapturedFrames_3.0_1.0_2.0,RIGHT_ELBOW,68.64632835379489,14.19914726910601,86
CapturedFrames_3.0_1.0_3.0,LEFT_ELBOW,-63.61172528716646,12.662789372823969,63
CapturedFrames_3.0_1.0_3.0,RIGHT_ELBOW,65.69819230745432,16.013059410048772,63
CapturedFrames_3.0_1.0_4.0,LEFT_ELBOW,-65.64378331399685,11.999286226419356,38
CapturedFrames_3.0_1.0_4.0,RIGHT_ELBOW,66.59575094558811,13.614803452773987,38
CapturedFrames_3.0_1.0_5.0,LEFT_ELBOW,-66.47570575558032,12.899034605043703,21
CapturedFrames_3.0_1.0_5.0,RIGHT_ELBOW,71.10161209178074,11.864340722500536,21
CapturedFrames_3.0_1.0_6.0,LEFT_ELBOW,-65.61050608933847,12.33771494449457,7
CapturedFrames_3.0_1.0_6.0,RIGHT_ELBOW,72.93214678731843,11.5608225855048,7
CapturedFrames_3.0_1.5_-1.0,LEFT_ELBOW,-44.903285697047124,12.386386712216432,86
CapturedFrames_3.0_1.5_-1.0,RIGHT_ELBOW,45.386295437976855,23.249478839219577,86
CapturedFrames_3.0_1.5_-2.0,LEFT_ELBOW,-40.40911805065812,11.846018150395814,81
CapturedFrames_3.0_1.5_-2.0,RIGHT_ELBOW,43.05621084380681,19.399488692395416,81
CapturedFrames_3.0_1.5_-3.0,LEFT_ELBOW,-37.38543705717649,12.28572505648193,58
CapturedFrames_3.0_1.5_-3.0,RIGHT_ELBOW,42.89515961125025,13.075100136939676,58
CapturedFrames_3.0_1.5_-4.0,LEFT_ELBOW,-31.851939232982822,12.6019340060194,46
CapturedFrames_3.0_1.5_-4.0,RIGHT_ELBOW,36.98249472447016,9.831568875060883,46
CapturedFrames_3.0_1.5_-5.0,LEFT_ELBOW,-32.73277694347067,12.903424678665255,32
CapturedFrames_3.0_1.5_-5.0,RIGHT_ELBOW,35.01313196428889,8.372322656366153,32
CapturedFrames_3.0_1.5_-6.0,LEFT_ELBOW,-23.587026211284986,7.599875594789082,17
CapturedFrames_3.0_1.5_-6.0,RIGHT_ELBOW,26.73478757143047,5.614050215738115,17
CapturedFrames_3.0_1.5_0.0,LEFT_ELBOW,-43.62582049226223,41.08074657464005,88
CapturedFrames_3.0_1.5_0.0,RIGHT_ELBOW,45.03751037301908,48.05119511237184,88
CapturedFrames_3.0_1.5_1.0,LEFT_ELBOW,-55.88975731780229,24.0183682239373,96
CapturedFrames_3.0_1.5_1.0,RIGHT_ELBOW,62.83209427510966,35.91733117226651,96
CapturedFrames_3.0_1.5_2.0,LEFT_ELBOW,-62.71926407249995,10.131225952220882,93
CapturedFrames_3.0_1.5_2.0,RIGHT_ELBOW,68.62460342431243,16.75886875111352,93
CapturedFrames_3.0_1.5_3.0,LEFT_ELBOW,-64.63941459948806,11.270776014189957,60
CapturedFrames_3.0_1.5_3.0,RIGHT_ELBOW,62.99329997377097,16.779933248089286,60
CapturedFrames_3.0_1.5_4.0,LEFT_ELBOW,-65.36552207931214,11.270795229891085,39
CapturedFrames_3.0_1.5_4.0,RIGHT_ELBOW,65.74022775559901,13.471537025528459,39
CapturedFrames_3.0_1.5_5.0,LEFT_ELBOW,-66.79636271944443,12.48467679288414,24
CapturedFrames_3.0_1.5_5.0,RIGHT_ELBOW,70.14304333713811,11.37370794050461,24
CapturedFrames_3.0_1.5_6.0,LEFT_ELBOW,-64.26809639427734,14.115223844995333,10
CapturedFrames_3.0_1.5_6.0,RIGHT_ELBOW,71.48065288546603,11.2971041557829,10
CapturedFrames_3.0_2.0_-1.0,LEFT_ELBOW,-45.525897074548034,10.802790273332153,88
CapturedFrames_3.0_2.0_-1.0,RIGHT_ELBOW,48.027540190103146,26.57619818486836,88
CapturedFrames_3.0_2.0_-2.0,LEFT_ELBOW,-40.14005442228623,11.314677540746317,74
CapturedFrames_3.0_2.0_-2.0,RIGHT_ELBOW,46.93519221607296,22.57124279462517,74
CapturedFrames_3.0_2.0_-3.0,LEFT_ELBOW,-36.021092044035555,12.486724710202619,69
CapturedFrames_3.0_2.0_-3.0,RIGHT_ELBOW,41.837733100036786,14.351760682797272,69
CapturedFrames_3.0_2.0_-4.0,LEFT_ELBOW,-31.22312575862333,13.021993877297774,43
CapturedFrames_3.0_2.0_-4.0,RIGHT_ELBOW,38.98945299589198,11.388949189627429,43
CapturedFrames_3.0_2.0_-5.0,LEFT_ELBOW,-32.07128258463815,12.71045629309325,33
CapturedFrames_3.0_2.0_-5.0,RIGHT_ELBOW,35.4694360188782,8.185383263794439,33
CapturedFrames_3.0_2.0_-6.0,LEFT_ELBOW,-22.566954581569203,7.453342515862343,13
CapturedFrames_3.0_2.0_-6.0,RIGHT_ELBOW,27.434473040410143,5.590141526959358,13
CapturedFrames_3.0_2.0_0.0,LEFT_ELBOW,-49.96676923546386,27.601294651497657,97
CapturedFrames_3.0_2.0_0.0,RIGHT_ELBOW,52.654635694559815,35.63407998833098,97
CapturedFrames_3.0_2.0_1.0,LEFT_ELBOW,-56.96259856300637,9.727093138904124,100
CapturedFrames_3.0_2.0_1.0,RIGHT_ELBOW,66.30336430447892,23.34056431091208,100
CapturedFrames_3.0_2.0_2.0,LEFT_ELBOW,-59.23456886536888,27.52847655567764,86
CapturedFrames_3.0_2.0_2.0,RIGHT_ELBOW,62.65032078139348,30.732792253359733,86
CapturedFrames_3.0_2.0_3.0,LEFT_ELBOW,-63.27425569946474,11.71323137202435,66
CapturedFrames_3.0_2.0_3.0,RIGHT_ELBOW,62.024186708072065,19.132469227526304,66
CapturedFrames_3.0_2.0_4.0,LEFT_ELBOW,-63.66113198236718,25.21614010570859,37
CapturedFrames_3.0_2.0_4.0,RIGHT_ELBOW,64.95426787131687,15.106741287489639,37
CapturedFrames_3.0_2.0_5.0,LEFT_ELBOW,-64.52215983603892,10.226343892160061,21
CapturedFrames_3.0_2.0_5.0,RIGHT_ELBOW,68.36253329420924,10.883028797205341,21
CapturedFrames_4.0_0.5_-1.0,LEFT_ELBOW,-48.317527375313325,14.912223488016638,92
CapturedFrames_4.0_0.5_-1.0,RIGHT_ELBOW,49.618062975138635,15.11677420872531,92
CapturedFrames_4.0_0.5_-2.0,LEFT_ELBOW,-44.62534732003233,15.009591529276726,59
CapturedFrames_4.0_0.5_-2.0,RIGHT_ELBOW,47.226750815513505,13.793829949721447,59
CapturedFrames_4.0_0.5_-3.0,LEFT_ELBOW,-40.30721249646503,14.476673401770705,48
CapturedFrames_4.0_0.5_-3.0,RIGHT_ELBOW,44.03209015059332,12.032011536982841,48
CapturedFrames_4.0_0.5_-4.0,LEFT_ELBOW,-38.28712192792077,14.948749814723657,31
CapturedFrames_4.0_0.5_-4.0,RIGHT_ELBOW,41.379547462630434,10.988386663226109,31
CapturedFrames_4.0_0.5_-5.0,LEFT_ELBOW,-27.36158418103856,12.946203461880206,18
CapturedFrames_4.0_0.5_-5.0,RIGHT_ELBOW,29.83410308536871,8.0449506564429,18
CapturedFrames_4.0_0.5_-6.0,LEFT_ELBOW,-18.30485803972074,4.2577233791169045,4
CapturedFrames_4.0_0.5_-6.0,RIGHT_ELBOW,22.78739121237783,4.000231154234791,4
CapturedFrames_4.0_0.5_0.0,LEFT_ELBOW,-51.08612094359143,15.114469033819642,105
CapturedFrames_4.0_0.5_0.0,RIGHT_ELBOW,54.08845118371451,17.42875247447092,105
CapturedFrames_4.0_0.5_1.0,LEFT_ELBOW,-55.75570521844856,14.38989242688094,102
CapturedFrames_4.0_0.5_1.0,RIGHT_ELBOW,58.47654134552033,16.310863850809906,102
CapturedFrames_4.0_0.5_2.0,LEFT_ELBOW,-56.16772314662359,13.57120688800174,58
CapturedFrames_4.0_0.5_2.0,RIGHT_ELBOW,55.23622956760567,14.149570151421274,58
CapturedFrames_4.0_0.5_3.0,LEFT_ELBOW,-41.382161725868556,18.887730217587684,17
CapturedFrames_4.0_0.5_3.0,RIGHT_ELBOW,42.72463919825269,15.082491291689673,17
CapturedFrames_4.0_0.5_4.0,LEFT_ELBOW,-61.42007323650005,11.064726298553929,26
CapturedFrames_4.0_0.5_4.0,RIGHT_ELBOW,59.61362531992034,12.83310284407011,26
CapturedFrames_4.0_0.5_5.0,LEFT_ELBOW,-52.55649023343967,8.660844412418678,9
CapturedFrames_4.0_0.5_5.0,RIGHT_ELBOW,53.37325256317076,10.381436645082399,9
CapturedFrames_4.0_1.0_-1.0,LEFT_ELBOW,-46.11945584306166,13.087826268766936,98
CapturedFrames_4.0_1.0_-1.0,RIGHT_ELBOW,49.89761389323028,16.91621750362942,98
CapturedFrames_4.0_1.0_-2.0,LEFT_ELBOW,-43.89182127829434,12.438380507426873,60
CapturedFrames_4.0_1.0_-2.0,RIGHT_ELBOW,50.25887471675687,14.008134188471582,60
CapturedFrames_4.0_1.0_-3.0,LEFT_ELBOW,-38.238925477351934,14.356256377035699,45
CapturedFrames_4.0_1.0_-3.0,RIGHT_ELBOW,45.915446585214845,12.524044418237315,45
CapturedFrames_4.0_1.0_-4.0,LEFT_ELBOW,-35.31775727705309,13.51934887488738,38
CapturedFrames_4.0_1.0_-4.0,RIGHT_ELBOW,41.3815971235227,11.642662369741787,38
CapturedFrames_4.0_1.0_-5.0,LEFT_ELBOW,-26.41014158743717,9.390389303204975,18
CapturedFrames_4.0_1.0_-5.0,RIGHT_ELBOW,32.27337864022181,6.73748466742131,18
CapturedFrames_4.0_1.0_-6.0,LEFT_ELBOW,-28.131084143741425,7.939104308772497,5
CapturedFrames_4.0_1.0_-6.0,RIGHT_ELBOW,31.89285529850356,7.23876890533207,5
CapturedFrames_4.0_1.0_0.0,LEFT_ELBOW,-50.98322339315734,12.565712439880187,105
CapturedFrames_4.0_1.0_0.0,RIGHT_ELBOW,56.04891911440492,18.893568285683173,105
CapturedFrames_4.0_1.0_1.0,LEFT_ELBOW,-54.94600340951554,12.485515705824541,105
CapturedFrames_4.0_1.0_1.0,RIGHT_ELBOW,60.46833704234247,18.207167664081805,105
CapturedFrames_4.0_1.0_2.0,LEFT_ELBOW,-57.71917271238982,12.048840859367346,66
CapturedFrames_4.0_1.0_2.0,RIGHT_ELBOW,57.964188321615374,15.341057597509106,66
CapturedFrames_4.0_1.0_3.0,LEFT_ELBOW,-57.10529298171796,11.83226569992835,39
CapturedFrames_4.0_1.0_3.0,RIGHT_ELBOW,57.56849803291945,14.515354818351842,39
CapturedFrames_4.0_1.0_4.0,LEFT_ELBOW,-63.215536381489805,11.89503820319382,26
CapturedFrames_4.0_1.0_4.0,RIGHT_ELBOW,61.49357362304912,14.858281080001827,26
CapturedFrames_4.0_1.0_5.0,LEFT_ELBOW,-52.634875330502936,9.226871768672433,10
CapturedFrames_4.0_1.0_5.0,RIGHT_ELBOW,55.710160521285026,11.457777900890598,10
CapturedFrames_4.0_1.0_6.0,LEFT_ELBOW,-66.19482896235121,,1
CapturedFrames_4.0_1.0_6.0,RIGHT_ELBOW,70.4992128244046,,1
CapturedFrames_4.0_1.5_-1.0,LEFT_ELBOW,-45.62903460525645,11.368114102823764,99
CapturedFrames_4.0_1.5_-1.0,RIGHT_ELBOW,51.57166802494424,17.21202102849684,99
CapturedFrames_4.0_1.5_-2.0,LEFT_ELBOW,-43.075504402260165,12.26943379343397,59
CapturedFrames_4.0_1.5_-2.0,RIGHT_ELBOW,53.73977241523688,13.635059178312426,59
CapturedFrames_4.0_1.5_-3.0,LEFT_ELBOW,-37.92450238643688,13.165787223045383,45
CapturedFrames_4.0_1.5_-3.0,RIGHT_ELBOW,49.46120523955355,11.51999389273161,45
CapturedFrames_4.0_1.5_-4.0,LEFT_ELBOW,-35.24489609827604,12.712646060651037,36
CapturedFrames_4.0_1.5_-4.0,RIGHT_ELBOW,44.84308972391029,10.64114546720514,36
CapturedFrames_4.0_1.5_-5.0,LEFT_ELBOW,-30.079437878986543,12.333803574861397,22
CapturedFrames_4.0_1.5_-5.0,RIGHT_ELBOW,37.947951571847845,7.146165248312698,22
CapturedFrames_4.0_1.5_-6.0,LEFT_ELBOW,-19.88765677415149,1.4807858128410238,5
CapturedFrames_4.0_1.5_-6.0,RIGHT_ELBOW,36.77866859842461,1.7526299484601828,5
CapturedFrames_4.0_1.5_0.0,LEFT_ELBOW,-49.94467263017044,10.49778367562278,104
CapturedFrames_4.0_1.5_0.0,RIGHT_ELBOW,57.226436857888274,19.552766901701116,104
CapturedFrames_4.0_1.5_1.0,LEFT_ELBOW,-53.5652143772771,10.849459269153185,105
CapturedFrames_4.0_1.5_1.0,RIGHT_ELBOW,60.368195701306405,17.93910124858922,105
CapturedFrames_4.0_1.5_2.0,LEFT_ELBOW,-56.518319650672275,11.067220343664646,65
CapturedFrames_4.0_1.5_2.0,RIGHT_ELBOW,57.795620086427284,15.746457007063917,65
CapturedFrames_4.0_1.5_3.0,LEFT_ELBOW,-55.55401049056654,11.629041468554073,37
CapturedFrames_4.0_1.5_3.0,RIGHT_ELBOW,54.740353233953115,13.627881169250685,37
CapturedFrames_4.0_1.5_4.0,LEFT_ELBOW,-63.56655306403259,10.518139875556944,26
CapturedFrames_4.0_1.5_4.0,RIGHT_ELBOW,60.307026176174695,13.805275314436859,26
CapturedFrames_4.0_1.5_5.0,LEFT_ELBOW,-51.367738347874216,6.52806089927064,9
CapturedFrames_4.0_1.5_5.0,RIGHT_ELBOW,55.036096681141146,10.358562018300084,9
CapturedFrames_4.0_2.0_-1.0,LEFT_ELBOW,-45.95320899920234,10.657154523653793,93
CapturedFrames_4.0_2.0_-1.0,RIGHT_ELBOW,52.208724663751795,17.433697737401584,93
CapturedFrames_4.0_2.0_-2.0,LEFT_ELBOW,-37.856648042333156,25.62930149750278,61
CapturedFrames_4.0_2.0_-2.0,RIGHT_ELBOW,48.26469401732376,31.732081246912056,61
CapturedFrames_4.0_2.0_-3.0,LEFT_ELBOW,-36.155876363116064,13.146640970461668,40
CapturedFrames_4.0_2.0_-3.0,RIGHT_ELBOW,51.0150371255743,13.43477552192163,40
CapturedFrames_4.0_2.0_-4.0,LEFT_ELBOW,-33.753367578262626,12.821258748011946,30
CapturedFrames_4.0_2.0_-4.0,RIGHT_ELBOW,46.50033297143004,10.647357566704718,30
CapturedFrames_4.0_2.0_-5.0,LEFT_ELBOW,-25.764186370991517,11.70520563314257,16
CapturedFrames_4.0_2.0_-5.0,RIGHT_ELBOW,37.86086475179851,6.403818583855855,16
CapturedFrames_4.0_2.0_-6.0,LEFT_ELBOW,-25.991500421396236,7.848057629629399,6
CapturedFrames_4.0_2.0_-6.0,RIGHT_ELBOW,35.743609154983666,5.257566554294374,6
CapturedFrames_4.0_2.0_0.0,LEFT_ELBOW,-47.739312658202564,22.08582746982383,97
CapturedFrames_4.0_2.0_0.0,RIGHT_ELBOW,54.147108137586066,25.875744661903518,97
CapturedFrames_4.0_2.0_1.0,LEFT_ELBOW,-53.60424286119759,13.072159470125895,92
CapturedFrames_4.0_2.0_1.0,RIGHT_ELBOW,57.553946940243215,20.45966400077228,92
CapturedFrames_4.0_2.0_2.0,LEFT_ELBOW,-50.12120699495265,29.48223969236916,56
CapturedFrames_4.0_2.0_2.0,RIGHT_ELBOW,49.871596242151874,29.40906825961241,56
CapturedFrames_4.0_2.0_3.0,LEFT_ELBOW,-48.77322821518964,37.951712070783834,25
CapturedFrames_4.0_2.0_3.0,RIGHT_ELBOW,43.69429492213816,41.521367463923234,25
CapturedFrames_4.0_2.0_4.0,LEFT_ELBOW,-57.189823869388825,11.378903727355398,22
CapturedFrames_4.0_2.0_4.0,RIGHT_ELBOW,54.642290895272055,13.425633762557267,22
CapturedFrames_4.0_2.0_5.0,LEFT_ELBOW,-50.19263461649621,2.2033993586731087,4
CapturedFrames_4.0_2.0_5.0,RIGHT_ELBOW,53.74738287205358,7.811260448022688,4
CapturedFrames_5.0_0.5_-1.0,LEFT_ELBOW,-51.059569956910856,12.97344169876588,40
CapturedFrames_5.0_0.5_-1.0,RIGHT_ELBOW,53.53651304568298,12.709975197908204,40
CapturedFrames_5.0_0.5_-2.0,LEFT_ELBOW,-49.71423908536845,12.312214068291917,32
CapturedFrames_5.0_0.5_-2.0,RIGHT_ELBOW,52.04519028250806,10.630932547946156,32
CapturedFrames_5.0_0.5_-3.0,LEFT_ELBOW,-44.65259957634235,13.141236666707849,23
CapturedFrames_5.0_0.5_-3.0,RIGHT_ELBOW,48.17391559221515,8.319474718737572,23
CapturedFrames_5.0_0.5_-4.0,LEFT_ELBOW,-36.87085392581165,14.363099047038963,14
CapturedFrames_5.0_0.5_-4.0,RIGHT_ELBOW,41.3453500185751,6.802136349992575,14
CapturedFrames_5.0_0.5_-5.0,LEFT_ELBOW,-19.519601595751993,1.2399926817261078,2
CapturedFrames_5.0_0.5_-5.0,RIGHT_ELBOW,28.56609576097017,0.1610999721009935,2
CapturedFrames_5.0_0.5_0.0,LEFT_ELBOW,-49.02632093095357,15.716463097143738,41
CapturedFrames_5.0_0.5_0.0,RIGHT_ELBOW,49.57407267962574,14.818934604400289,41
CapturedFrames_5.0_0.5_1.0,LEFT_ELBOW,-41.53795356503028,14.40423165472912,21
CapturedFrames_5.0_0.5_1.0,RIGHT_ELBOW,41.647479818115485,11.614150648235547,21
CapturedFrames_5.0_0.5_2.0,LEFT_ELBOW,-48.233820909664935,15.026091686806833,20
CapturedFrames_5.0_0.5_2.0,RIGHT_ELBOW,47.360038717446656,12.004478646827671,20
CapturedFrames_5.0_0.5_3.0,LEFT_ELBOW,-45.67379234610369,13.114647048464581,12
CapturedFrames_5.0_0.5_3.0,RIGHT_ELBOW,46.1242897537991,12.881043496223514,12
CapturedFrames_5.0_0.5_4.0,LEFT_ELBOW,-50.118115355607664,1.4811173245606368,8
CapturedFrames_5.0_0.5_4.0,RIGHT_ELBOW,41.88681565845165,6.05332936355799,8
CapturedFrames_5.0_0.5_5.0,LEFT_ELBOW,-49.53508655080407,0.6159555314202204,2
CapturedFrames_5.0_0.5_5.0,RIGHT_ELBOW,42.08137813687401,2.1189856666144213,2
CapturedFrames_5.0_1.0_-1.0,LEFT_ELBOW,-49.11262542308615,11.631569453357317,38
CapturedFrames_5.0_1.0_-1.0,RIGHT_ELBOW,57.88345943151048,13.85440718459827,38
CapturedFrames_5.0_1.0_-2.0,LEFT_ELBOW,-44.823283325414884,12.52291420989923,33
CapturedFrames_5.0_1.0_-2.0,RIGHT_ELBOW,54.36644243250675,11.851341631991907,33
CapturedFrames_5.0_1.0_-3.0,LEFT_ELBOW,-40.687418709802685,13.422833897301517,25
CapturedFrames_5.0_1.0_-3.0,RIGHT_ELBOW,50.4898832470643,10.692614780254404,25
CapturedFrames_5.0_1.0_-4.0,LEFT_ELBOW,-29.532276261608867,11.007517165823357,12
CapturedFrames_5.0_1.0_-4.0,RIGHT_ELBOW,41.09805414909286,5.47733171989679,12
CapturedFrames_5.0_1.0_-5.0,LEFT_ELBOW,-27.369312300126975,11.634367510016325,7
CapturedFrames_5.0_1.0_-5.0,RIGHT_ELBOW,38.1233271963474,5.350057099859358,7
CapturedFrames_5.0_1.0_0.0,LEFT_ELBOW,-50.683538036290855,14.373116414477755,39
CapturedFrames_5.0_1.0_0.0,RIGHT_ELBOW,57.021682867451204,18.069904955486894,39
CapturedFrames_5.0_1.0_1.0,LEFT_ELBOW,-43.88104899648306,14.017734076808512,26
CapturedFrames_5.0_1.0_1.0,RIGHT_ELBOW,44.99240416749051,14.627677096312654,26
CapturedFrames_5.0_1.0_2.0,LEFT_ELBOW,-48.01095539070039,13.410679922328903,21
CapturedFrames_5.0_1.0_2.0,RIGHT_ELBOW,48.29891558242324,14.35171341599105,21
CapturedFrames_5.0_1.0_3.0,LEFT_ELBOW,-47.00247807110904,13.07373510756635,13
CapturedFrames_5.0_1.0_3.0,RIGHT_ELBOW,47.34678920952847,13.131702787678613,13
CapturedFrames_5.0_1.0_4.0,LEFT_ELBOW,-45.43039218050939,6.7604270152404675,6
CapturedFrames_5.0_1.0_4.0,RIGHT_ELBOW,42.666346685382486,3.863300093728472,6
CapturedFrames_5.0_1.5_-1.0,LEFT_ELBOW,-45.64430931375384,11.513157585259917,45
CapturedFrames_5.0_1.5_-1.0,RIGHT_ELBOW,57.45294755725379,13.52632879126531,45
CapturedFrames_5.0_1.5_-2.0,LEFT_ELBOW,-42.108875247568065,11.356810434860723,35
CapturedFrames_5.0_1.5_-2.0,RIGHT_ELBOW,56.75145769380369,11.182141372376943,35
CapturedFrames_5.0_1.5_-3.0,LEFT_ELBOW,-36.74238707423459,12.990902252614447,30
CapturedFrames_5.0_1.5_-3.0,RIGHT_ELBOW,51.038037513717946,10.595499126081164,30
CapturedFrames_5.0_1.5_-4.0,LEFT_ELBOW,-33.28920526916965,10.885452596913797,19
CapturedFrames_5.0_1.5_-4.0,RIGHT_ELBOW,47.2097310294752,8.164833120833936,19
CapturedFrames_5.0_1.5_-5.0,LEFT_ELBOW,-25.563571872055206,9.761634638986552,12
CapturedFrames_5.0_1.5_-5.0,RIGHT_ELBOW,39.93106276892875,4.831337825549151,12
CapturedFrames_5.0_1.5_0.0,LEFT_ELBOW,-47.99297182217701,12.961553895775886,44
CapturedFrames_5.0_1.5_0.0,RIGHT_ELBOW,55.83061416549048,16.559311970305956,44
CapturedFrames_5.0_1.5_1.0,LEFT_ELBOW,-45.829016342253695,12.608052023947007,29
CapturedFrames_5.0_1.5_1.0,RIGHT_ELBOW,46.19153275650336,12.409706297131699,29
CapturedFrames_5.0_1.5_2.0,LEFT_ELBOW,-49.02426119280701,11.59860103587196,24
CapturedFrames_5.0_1.5_2.0,RIGHT_ELBOW,48.37856501384953,12.559153772897869,24
CapturedFrames_5.0_1.5_3.0,LEFT_ELBOW,-51.85528214325185,12.926647711945362,20
CapturedFrames_5.0_1.5_3.0,RIGHT_ELBOW,51.87904843693302,12.639264410921367,20
CapturedFrames_5.0_1.5_4.0,LEFT_ELBOW,-49.12654037255735,3.831441992359887,6
CapturedFrames_5.0_1.5_4.0,RIGHT_ELBOW,45.869196370480516,6.646142914330243,6
CapturedFrames_5.0_2.0_-1.0,LEFT_ELBOW,-47.42212135437697,10.782251356808453,36
CapturedFrames_5.0_2.0_-1.0,RIGHT_ELBOW,57.59069418570074,10.397182819530494,36
CapturedFrames_5.0_2.0_-2.0,LEFT_ELBOW,-42.29061238595212,11.241387149457562,32
CapturedFrames_5.0_2.0_-2.0,RIGHT_ELBOW,56.26471544459094,11.156770980904184,32
CapturedFrames_5.0_2.0_-3.0,LEFT_ELBOW,-34.28675665605366,12.486827450290752,25
CapturedFrames_5.0_2.0_-3.0,RIGHT_ELBOW,49.94364738025337,9.780304251949405,25
CapturedFrames_5.0_2.0_-4.0,LEFT_ELBOW,-30.254923524125157,12.562199903115971,13
CapturedFrames_5.0_2.0_-4.0,RIGHT_ELBOW,46.635171735426105,7.023410767947192,13
CapturedFrames_5.0_2.0_-5.0,LEFT_ELBOW,-25.33578661369994,12.343118051471944,11
CapturedFrames_5.0_2.0_-5.0,RIGHT_ELBOW,41.80578485098306,4.5101232478006565,11
CapturedFrames_5.0_2.0_0.0,LEFT_ELBOW,-47.83446512612784,10.368835060162606,33
CapturedFrames_5.0_2.0_0.0,RIGHT_ELBOW,54.71043847435861,16.634895477304863,33
CapturedFrames_5.0_2.0_1.0,LEFT_ELBOW,-42.868752279046404,11.370143641505866,16
CapturedFrames_5.0_2.0_1.0,RIGHT_ELBOW,45.07558913061876,14.72432949629819,16
CapturedFrames_5.0_2.0_2.0,LEFT_ELBOW,-30.895189335314996,52.19720562618888,16
CapturedFrames_5.0_2.0_2.0,RIGHT_ELBOW,40.775633759840865,11.895055371971262,16
CapturedFrames_5.0_2.0_3.0,LEFT_ELBOW,-44.671272863200194,8.826543990261769,8
CapturedFrames_5.0_2.0_3.0,RIGHT_ELBOW,38.92598698331648,9.163986525237517,8
CapturedFrames_5.0_2.0_4.0,LEFT_ELBOW,-50.35944026910005,1.533542288136044,3
CapturedFrames_5.0_2.0_4.0,RIGHT_ELBOW,44.778678211109394,10.107102923707364,3
CapturedFrames_6.0_0.5_-1.0,LEFT_ELBOW,-48.09279694476788,5.167692477318135,3
CapturedFrames_6.0_0.5_-1.0,RIGHT_ELBOW,38.47926077491086,2.2905591881174967,3
CapturedFrames_6.0_0.5_-2.0,LEFT_ELBOW,-41.89460430757506,8.894620844611877,7
CapturedFrames_6.0_0.5_-2.0,RIGHT_ELBOW,42.94745951276542,4.4828547253038336,7
CapturedFrames_6.0_0.5_-3.0,LEFT_ELBOW,-40.323448471421095,17.14432511144316,3
CapturedFrames_6.0_0.5_-3.0,RIGHT_ELBOW,43.88158500200618,4.274363815090428,3
CapturedFrames_6.0_0.5_-4.0,LEFT_ELBOW,-51.88576322050196,,1
CapturedFrames_6.0_0.5_-4.0,RIGHT_ELBOW,48.2066669135918,,1
CapturedFrames_6.0_1.0_-3.0,LEFT_ELBOW,-27.375709593935525,12.427369968873858,4
CapturedFrames_6.0_1.0_-3.0,RIGHT_ELBOW,42.78673971856679,3.3450502588545143,4
CapturedFrames_6.0_1.0_-4.0,LEFT_ELBOW,-22.024227168609496,1.652176217336887,3
CapturedFrames_6.0_1.0_-4.0,RIGHT_ELBOW,39.42738283528944,2.372106137180195,3
CapturedFrames_6.0_1.0_2.0,LEFT_ELBOW,-29.647839078176386,,1
CapturedFrames_6.0_1.0_2.0,RIGHT_ELBOW,32.79043489125415,,1
CapturedFrames_6.0_1.5_-1.0,LEFT_ELBOW,-42.33010552198834,1.9998961645213618,3
CapturedFrames_6.0_1.5_-1.0,RIGHT_ELBOW,55.41583818200824,9.756096386127158,3
CapturedFrames_6.0_1.5_-2.0,LEFT_ELBOW,-38.213624825629154,10.735695560120648,7
CapturedFrames_6.0_1.5_-2.0,RIGHT_ELBOW,51.50248987801172,6.427912232902106,7
CapturedFrames_6.0_1.5_-3.0,LEFT_ELBOW,-27.152706987390854,8.249099881078644,9
CapturedFrames_6.0_1.5_-3.0,RIGHT_ELBOW,47.16947457119034,5.784945039630701,9
CapturedFrames_6.0_2.0_-1.0,LEFT_ELBOW,-43.496123350717426,12.572242909679984,4
CapturedFrames_6.0_2.0_-1.0,RIGHT_ELBOW,48.784558126194085,7.942800479873939,4
CapturedFrames_6.0_2.0_-2.0,LEFT_ELBOW,-40.361065668622814,8.062237503654567,6
CapturedFrames_6.0_2.0_-2.0,RIGHT_ELBOW,52.52325261579782,8.680734152820921,6
CapturedFrames_6.0_2.0_-3.0,LEFT_ELBOW,-29.25092190047185,7.276111845183231,6
CapturedFrames_6.0_2.0_-3.0,RIGHT_ELBOW,47.75978145774675,5.612932267094834,6
CapturedFrames_6.0_2.0_-4.0,LEFT_ELBOW,-25.052435933885793,10.843781405890413,2
CapturedFrames_6.0_2.0_-4.0,RIGHT_ELBOW,50.49635621846397,3.2192375144521184,2
