frame_id,camera,joint,gt_x,gt_y,gt_z,mp_x,mp_y,mp_z,theta_gt_deg,theta_mp_deg,delta_theta_deg,psi_gt_deg,psi_mp_deg,delta_psi_deg,error_3d,abs_delta_theta
75,CapturedFrames_-1.0_0.5_3.0,LEFT_ELBOW,-0.2296519999999999,0.1779479999999998,-0.07846,0.0626646876335144,0.0806458592414855,-0.1611124612390995,142.22935064103115,52.15152847108092,-90.07782216995024,-161.1374028994742,-68.74645440417633,92.39094849529788,0.3189799081668,90.07782216995024
11,CapturedFrames_-3.0_0.5_1.0,LEFT_ELBOW,-0.213394,0.1879240000000001,-0.107822,0.0434467792510986,0.0492010563611984,-0.1112151872366667,138.63145655258532,48.55402616941812,-90.0774303831672,-153.19381090415018,-68.66164481147649,84.53216609267369,0.2919293659393464,90.0774303831672
12,CapturedFrames_-3.0_0.5_1.0,LEFT_ELBOW,-0.2222749999999999,0.182644,-0.096753,0.0442638397216796,0.0491004288196564,-0.1241699699312448,140.58995722877734,47.96546694022672,-92.62449028855062,-156.4772243965399,-70.37997668436886,86.09724771217105,0.299380241038031,92.62449028855062
13,CapturedFrames_-3.0_0.5_1.0,LEFT_ELBOW,-0.229577,0.1779400000000001,-0.078675,0.0426639318466186,0.0545549243688584,-0.1207323987036943,142.2215365063904,51.97330151077546,-90.24823499561496,-161.08364434348593,-70.53781441500384,90.54582992848208,0.3018407305963516,90.24823499561496
4,CapturedFrames_-5.0_0.5_0.0,RIGHT_ELBOW,0.26022,0.1881319999999998,0.0901499999999999,-0.0244459211826324,0.0325718969106674,0.0425488743931053,35.86590836790957,126.88902968898238,91.0231213210728,19.10801052734501,119.87898015976914,100.77096963242413,0.3278711629816867,91.0231213210728
81,CapturedFrames_0.0_0.5_3.0,LEFT_ELBOW,-0.2340439999999999,0.1860389999999999,0.0997889999999999,0.0761201679706573,0.0796642713248729,0.0317942602559923,141.5191978253275,46.30325688206383,-95.21594094326367,156.90812512708203,22.669567136522968,-134.23855799055906,0.334874123554646,95.21594094326367
80,CapturedFrames_1.0_0.5_3.0,LEFT_ELBOW,-0.233579,0.179941,0.0713410000000001,0.0615685880184173,0.0766665488481521,0.0140245016664266,142.39061560031817,51.23310523635144,-91.15751036396674,163.01598843799678,12.832261651462868,-150.18372678653392,0.3179039036486142,91.15751036396674
49,CapturedFrames_2.0_0.5_3.0,RIGHT_ELBOW,0.239408,0.184798,-0.032366,-0.0286695659160614,0.0370202660560607,-0.0894795954227447,37.664395162762574,127.7552375572344,90.09084239447184,-7.699240493330866,-107.76563495035964,-100.06639445702876,0.3113933248790008,90.09084239447184
17,CapturedFrames_3.0_0.5_-2.0,LEFT_ELBOW,-0.234017,0.1750259999999999,0.04244,-0.0120818838477135,-0.0879977047443389,0.0686075333505868,143.20644983530195,-97.81770122088444,118.97584894381362,169.72088103495645,99.98746537622172,-69.73341565873471,0.345139688880633,118.97584894381362
27,CapturedFrames_3.0_0.5_2.0,RIGHT_ELBOW,0.2138469999999999,0.178652,-0.1189579999999999,-0.0281705111265183,0.0324380695819855,-0.0830859364941716,39.87604748081117,130.9723491406792,91.09630165986802,-29.086146858504105,-108.72936709181364,-79.64322023330953,0.2850224448711444,91.09630165986802
74,CapturedFrames_-1.0_1.0_3.0,LEFT_ELBOW,-0.222301,0.1826590000000001,-0.09667,0.0606119930744171,0.0718059688806533,-0.1469651525840163,140.5909364271157,49.83202050675683,-90.75891592035887,-156.49766463112908,-67.58756157757155,88.91010305355753,0.307989867580285,90.75891592035887
75,CapturedFrames_-1.0_1.0_3.0,LEFT_ELBOW,-0.2295989999999999,0.1779509999999998,-0.0786089999999999,0.061203047633171,0.0726873725652695,-0.1126676683779806,142.22247994557077,49.90249227094422,-92.31998767462656,-161.10006878069564,-61.48841703045071,99.61165175024492,0.3111370358219092,92.31998767462656
76,CapturedFrames_-1.0_1.0_3.0,LEFT_ELBOW,-0.233467,0.174769,-0.054027,0.0614868104457855,0.0752792954444885,-0.1182173499837517,143.18216530062017,50.75865203242437,-92.42351326819582,-166.97043749508757,-62.52030825223324,104.45012924285432,0.3178306980769288,92.42351326819582
44,CapturedFrames_-2.0_1.0_3.0,LEFT_ELBOW,-0.229912,0.177761,-0.0771779999999999,0.033704936504364,0.0431959480047226,-0.1075275251641868,142.2898897393255,52.03579427346365,-90.25409546586184,-161.44387251062605,-72.59618996674979,88.84768254387625,0.2975277064545909,90.25409546586184
2,CapturedFrames_-3.0_1.0_1.0,LEFT_ELBOW,-0.228285,0.1833779999999999,0.0333939999999999,0.0443771481513978,0.0545167028903961,-0.1158489417284726,141.22559648928177,50.85406174901164,-90.37153474027016,171.6776819174909,-69.04013957623921,119.28217850626989,0.3364867554348501,90.37153474027016
11,CapturedFrames_-3.0_1.0_1.0,LEFT_ELBOW,-0.2133239999999999,0.187949,-0.1078469999999995,0.0501271486282348,0.0497218519449234,-0.1130198873579502,138.6183523551132,44.767432205267205,-93.85092014984598,-153.18089573071396,-66.08151547954007,87.0993802511739,0.2975567356599315,93.85092014984598
12,CapturedFrames_-3.0_1.0_1.0,LEFT_ELBOW,-0.222208,0.1826809999999999,-0.096845,0.050320565700531,0.0449980869889258,-0.1438803263008594,140.57579106465977,41.803991640573805,-98.77179942408596,-156.45096434379442,-70.72327557896227,85.72768876483217,0.308934824159129,98.77179942408596
13,CapturedFrames_-3.0_1.0_1.0,LEFT_ELBOW,-0.229524,0.1779709999999998,-0.0788200000000003,0.0458040833473205,0.0476339980959892,-0.1412910874933004,142.21029781651592,46.12195144710472,-96.0883463694112,-161.04720279506734,-72.03821848023522,89.00898431483212,0.3109596827848117,96.0883463694112
14,CapturedFrames_-3.0_1.0_1.0,LEFT_ELBOW,-0.233423,0.1747820000000001,-0.0542690000000001,0.0460677444934845,0.0524042025208473,-0.1244104932993649,143.17493964308767,48.68178414190528,-94.49315550118236,-166.9116974400216,-69.68100059973938,97.23069684028223,0.313067453842835,94.49315550118236
15,CapturedFrames_-3.0_1.0_1.0,LEFT_ELBOW,-0.234258,0.172439,-0.0226299999999999,0.0431833565235137,0.0534661263227462,-0.1250515431165694,143.64294799045894,51.072989790449206,-92.56995820000976,-174.48218386445842,-70.94895449337264,103.53322937108578,0.3187764474910444,92.56995820000976
13,CapturedFrames_-3.0_1.0_2.0,LEFT_ELBOW,-0.2296299999999999,0.1779869999999999,-0.0785070000000001,0.0353413522243499,0.0425157397985458,-0.0800473913550376,142.2206136099819,50.264832377961206,-91.95578123202068,-161.12522302148025,-66.17828465249134,94.94693836898892,0.2975981395198855,91.95578123202068
15,CapturedFrames_-3.0_1.0_2.0,LEFT_ELBOW,-0.234299,0.172445,-0.0223600000000003,0.0323696136474609,0.0438329577445984,-0.0924591878429055,143.64678324145245,53.55499977576673,-90.09178346568572,-174.54856654899373,-70.70504175301588,103.84352479597788,0.3042484232563892,90.09178346568572
43,CapturedFrames_-3.0_1.0_2.0,LEFT_ELBOW,-0.222336,0.182699,-0.0965169999999999,0.037614494562149,0.043398767709732,-0.115052094683051,140.58920713145667,49.083936149647634,-91.50527098180902,-156.5341308814758,-71.89564768919635,84.63848319227945,0.2955035770919502,91.50527098180902
11,CapturedFrames_-4.0_1.0_0.0,LEFT_ELBOW,-0.217197,0.1852690000000001,-0.103612,0.0431671440601348,0.0463146567344665,-0.1213558986783027,139.5358278420658,47.01454228117167,-92.52128556089414,-154.49691722724486,-70.41917066670133,84.07774656054353,0.2956562919418903,92.52128556089414
12,CapturedFrames_-4.0_1.0_0.0,LEFT_ELBOW,-0.225458,0.1802469999999999,-0.089239,0.0409259498119354,0.0486789494752883,-0.113501440733671,141.35869847443223,49.94516021376856,-91.41353826066369,-158.40574231739677,-70.17188876695658,88.2338535504402,0.2980926477903064,91.41353826066369
13,CapturedFrames_-4.0_1.0_1.0,LEFT_ELBOW,-0.229482,0.1780149999999999,-0.0789239999999997,0.0337443053722381,0.0418354123830795,-0.0889869052916765,142.19836101365698,51.1104670923238,-91.0878939213332,-161.02075876534934,-69.2330075254238,91.78775123992553,0.2965370634277316,91.0878939213332
30,CapturedFrames_2.0_1.0_3.0,RIGHT_ELBOW,0.228339,0.1708119999999999,-0.0520319999999998,-0.0296869724988937,0.0396537184715271,-0.098653352819383,36.79881001037516,126.82056216038131,90.02175215000615,-12.836895786420346,-106.74770119726708,-93.91080541084672,0.293178184447976,90.02175215000615
19,CapturedFrames_3.0_1.0_0.0,RIGHT_ELBOW,0.234237,0.184298,-0.0583820000000003,-0.0534386336803437,0.0545360893011093,-0.1466319542378187,38.1957181972891,134.41766546492784,96.22194726763873,-13.995430169016656,-110.0237925485654,-96.02836237954877,0.3276941838125773,96.22194726763873
20,CapturedFrames_3.0_1.0_0.0,RIGHT_ELBOW,0.227125,0.185509,-0.082834,-0.0536224320530891,0.0569427609443664,-0.1372026763856411,39.240935892468976,133.27989560322732,94.03895971075832,-20.037249460459503,-111.34687175195236,-91.30962229149284,0.3135352474622921,94.03895971075832
21,CapturedFrames_3.0_1.0_0.0,RIGHT_ELBOW,0.219099,0.1873989999999999,-0.1042010000000002,-0.056065447628498,0.0572174787521362,-0.1319071575999259,40.54091835972336,134.41735045108985,93.87643209136648,-25.435230672618086,-113.02729682443606,-87.59206615181799,0.3056637578811992,93.87643209136648
0,CapturedFrames_3.0_1.0_1.0,RIGHT_ELBOW,0.2378219999999999,0.1707449999999999,0.01913,-0.0397284924983978,0.0479410067200661,-0.1182168656960129,35.6765671965658,129.64838686584935,93.9718196692836,4.5988740561914,-108.5756694086631,-113.1745434648545,0.3331354952089612,93.9718196692836
1,CapturedFrames_3.0_1.0_1.0,RIGHT_ELBOW,0.2378219999999999,0.1707449999999999,0.01913,-0.0379667803645134,0.050011783838272,-0.1241749674081802,35.6765671965658,127.2041939970376,91.5276268004718,4.5988740561914,-107.00113212028856,-111.60000617647998,0.333425065859722,91.5276268004718
17,CapturedFrames_3.0_1.0_1.0,RIGHT_ELBOW,0.244231,0.1872239999999999,-0.0016980000000001,-0.0368142873048782,0.0451136901974678,-0.1394412331283092,37.473258891050456,129.2156009776269,91.74234208657649,-0.3983387290700894,-104.7893697102016,-104.39103098113152,0.3437368062065697,91.74234208657649
18,CapturedFrames_3.0_1.0_1.0,RIGHT_ELBOW,0.239474,0.1848229999999999,-0.0319509999999998,-0.0379999130964279,0.0466126427054404,-0.1238619070500135,37.66050508830181,129.18786919187437,91.52736410357257,-7.599611285015133,-107.0556245042728,-99.45601321925768,0.3233287648003036,91.52736410357257
19,CapturedFrames_3.0_1.0_1.0,RIGHT_ELBOW,0.234047,0.184304,-0.0591589999999997,-0.0370891094207763,0.0436015427112578,-0.1134173665195703,38.21922135100287,130.3857367888267,92.16651543782382,-14.18527535190294,-108.1084888924949,-93.92321354059196,0.310251416848171,92.16651543782382
20,CapturedFrames_3.0_1.0_1.0,RIGHT_ELBOW,0.226895,0.185568,-0.0835190000000003,-0.0385579243302345,0.0457108169794082,-0.1073124930262565,39.27830792569216,130.14825404219542,90.86994611650324,-20.20842780933848,-109.76362089787251,-89.55519308853405,0.3009840809549884,90.86994611650324
28,CapturedFrames_3.0_1.0_1.0,RIGHT_ELBOW,0.21932,0.174095,-0.1025869999999999,-0.0368153601884841,0.0449100509285927,-0.1318094376474618,38.44235133461661,129.34345063639316,90.90109930177654,-25.067857559393904,-105.60544533093326,-80.53758777153936,0.2883539919396408,90.90109930177654
29,CapturedFrames_3.0_1.0_1.0,RIGHT_ELBOW,0.223207,0.1718800000000001,-0.080068,-0.0350712984800338,0.0453000217676162,-0.1642486657947302,37.597980893676976,127.74705361134076,90.14907271766378,-19.733740127598605,-102.05311245840912,-82.31937233081051,0.2996941021253109,90.14907271766378
61,CapturedFrames_3.0_1.0_1.0,RIGHT_ELBOW,0.2284749999999999,0.170783,-0.0511569999999999,-0.0011574327945709,-0.0864557027816773,-0.0489108018227852,36.77778251781952,-90.7670061153895,-127.54478863320902,-12.620726603499064,-91.3556032015006,-78.73487659800152,0.3448301753127248,127.54478863320902
27,CapturedFrames_3.0_1.0_2.0,RIGHT_ELBOW,0.213768,0.1788509999999998,-0.1192969999999999,-0.0297001749277115,0.0341765135526656,-0.0932998722419142,39.9178535291968,130.99139047112922,91.07353694193242,-29.164471775870084,-107.65784838875334,-78.49337661288327,0.2843999118901074,91.07353694193242
28,CapturedFrames_3.0_1.0_2.0,RIGHT_ELBOW,0.219237,0.1741429999999999,-0.102894,-0.0310503840446472,0.0368798822164535,-0.0933529324829578,38.4606049294055,130.095126954559,91.6345220251535,-25.141966553371944,-108.3977877185448,-83.25582116517285,0.2856150732803456,91.6345220251535
30,CapturedFrames_3.0_1.0_2.0,RIGHT_ELBOW,0.228388,0.1707959999999999,-0.0516240000000001,-0.0297147631645203,0.0383767038583755,-0.1181488530710339,36.7903391998191,127.75032128873475,90.95998208891568,-12.736890635525723,-104.1172520037363,-91.38036136821056,0.2976196606743686,90.95998208891568
19,CapturedFrames_4.0_1.0_1.0,RIGHT_ELBOW,0.234061,0.184301,-0.0590959999999998,-0.0280293375253677,0.0350553393363952,-0.0948166511952876,38.217102249274255,128.6449218648521,90.42781961557786,-14.169964461907332,-106.46853261894734,-92.29856815704,0.3037129848605299,90.42781961557786
76,CapturedFrames_-1.0_1.5_3.0,LEFT_ELBOW,-0.233544,0.1746970000000001,-0.0531779999999999,0.058773398399353,0.0742286294698715,-0.1469101822003722,143.20255366870194,51.628212725911766,-91.5743409427902,-167.17245028719984,-68.19545523416826,98.97699505303156,0.3230001189844813,91.5743409427902
77,CapturedFrames_-1.0_1.5_3.0,LEFT_ELBOW,-0.2343029999999999,0.1724059999999999,-0.021436,0.0573218166828155,0.0770436823368072,-0.1732642548158764,143.65343676206004,53.35012207675741,-90.30331468530262,-174.7726545116065,-71.69399594538608,103.07865856622044,0.3423314538511121,90.30331468530262
77,CapturedFrames_-2.0_1.5_4.0,LEFT_ELBOW,-0.23425,0.172425,-0.0224279999999998,0.0361334532499313,0.0488206744194031,-0.1565017206594347,143.6442347252437,53.49389224137925,-90.15034248386446,-174.530951441287,-76.99924086112946,97.53171058015752,0.3261303476603431,90.15034248386446
1,CapturedFrames_-3.0_1.5_1.0,LEFT_ELBOW,-0.230461,0.1836189999999999,0.0605809999999999,0.0445373654365539,0.0541475266218184,-0.1057047620415687,141.45403728214808,50.562056459766914,-90.89198082238116,165.27193089718796,-67.1524901263711,127.57557897644097,0.3464648872097126,90.89198082238116
2,CapturedFrames_-3.0_1.5_1.0,LEFT_ELBOW,-0.2282199999999999,0.1833819999999999,0.0336559999999996,0.0461859703063963,0.0494251251220703,-0.0981854377314448,141.21701976953022,46.940349544456495,-94.27667022507372,171.61095781832134,-64.80792631901606,123.5811158626626,0.3326037365544027,94.27667022507372
3,CapturedFrames_-3.0_1.5_1.0,LEFT_ELBOW,-0.228064,0.1857439999999999,0.0036040000000001,0.0461671650409698,0.0466881617903709,-0.0931138508021831,140.83931791402603,45.32147430474972,-95.5178436092763,179.09465411783074,-63.6271349948992,117.27821088727003,0.3223253025806437,95.5178436092763
4,CapturedFrames_-3.0_1.5_1.0,LEFT_ELBOW,-0.224081,0.189116,-0.0264619999999999,0.04792582988739,0.0471531003713608,-0.0974057782441377,139.8368831617827,44.53435356190607,-95.30252959987666,-173.26506301161643,-63.80177823402209,109.46328477759434,0.3149193548321729,95.30252959987666
5,CapturedFrames_-3.0_1.5_1.0,LEFT_ELBOW,-0.217443,0.1924169999999999,-0.0544359999999999,0.0500153303146363,0.0483678951859474,-0.1072676330804825,138.49413498852388,44.04066716098946,-94.4534678275344,-165.94509619909255,-65.00192541610141,100.94317078299116,0.3083428035585941,94.4534678275344
6,CapturedFrames_-3.0_1.5_1.0,LEFT_ELBOW,-0.211698,0.196742,-0.0786150000000001,0.0484996140003204,0.0495951324701308,-0.1221693400293588,137.0970840096205,45.63985052800662,-91.45723348161388,-159.627295517672,-68.34757625492372,91.27971926274827,0.3020794257984241,91.45723348161388
7,CapturedFrames_-3.0_1.5_1.0,LEFT_ELBOW,-0.2077429999999999,0.2010630000000001,-0.0947330000000001,0.0493800938129425,0.0498154684901238,-0.1232371702790259,135.93614513621756,45.25147265414656,-90.68467248207098,-155.4865137082582,-68.16444057681643,87.32207313144177,0.2996674638379448,90.68467248207098
8,CapturedFrames_-3.0_1.5_1.0,LEFT_ELBOW,-0.2034419999999999,0.2013579999999999,-0.101982,0.0479057431221008,0.0456655770540237,-0.1154906731098889,135.294968749053,43.62855897231916,-91.6664097767338,-153.37617424097883,-67.47123651187617,85.90493772910267,0.2959701045452938,91.6664097767338
9,CapturedFrames_-3.0_1.5_1.0,LEFT_ELBOW,-0.201535,0.1969630000000001,-0.106656,0.048918604850769,0.0454467236995697,-0.116989767178893,135.65733030261782,42.892928946854695,-92.76440135576314,-152.1113899608875,-67.30803451982145,84.80335544106603,0.2929009677532683,92.76440135576314
10,CapturedFrames_-3.0_1.5_1.0,LEFT_ELBOW,-0.204658,0.1913950000000001,-0.1098449999999999,0.0500013828277587,0.0437367558479309,-0.1202649008482694,136.91800099515422,41.17654314879783,-95.74145784635635,-151.77644675044613,-67.42439347244047,84.35205327800564,0.2945554831639955,95.74145784635635
11,CapturedFrames_-3.0_1.5_1.0,LEFT_ELBOW,-0.213544,0.187937,-0.1074710000000003,0.0503099858760833,0.0434470549225807,-0.1129848156124352,138.64945875837915,40.81346718204455,-97.8359915763346,-153.2851069586056,-65.99750096990887,87.28760598869674,0.3008765066497881,97.8359915763346
12,CapturedFrames_-3.0_1.5_1.0,LEFT_ELBOW,-0.222408,0.1826620000000001,-0.0964179999999998,0.0504399538040161,0.0412578135728835,-0.1298781726509333,140.6039983116439,39.28175833381899,-101.3222399778249,-156.5623719785643,-68.77564256770385,87.78672941086045,0.3091289908565412,101.3222399778249
13,CapturedFrames_-3.0_1.5_1.0,LEFT_ELBOW,-0.2296859999999999,0.177955,-0.0783529999999999,0.0483306944370269,0.0410027131438255,-0.129699682816863,142.23236606927844,40.31055105607179,-101.92181501320668,-161.16390343076102,-69.56282492446051,91.6010785063005,0.3141427909361007,101.92181501320668
14,CapturedFrames_-3.0_1.5_1.0,LEFT_ELBOW,-0.233528,0.1747710000000001,-0.05377,0.0456335544586181,0.0430535972118377,-0.1232254076749086,143.18903143104723,43.33370469427224,-99.855326736775,-167.03359047789976,-69.67910607919427,97.3544843987055,0.3163932700616415,99.855326736775
15,CapturedFrames_-3.0_1.5_1.0,LEFT_ELBOW,-0.234293,0.1724319999999999,-0.0221009999999997,0.0442121922969818,0.0460495948791503,-0.1360593251883982,143.64814487113247,46.16617318051431,-97.48197169061814,-174.61120046144188,-71.99853825056564,102.61266221087624,0.326380382897401,97.48197169061814
16,CapturedFrames_-3.0_1.5_1.0,LEFT_ELBOW,-0.2338,0.1721300000000001,0.0117560000000001,0.0415316820144653,0.0481536090373992,-0.1395410168915986,143.6384761195458,49.22277998861632,-94.41569613092948,177.121461163914,-73.42538215206027,109.45315668402571,0.3377402373975049,94.41569613092948
43,CapturedFrames_-3.0_1.5_1.0,LEFT_ELBOW,-0.2224089999999999,0.182662,-0.0964180000000001,0.0401664972305297,0.0456239432096481,-0.1516072116792201,140.60412466250722,48.63989105673929,-91.96423360576792,-156.56246599080245,-75.16109725807824,81.4013687327242,0.3012825415461529,91.96423360576792
44,CapturedFrames_-3.0_1.5_1.0,LEFT_ELBOW,-0.2296869999999999,0.1779549999999999,-0.078353,0.0375192165374755,0.0442170947790146,-0.1590787749737501,142.23248684164307,49.684632974824574,-92.54785386681849,-161.163979656078,-76.72913860121974,84.43484105485827,0.3095184004130967,92.54785386681849
45,CapturedFrames_-3.0_1.5_1.0,LEFT_ELBOW,-0.2335269999999999,0.174771,-0.053771,0.036900907754898,0.0480392277240753,-0.1661302652209997,143.1889137342773,52.47065072319175,-90.71826301108555,-167.0333038331798,-77.47675619498928,89.55654763819051,0.3190874486373468,90.71826301108555
11,CapturedFrames_-3.0_1.5_2.0,LEFT_ELBOW,-0.21366,0.18777,-0.1074849999999996,0.0325746536254882,0.0355914384126663,-0.0999403186142444,138.69014801235645,47.53405049796735,-91.1560975143891,-153.29460361102693,-71.9470840882805,81.34751952274642,0.2895630181326107,91.1560975143891
12,CapturedFrames_-3.0_1.5_2.0,LEFT_ELBOW,-0.222503,0.182502,-0.0962260000000001,0.0330580472946167,0.0393331050872802,-0.0774741657078265,140.64062034831295,49.95416710850732,-90.68645323980562,-156.61293792182337,-66.89216955777306,89.7207683640503,0.2935309398584276,90.68645323980562
13,CapturedFrames_-3.0_1.5_2.0,LEFT_ELBOW,-0.2297199999999999,0.1778389999999998,-0.0779689999999999,0.0359635353088378,0.0402747690677643,-0.0755070792511105,142.25455790490062,48.236597398538,-94.0179605063626,-161.2523331769894,-64.53184076379785,96.72049241319156,0.299195119645949,94.0179605063626
14,CapturedFrames_-3.0_1.5_2.0,LEFT_ELBOW,-0.2335229999999999,0.1746839999999999,-0.0531730000000001,0.0339627861976623,0.0403402298688888,-0.0933924317359923,143.20212755093135,49.90568607079751,-93.29644148013384,-167.17250120721164,-70.01586293194626,97.15663827526538,0.3020173787714682,93.29644148013384
15,CapturedFrames_-3.0_1.5_2.0,LEFT_ELBOW,-0.234297,0.172402,-0.0214199999999999,0.0332929790019989,0.0395144671201706,-0.080806448124349,143.6533709318866,49.88413185440948,-93.76923907747712,-174.7764016271673,-67.607901069642,107.1685005575253,0.3046149101373797,93.76923907747712
16,CapturedFrames_-3.0_1.5_2.0,LEFT_ELBOW,-0.233859,0.1721939999999999,0.0123619999999999,0.0337630808353424,0.0440053939819336,-0.1119849970564245,143.63520922809363,52.50282376953259,-91.13238545856105,176.9741091403253,-73.2221265723954,109.80376428727932,0.3217391374086218,91.13238545856105
43,CapturedFrames_-3.0_1.5_2.0,LEFT_ELBOW,-0.2225029999999999,0.1825029999999999,-0.0962259999999999,0.0379308760166168,0.0419826507568359,-0.1288907118141651,140.64046640854724,47.90252450923301,-92.73794189931424,-156.61293792182337,-73.60152323405298,83.0114146877704,0.297722615409649,92.73794189931424
44,CapturedFrames_-3.0_1.5_2.0,LEFT_ELBOW,-0.22972,0.1778389999999999,-0.0779699999999999,0.0347487330436706,0.0426595211029053,-0.1306295990943907,142.2545579049006,50.835122676403735,-91.41943522849684,-161.25210952584456,-75.10373400879176,86.1483755170528,0.3016458778922668,91.41943522849684
45,CapturedFrames_-3.0_1.5_2.0,LEFT_ELBOW,-0.233522,0.1746839999999999,-0.0531729999999999,0.0337525904178619,0.0435596704483032,-0.1316428743302822,143.20200986746687,52.229373338829,-90.97263652863788,-167.17244809386102,-75.61941922170216,91.55302887215883,0.3078746784989439,90.97263652863788
44,CapturedFrames_-3.0_1.5_3.0,LEFT_ELBOW,-0.229734,0.177885,-0.0780589999999999,0.030079036951065,0.0366140455007553,-0.1192599684000014,142.2490751089015,50.59633647942014,-91.65273862948136,-161.23327059259762,-75.84442646270222,85.38884412989539,0.2985930617947461,91.65273862948136
45,CapturedFrames_-3.0_1.5_3.0,LEFT_ELBOW,-0.233542,0.1747189999999999,-0.053349,0.0318493843078613,0.0393812954425811,-0.1069949390366672,143.1988576494564,51.03600958665129,-92.16284806280508,-167.132466216902,-73.42321169256256,93.70925452433946,0.3026991376182626,92.16284806280508
10,CapturedFrames_-4.0_1.5_-1.0,LEFT_ELBOW,-0.204761,0.191297,-0.109982,0.0479851067066192,0.0493163019418717,-0.1595513205975294,136.94702142229147,45.78382329280673,-91.16319812948474,-151.75869762859102,-73.26132471683647,78.49737291175455,0.2941024151905724,91.16319812948474
11,CapturedFrames_-4.0_1.5_-1.0,LEFT_ELBOW,-0.21367,0.187806,-0.1074190000000001,0.0461859405040739,0.0472648441791534,-0.160372033715248,138.68603119101593,45.66145919467438,-93.02457199634156,-153.3098057882953,-73.93399706823094,79.37580872006437,0.300134886466676,93.02457199634156
12,CapturedFrames_-4.0_1.5_-1.0,LEFT_ELBOW,-0.222515,0.182535,-0.0961989999999999,0.0405373871326446,0.0471227318048477,-0.1567939370870589,140.63705588092486,49.29619603486442,-91.34085984606044,-156.61992089628313,-75.5042068601732,81.11571403610992,0.3020013032331537,91.34085984606044
13,CapturedFrames_-4.0_1.5_-1.0,LEFT_ELBOW,-0.229739,0.177862,-0.0779779999999998,0.0368996262550354,0.0451119095087051,-0.1405976973474025,142.25326503404858,50.71829158315172,-91.53497345089686,-161.25176263940784,-75.29446752342687,85.95729511598097,0.3043681488469182,91.53497345089686
2,CapturedFrames_-4.0_1.5_0.0,LEFT_ELBOW,-0.2282779999999999,0.1834079999999999,0.0327790000000001,0.0390943586826324,0.0475945621728896,-0.1293307840824126,141.22016249148226,50.60018361613703,-90.61997887534524,171.82861384307094,-73.18088186281487,114.99050429411422,0.3409000589280956,90.61997887534524
3,CapturedFrames_-4.0_1.5_0.0,LEFT_ELBOW,-0.2280239999999999,0.1857930000000001,0.0027340000000002,0.0430311262607574,0.0478186458349228,-0.1230235043913125,140.82699641697184,48.0165312315586,-92.81046518541324,179.313058470312,-70.72119858070187,109.96574294898616,0.329124222430128,92.81046518541324
5,CapturedFrames_-4.0_1.5_0.0,LEFT_ELBOW,-0.217268,0.1924889999999999,-0.055196,0.0450841486454008,0.0480838268995285,-0.1155629232525825,138.46060053877216,46.84408379239656,-91.61651674637558,-165.7457991982355,-68.68792996407294,97.05786923416254,0.3054925029194969,91.61651674637558
12,CapturedFrames_-4.0_1.5_0.0,LEFT_ELBOW,-0.2224199999999999,0.182566,-0.096419,0.041534274816513,0.0415471345186233,-0.1216425504535436,140.62028650752325,45.00886849003559,-95.61141801748764,-156.56328322737403,-71.14777173101673,85.4155114963573,0.3003238370709996,95.61141801748764
13,CapturedFrames_-4.0_1.5_0.0,LEFT_ELBOW,-0.229671,0.1778849999999999,-0.0782409999999997,0.0400570034980773,0.0381104350090026,-0.1364369839429855,142.24146786065023,43.5734838571748,-98.66798400347544,-161.18779137137352,-73.63810711417652,87.54968425719699,0.3093168237205562,98.66798400347544
14,CapturedFrames_-4.0_1.5_0.0,LEFT_ELBOW,-0.2334999999999999,0.174719,-0.0535339999999999,0.0375828444957733,0.0387614369392395,-0.139796745032072,143.1939146236556,45.88445405012833,-97.30946057352725,-167.08709336188213,-74.95243307576709,92.13466028611504,0.3152960968895882,97.30946057352725
15,CapturedFrames_-4.0_1.5_0.0,LEFT_ELBOW,-0.2342819999999999,0.172412,-0.0218099999999998,0.0338509678840637,0.0387134104967117,-0.1477872785180807,143.65003336271062,48.83358313381088,-94.81645022889973,-174.6814960396882,-77.09883499481711,97.58266104487107,0.3250244237042921,94.81645022889973
2,CapturedFrames_-4.0_1.5_1.0,LEFT_ELBOW,-0.228296,0.1834739999999999,0.0317729999999998,0.0339595973491668,0.0413145422935486,-0.1084908004850149,141.21230286670283,50.58058685487795,-90.63171601182488,172.07677878918776,-72.61892911239033,115.30429209842193,0.3296380492037603,90.63171601182488
11,CapturedFrames_-4.0_1.5_1.0,LEFT_ELBOW,-0.214012,0.187612,-0.1069770000000001,0.0342951416969299,0.0378049612045288,-0.1244969721883535,138.76082014046875,47.786947774267645,-90.9738723662011,-153.4411603163561,-74.59873285033929,78.8424274660168,0.2905263067535326,90.9738723662011
12,CapturedFrames_-4.0_1.5_1.0,LEFT_ELBOW,-0.222808,0.182359,-0.0955189999999999,0.0365015268325805,0.04446941614151,-0.1119714733213185,140.70111412616674,50.62005749222597,-90.0810566339408,-156.79492333450094,-71.94457434548552,84.85034898901542,0.2941524297387208,90.0810566339408
13,CapturedFrames_-4.0_1.5_1.0,LEFT_ELBOW,-0.229923,0.1777369999999999,-0.0770739999999996,0.035607486963272,0.0448883026838302,-0.1026936974376439,142.2949596257428,51.57691517044517,-90.71804445529764,-161.4679946134815,-70.87678465919977,90.5912099542817,0.2980127258731615,90.71804445529764
14,CapturedFrames_-4.0_1.5_1.0,LEFT_ELBOW,-0.233637,0.174606,-0.0520749999999998,0.0328436493873596,0.0405336320400237,-0.1076768767088651,143.22781065613012,50.98279216052234,-92.24501849560778,-167.43481910010195,-73.03722214211507,94.39759695798688,0.3034450609943289,92.24501849560778
10,CapturedFrames_-4.0_1.5_2.0,LEFT_ELBOW,-0.204446,0.1914450000000001,-0.1101589999999999,0.0241744518280029,0.0249375700950622,-0.0672066276893019,136.88090868748807,45.89020846455042,-90.99070022293766,-151.68345364909104,-70.21616976118288,81.46728388790815,0.2860715670854145,90.99070022293766
63,CapturedFrames_0.0_1.5_3.0,RIGHT_ELBOW,0.238284,0.170754,0.0125949999999999,-0.0472845733165741,0.0652327984571456,-0.0981677253730595,35.62533368318385,125.93681171855962,90.3114780353758,3.025672769792158,-115.71878092060058,-118.74445369039276,0.3239637562647696,90.3114780353758
78,CapturedFrames_0.0_1.5_3.0,LEFT_ELBOW,-0.233824,0.1721580000000001,0.011975,0.0666636228561401,0.0869063138961792,-0.1011770220939069,143.63683456899875,52.509104145509816,-91.12773042348891,177.06823062607486,-56.619869734759305,126.31189963916584,0.3322108390423443,91.12773042348891
94,CapturedFrames_0.0_1.5_4.0,RIGHT_ELBOW,0.238305,0.170761,0.0126949999999999,-0.0628669261932373,0.0865551084280014,-0.0876795845106243,35.624055100188286,125.9917494559654,90.36769435577708,3.0493821752417505,-125.64080981819151,-128.69019199343327,0.3284360189109294,90.36769435577708
62,CapturedFrames_1.0_1.5_3.0,RIGHT_ELBOW,0.23393,0.170231,-0.019109,-0.0391132831573486,0.0536866039037703,-0.12030775193125,36.04340423674056,126.0751452925719,90.03174105583135,-4.6699418847887,-108.00987473970416,-103.33993285491547,0.3136501524489054,90.03174105583135
19,CapturedFrames_3.0_1.5_-1.0,RIGHT_ELBOW,0.233828,0.1843180000000001,-0.0600300000000002,-0.0594018287956715,0.0636486411094665,-0.1989923939108847,38.247410981416806,133.02334862511367,94.77593764369686,-14.398430779226237,-106.62105147568958,-92.22262069646334,0.3462013483394237,94.77593764369686
20,CapturedFrames_3.0_1.5_-1.0,RIGHT_ELBOW,0.226619,0.185599,-0.0843100000000003,-0.0610068030655384,0.0634731650352478,-0.2127283606678247,39.31717945906117,133.86492865804635,94.54774919898516,-20.406918255525014,-106.00197286494188,-85.59505460941688,0.3378381232358853,94.54774919898516
21,CapturedFrames_3.0_1.5_-1.0,RIGHT_ELBOW,0.21858,0.1875379999999999,-0.1054399999999997,-0.0612583756446838,0.0666458755731583,-0.2192980851978063,40.62904393875068,132.58805008917304,91.95900615042235,-25.75202520826844,-105.6070892317653,-79.85506402349687,0.325404495661632,91.95900615042235
19,CapturedFrames_3.0_1.5_0.0,RIGHT_ELBOW,0.233957,0.184309,-0.0595160000000003,-0.0547710210084914,0.0430808588862419,-0.1872722152620553,38.230688534233096,141.81271925334096,103.58203071910788,-14.272656638668954,-106.30247823603416,-92.0298215973652,0.3458770135409579,103.58203071910788
20,CapturedFrames_3.0_1.5_0.0,RIGHT_ELBOW,0.226779,0.1855789999999999,-0.0838479999999997,-0.0569881275296212,0.0423284024000167,-0.1868037525564432,39.29433194594177,143.3965762695101,104.10224432356831,-20.29108779920718,-106.96534900733089,-86.6742612081237,0.3341323141565752,104.10224432356831
21,CapturedFrames_3.0_1.5_0.0,RIGHT_ELBOW,0.218741,0.187499,-0.1050599999999999,-0.0579072088003158,0.0472253113985061,-0.1968335639685391,40.602308469603344,140.8015780330079,100.19926956340456,-25.65469704994848,-106.39355466791072,-80.73885761796225,0.3234707501301774,100.19926956340456
22,CapturedFrames_3.0_1.5_0.0,RIGHT_ELBOW,0.211812,0.190381,-0.1213380000000001,-0.058043159544468,0.0530012473464012,-0.1842010393738746,41.94985819421555,137.59969887422506,95.64984068000952,-29.80654298105696,-107.49003909725192,-77.68349611619496,0.3092681123091347,95.64984068000952
23,CapturedFrames_3.0_1.5_0.0,RIGHT_ELBOW,0.207818,0.1936269999999998,-0.1307559999999998,-0.0555851683020592,0.0591927021741866,-0.1873998884111643,42.97544873700952,133.19975365492212,90.2243049179126,-32.17749334239835,-106.521020231091,-74.34352688869265,0.3011018757793097,90.2243049179126
24,CapturedFrames_3.0_1.5_0.0,RIGHT_ELBOW,0.204775,0.1949159999999999,-0.1355550000000001,-0.0543277338147163,0.056290753185749,-0.1933642718940973,43.58699703717438,133.9833442502942,90.39634721311984,-33.50338218042658,-105.6932685340132,-72.18988635358662,0.2994880592636331,90.39634721311984
25,CapturedFrames_3.0_1.5_0.0,RIGHT_ELBOW,0.203452,0.191841,-0.1366069999999997,-0.0528475567698479,0.0542727559804916,-0.2023765817284583,43.317526316469866,134.23774417797338,90.92021786150352,-33.87922195816717,-104.63509857846928,-70.7558766203021,0.298228305906344,90.92021786150352
26,CapturedFrames_3.0_1.5_0.0,RIGHT_ELBOW,0.20915,0.186466,-0.1301240000000001,-0.0513247177004814,0.0513597801327705,-0.1954740192741155,41.71834321897639,134.9804359046015,93.2620926856251,-31.888070792331582,-104.7118104286568,-72.82373963632523,0.3006183531108586,93.2620926856251
27,CapturedFrames_3.0_1.5_0.0,RIGHT_ELBOW,0.21381,0.178721,-0.1191079999999999,-0.0469696149230003,0.0505122542381287,-0.1913476008921862,39.89181223647514,132.91870021199327,93.02688797551816,-29.12104437191147,-103.7915663093922,-74.67052193748073,0.2994362202310917,93.02688797551816
28,CapturedFrames_3.0_1.5_0.0,RIGHT_ELBOW,0.219279,0.1740759999999999,-0.1025789999999999,-0.0440672561526298,0.0500945970416068,-0.2024776674807071,38.44452250088028,131.33746916075097,92.89294665987067,-25.0702538693026,-102.27838370705815,-77.20812983775556,0.3077375223685907,92.89294665987067
29,CapturedFrames_3.0_1.5_0.0,RIGHT_ELBOW,0.223197,0.1718699999999999,-0.0800150000000001,-0.0408705696463585,0.0499560832977294,-0.1905825976282358,37.59761032727365,129.2876278417454,91.69001751447176,-19.722500943599577,-102.10379422353896,-82.38129327993937,0.3111589273504811,91.69001751447176
64,CapturedFrames_3.0_1.5_0.0,LEFT_ELBOW,-0.228259,0.183407,0.0329329999999999,0.0072324275970458,-0.0149291604757308,-0.0546160122030414,141.21798647410586,-64.15214501451149,154.62986851138265,171.7900716479103,-82.45659816002993,105.75333019205972,0.3200910410518824,154.62986851138265
64,CapturedFrames_3.0_1.5_0.0,RIGHT_ELBOW,0.242154,0.1730600000000001,0.0388149999999999,0.0026004314422607,-0.0226228386163711,-0.0763755296939052,35.552223400428865,-83.44279062985154,-118.99501403028042,9.106508437652812,-88.04994855285537,-97.15645699050818,0.330070513176913,118.99501403028042
0,CapturedFrames_3.0_1.5_1.0,RIGHT_ELBOW,0.237839,0.17074,0.0187399999999997,-0.0416494309902191,0.0420342758297921,-0.14451614767313,35.67383211226015,134.73650988382497,99.0626777715648,4.505186906913459,-106.07693651641112,-110.58212342332456,0.3483267377687548,99.0626777715648
1,CapturedFrames_3.0_1.5_1.0,RIGHT_ELBOW,0.237839,0.17074,0.0187399999999997,-0.0406593903899192,0.0459973961114883,-0.138679102063179,35.67383211226015,131.47506851108767,95.80123639882753,4.505186906913459,-106.34063402832793,-110.84582093524136,0.3433698361374212,95.80123639882753
18,CapturedFrames_3.0_1.5_1.0,RIGHT_ELBOW,0.2394389999999999,0.184826,-0.032229,-0.0391308665275573,0.0448706075549125,-0.1820084936916827,37.66500563446514,131.09110954307738,93.42610390861223,-7.666058483793619,-102.1335914326596,-94.46753294886598,0.3458649724129004,93.42610390861223
19,CapturedFrames_3.0_1.5_1.0,RIGHT_ELBOW,0.233976,0.1843029999999998,-0.0594350000000001,-0.0400256067514419,0.0443653687834739,-0.1192418597638606,38.2275200750868,132.05618745431048,93.82866737922367,-14.252913653722908,-108.555224119569,-94.30231046584608,0.3134266766050367,93.82866737922367
20,CapturedFrames_3.0_1.5_1.0,RIGHT_ELBOW,0.226793,0.1855660000000001,-0.0837909999999997,-0.0409055501222611,0.0421626642346382,-0.1402811408042907,39.29063124387797,134.13297961593443,94.84234837205648,-20.277267760988902,-106.2565223267025,-85.9792545657136,0.3088983108634336,94.84234837205648
21,CapturedFrames_3.0_1.5_1.0,RIGHT_ELBOW,0.2187319999999999,0.187474,-0.1050469999999998,-0.0418796092271804,0.0442164167761802,-0.1407562717795372,40.5996982825171,133.44526683825973,92.84556855574264,-25.652850086303637,-106.5694687093916,-80.91661862308796,0.2995267902978548,92.84556855574264
22,CapturedFrames_3.0_1.5_1.0,RIGHT_ELBOW,0.211767,0.19035,-0.1213869999999999,-0.0438796728849411,0.0440732762217521,-0.1154554802924394,41.95127195564209,134.8738798835546,92.9226079279125,-29.82177379944654,-110.809648814134,-80.98787501468746,0.2945968163481729,92.9226079279125
26,CapturedFrames_3.0_1.5_1.0,RIGHT_ELBOW,0.209016,0.1865470000000001,-0.1303699999999998,-0.0414004772901535,0.0426418930292129,-0.0940752755850553,41.74894529097003,134.1537279385545,92.40478264758448,-31.953116354062328,-113.7532478462623,-81.80013149219998,0.2910917362809196,92.40478264758448
27,CapturedFrames_3.0_1.5_1.0,RIGHT_ELBOW,0.213675,0.178772,-0.1194129999999999,-0.038224920630455,0.042843796312809,-0.1300356891006231,39.91766572034928,131.73910856282131,91.821442842472,-29.1987901627928,-106.38107633829289,-77.18228617550007,0.2864312973384447,91.821442842472
28,CapturedFrames_3.0_1.5_1.0,RIGHT_ELBOW,0.219166,0.1741,-0.1029459999999999,-0.0373593121767044,0.0407062247395515,-0.1495559830218552,38.46275218851401,132.5450549985647,94.08230281005068,-25.16024298482843,-104.02553995250614,-78.86529696767771,0.2928679319811035,94.08230281005068
29,CapturedFrames_3.0_1.5_1.0,RIGHT_ELBOW,0.223079,0.1718819999999999,-0.0804479999999998,-0.0372887849807739,0.0447094365954399,-0.161191402003169,37.61419198938491,129.82894891382688,92.21475692444196,-19.830602228546365,-103.0252457365395,-83.19464350799313,0.3008051550517822,92.21475692444196
30,CapturedFrames_3.0_1.5_1.0,RIGHT_ELBOW,0.2283859999999999,0.170785,-0.0515509999999999,-0.0344888716936112,0.0459122955799102,-0.1456474997103213,36.78880999106427,126.91352066165788,90.1247106705936,-12.719573865051805,-103.32207697508596,-90.60250311003416,0.3058603304367112,90.1247106705936
46,CapturedFrames_3.0_1.5_1.0,LEFT_ELBOW,-0.234295,0.172422,-0.021869,0.0135896950960159,-0.0246204733848571,0.0285743493586778,143.64996466090602,-61.10274043510904,155.24729490398494,-174.66748554926917,64.56467358164986,-120.76784086908094,0.3206510406578912,155.24729490398494
46,CapturedFrames_3.0_1.5_1.0,RIGHT_ELBOW,0.2494519999999999,0.194855,0.0598809999999999,-0.0136771649122238,-0.0244898200035094,0.0462716836482286,37.99454240771068,-119.18264589578808,-157.17718830349875,13.49845230818384,106.46683123949278,92.96837893130892,0.3428327886613805,157.17718830349875
61,CapturedFrames_3.0_1.5_1.0,RIGHT_ELBOW,0.228386,0.170785,-0.051551,-0.0005360543727874,-0.057100549340248,-0.0771799311041831,36.78880999106427,-90.5378713735744,-127.32668136463867,-12.719573865051824,-90.39794229986694,-77.67836843481511,0.3240277344393641,127.32668136463867
0,CapturedFrames_3.0_1.5_2.0,RIGHT_ELBOW,0.237746,0.170713,0.0182999999999999,-0.028808370232582,0.0394974127411842,-0.1033693654462695,35.68015534710852,126.1060240748948,90.42586872778628,4.401543423735938,-105.57280811306656,-109.97435153680252,0.3210485899639838,90.42586872778628
1,CapturedFrames_3.0_1.5_2.0,RIGHT_ELBOW,0.237746,0.170713,0.0182999999999999,-0.0281850695610047,0.0372146219015122,-0.0917164906859397,35.68015534710852,127.13903073482666,91.45887538771817,4.401543423735938,-107.08253103610164,-111.48407445983756,0.3172456129493932,91.45887538771817
16,CapturedFrames_3.0_1.5_2.0,RIGHT_ELBOW,0.248122,0.190721,0.0311460000000001,-0.0317382961511611,0.0405244305729866,-0.0856993561610579,37.54797455246705,128.0676634745957,90.51968892212862,7.154742417063079,-110.32183979090816,-117.47658220797123,0.3384281786226788,90.51968892212862
17,CapturedFrames_3.0_1.5_2.0,RIGHT_ELBOW,0.244375,0.187312,-0.0007510000000001,-0.0325050354003906,0.0414440408349037,-0.0884012961760162,37.4699525222618,128.10749584792535,90.63754332566356,-0.1760777287209105,-110.18840589301506,-110.01232816429416,0.324996292185088,90.63754332566356
19,CapturedFrames_3.0_1.5_2.0,RIGHT_ELBOW,0.2342429999999999,0.184297,-0.0583589999999998,-0.0314055979251861,0.0376639366149902,-0.0607123589143156,38.19485391307896,129.82261038141678,91.62775646833784,-13.989788887555434,-117.35185148330436,-103.36206259574892,0.303440226659995,91.62775646833784
30,CapturedFrames_3.0_1.5_2.0,RIGHT_ELBOW,0.228339,0.1708110000000001,-0.0520180000000001,-0.0313622057437897,0.0397595465183258,-0.1355851171538233,36.7986491197896,128.26626603202004,91.46761691223044,-12.833556210277193,-103.02403543430556,-90.19047922402837,0.3026593180357057,91.46761691223044
0,CapturedFrames_4.0_1.5_1.0,RIGHT_ELBOW,0.237779,0.1707280000000001,0.0189440000000002,-0.0319920778274536,0.0422261208295822,-0.1292920019477605,35.678772823240976,127.14892150178926,91.47014867854828,4.555168614452842,-103.89813849263447,-108.45330710708733,0.3335612082601501,91.47014867854828
46,CapturedFrames_-1.0_2.0_3.0,LEFT_ELBOW,-0.234331,0.172391,-0.0207769999999999,0.0347475707530975,0.0467649847269058,-0.1061279941350221,143.65908464930757,53.38671399665822,-90.27237065264936,-174.93310955657367,-71.87093624303652,103.06217331353716,0.3089821437425827,90.27237065264936
47,CapturedFrames_-1.0_2.0_3.0,LEFT_ELBOW,-0.233874,0.1722269999999999,0.0129639999999999,0.0342752039432525,0.0449428260326385,-0.1155721619725227,143.63172159816423,52.66940181149722,-90.962319786667,176.82725265302625,-73.48123790820462,109.69150943876916,0.3234606644594983,90.962319786667
76,CapturedFrames_-1.0_2.0_3.0,LEFT_ELBOW,-0.2335919999999999,0.174644,-0.052563,0.0523376613855361,0.0650922060012817,-0.1390251825796439,143.21653904023083,51.19883236154336,-92.01770667868747,-167.3184958936156,-69.3705643603033,97.9479315333123,0.318171456678346,92.01770667868747
77,CapturedFrames_-1.0_2.0_3.0,LEFT_ELBOW,-0.23433,0.17239,-0.0207779999999999,0.0520414412021636,0.0534362345933914,-0.1742468439042568,143.65912658397957,45.75761165937837,-97.9015149246012,-174.93284544463512,-73.37095342865439,101.56189201598072,0.3459931887912303,97.9015149246012
95,CapturedFrames_-1.0_2.0_3.0,RIGHT_ELBOW,0.242385,0.1732029999999998,0.039463,-0.087214708328247,0.1188096106052398,0.0002711777051444,35.54876711003362,126.28131850519456,90.73255139516094,9.247258790110156,179.82185014167663,170.57459135156648,0.3363489370797937,90.73255139516094
40,CapturedFrames_-1.0_2.0_4.0,LEFT_ELBOW,-0.201558,0.196959,-0.106616,0.0330301225185394,0.0303008407354355,-0.0503271506167948,135.6611803092082,42.532334607059,-93.1288457021492,-152.12297699620865,-56.72278055652527,95.40019643968338,0.2932148765685523,93.1288457021492
78,CapturedFrames_-1.0_2.0_4.0,LEFT_ELBOW,-0.233795,0.1721309999999999,0.0118389999999999,0.039449855685234,0.0464130491018295,-0.1424259515479207,143.6377321732657,49.63634928775935,-94.00138288550636,177.10111068662772,-74.51806534944065,108.38082396393168,0.3380316991238565,94.00138288550636
45,CapturedFrames_-2.0_2.0_3.0,LEFT_ELBOW,-0.233517,0.1746949999999999,-0.0532859999999999,0.0332113206386566,0.0443795770406723,-0.1019821744412182,143.19969091970668,53.190767049877095,-90.00892386982957,-167.14582628336987,-71.96174115401664,95.18408512935322,0.3008278974712884,90.00892386982957
76,CapturedFrames_-2.0_2.0_3.0,LEFT_ELBOW,-0.233517,0.174696,-0.0532869999999999,0.0414121150970458,0.0517643988132477,-0.1647146213799714,143.19953360351673,51.33978946884344,-91.85974413467328,-167.14559306701256,-75.8873503511606,91.25824271585196,0.321114172382319,91.85974413467328
77,CapturedFrames_-2.0_2.0_3.0,LEFT_ELBOW,-0.234293,0.172406,-0.021544,0.0402607321739196,0.0504656881093979,-0.185096701607108,143.65226940111117,51.41768518173509,-92.23458421937607,-174.74624184591005,-77.72862953070211,97.01761231520796,0.3420506946602937,92.23458421937607
11,CapturedFrames_-3.0_2.0_-3.0,LEFT_ELBOW,-0.2135079999999999,0.1878929999999999,-0.1076329999999998,0.0385343730449676,0.0417064428329468,-0.2404168136417865,138.65132142255354,47.263830721015744,-91.38749070153776,-153.24655303919332,-80.89399631352134,72.35255672567197,0.3201990138519346,91.38749070153776
12,CapturedFrames_-3.0_2.0_-3.0,LEFT_ELBOW,-0.222376,0.1826149999999999,-0.0965209999999996,0.033564805984497,0.0404119193553925,-0.2428684644401073,140.60718636237755,50.2880973207697,-90.31908904160784,-156.53702826906806,-82.13147543347415,74.40555283559388,0.3273300973953653,90.31908904160784
36,CapturedFrames_-3.0_2.0_0.0,LEFT_ELBOW,-0.21735,0.1924180000000001,-0.0548059999999999,0.0430927276611328,0.0477382242679596,-0.2199349608272314,138.48182265555317,47.92780854207096,-90.5540141134822,-165.84757881449357,-78.91424838066469,86.93333043382889,0.3406320971390187,90.5540141134822
42,CapturedFrames_-3.0_2.0_0.0,LEFT_ELBOW,-0.2133639999999999,0.1879369999999999,-0.107831,0.0374765992164611,0.0421212464570999,-0.2117974776774644,138.62549523950702,48.33950325824254,-90.28599198126447,-153.18864319481236,-79.96563667951028,73.22300651530209,0.3082081580315741,90.28599198126447
43,CapturedFrames_-3.0_2.0_0.0,LEFT_ELBOW,-0.222246,0.182662,-0.0967919999999999,0.0375169515609741,0.043672114610672,-0.1935761645436287,140.5835205101677,49.33545484753081,-91.24806566263686,-156.4660366499871,-79.03150279144022,77.43453385854687,0.3101002317809771,91.24806566263686
45,CapturedFrames_-3.0_2.0_0.0,LEFT_ELBOW,-0.233438,0.174771,-0.0541609999999999,0.0282950103282928,0.0357017368078231,-0.2246266081929206,143.1784361335718,51.60181127063252,-91.57662486293928,-166.93766076107858,-82.82057050776912,84.11709025330946,0.3419107372354772,91.57662486293928
1,CapturedFrames_-3.0_2.0_1.0,LEFT_ELBOW,-0.2305199999999999,0.1836080000000001,0.060095,0.0441961288452147,0.0479426011443138,-0.09695156943053,141.46285770789305,47.328433093272295,-94.13442461462076,165.3885867212203,-65.49375964644274,129.11765363233698,0.3442930101879376,94.13442461462076
2,CapturedFrames_-3.0_2.0_1.0,LEFT_ELBOW,-0.228258,0.183391,0.0331640000000001,0.0466298758983612,0.0440322458744048,-0.0866022082045673,141.22030453602864,43.35882364835561,-97.861480887673,171.7332426738461,-61.70031226835428,126.5664450577996,0.3306480777126199,97.861480887673
3,CapturedFrames_-3.0_2.0_1.0,LEFT_ELBOW,-0.228053,0.185764,0.00312,0.0516560375690459,0.0453416854143142,-0.0918235583230852,140.83494402607587,41.27541800279318,-99.55952602328269,179.21618360519298,-60.63974094764078,120.14407544716626,0.3270624579471822,99.55952602328269
4,CapturedFrames_-3.0_2.0_1.0,LEFT_ELBOW,-0.224011,0.189139,-0.0269339999999997,0.0515773892402648,0.0414205715060234,-0.1039095455780625,139.824624999335,38.76711709025886,-101.05750790907612,-173.14394415161493,-63.6016621379821,109.54228201363284,0.3220169700773768,101.05750790907612
5,CapturedFrames_-3.0_2.0_1.0,LEFT_ELBOW,-0.217334,0.1924439999999999,-0.0548769999999998,0.0532732009887695,0.0465246066451072,-0.1047938903793691,138.4758870150914,41.13139597794696,-97.34449103714442,-165.8289815452225,-63.0529597207791,102.77602182444338,0.311468172578166,97.34449103714442
6,CapturedFrames_-3.0_2.0_1.0,LEFT_ELBOW,-0.2115679999999999,0.196772,-0.0790060000000001,0.0546696484088898,0.0419654473662376,-0.1352866720408201,137.0751766456956,37.51052031445135,-99.56465633124424,-159.52282112121142,-67.99625555134959,91.52656556986184,0.3130735827469508,99.56465633124424
7,CapturedFrames_-3.0_2.0_1.0,LEFT_ELBOW,-0.2076,0.201077,-0.0950610000000002,0.0532520115375518,0.0437041819095611,-0.1297373846173285,135.91443520519604,39.37589073696597,-96.53854446823009,-155.39673752612129,-67.68380954050129,87.71292798561998,0.3066144605967604,96.53854446823009
8,CapturedFrames_-3.0_2.0_1.0,LEFT_ELBOW,-0.203298,0.201341,-0.1022660000000001,0.0522271692752838,0.0429784506559372,-0.1291460283100604,135.27710370543588,39.45143075520816,-95.82567295022773,-153.29600574341345,-67.98139544401599,85.31461029939746,0.3018183975337865,95.82567295022773
9,CapturedFrames_-3.0_2.0_1.0,LEFT_ELBOW,-0.2014129999999999,0.1969279999999998,-0.106926,0.0514379739761352,0.0381396561861037,-0.1188428029417991,135.64507724090765,36.55578376475396,-99.08929347615366,-152.03709106101658,-66.59589848024493,85.44119258077164,0.2988132583474066,99.08929347615366
10,CapturedFrames_-3.0_2.0_1.0,LEFT_ELBOW,-0.20457,0.1913640000000001,-0.1100919999999998,0.0504521131515502,0.0336529687047004,-0.1292857602238654,136.91033774069788,33.70439520231495,-103.20594253838291,-151.7125072462147,-68.68242096177507,83.03008628443963,0.3004620575381197,103.20594253838291
11,CapturedFrames_-3.0_2.0_1.0,LEFT_ELBOW,-0.2134769999999999,0.1879050000000001,-0.1076800000000002,0.0519357919692993,0.0335356742143631,-0.1260338481515645,138.6453805613973,32.85090169670805,-105.79447886468924,-153.23315188011753,-67.60451231645267,85.62863956366488,0.3075885281125116,105.79447886468924
12,CapturedFrames_-3.0_2.0_1.0,LEFT_ELBOW,-0.222349,0.1826269999999998,-0.096584,0.0510239601135253,0.0328374207019805,-0.12070775590837,140.60192765539523,32.764062107238985,-107.83786554815624,-156.52082861503067,-67.08590061390133,89.43492800112934,0.3126526011192541,107.83786554815624
13,CapturedFrames_-3.0_2.0_1.0,LEFT_ELBOW,-0.2296309999999999,0.1779269999999999,-0.078481,0.0486626327037811,0.0334348157048225,-0.1348866820335387,142.23008776274335,34.49193436162001,-107.73815340112333,-161.1311080107454,-70.16224086222945,90.96886714851595,0.3186015352937383,107.73815340112333
14,CapturedFrames_-3.0_2.0_1.0,LEFT_ELBOW,-0.233482,0.174752,-0.0538539999999998,0.046963632106781,0.0328180640935898,-0.1267974786460398,143.18660503436033,34.945749903503675,-108.24085513085666,-167.01154861581784,-69.6762262121067,97.33532240371112,0.32266971628376,108.24085513085666
15,CapturedFrames_-3.0_2.0_1.0,LEFT_ELBOW,-0.2342699999999999,0.1724229999999998,-0.0221569999999999,0.0430658459663391,0.0365571454167365,-0.137853262014687,143.64688728934016,40.32680510765341,-103.32008218168674,-174.59709963406956,-72.65101096091972,101.94608867314984,0.3297883062567205,103.32008218168674
16,CapturedFrames_-3.0_2.0_1.0,LEFT_ELBOW,-0.233813,0.17214,0.0116969999999998,0.0406039357185363,0.0384251996874809,-0.1348974760621785,143.63840793904023,43.42082584757226,-100.21758209146796,177.13604259156315,-73.24828498128947,109.61567242714736,0.3386358558152293,100.21758209146796
34,CapturedFrames_-3.0_2.0_1.0,LEFT_ELBOW,-0.228054,0.185763,0.0031209999999999,0.0400459766387939,0.0452875792980194,-0.1710840370506047,140.83521807754525,48.51496962290318,-92.32024845464208,179.21593585099666,-76.82584895762773,103.9582151913756,0.3492253373238013,92.32024845464208
35,CapturedFrames_-3.0_2.0_1.0,LEFT_ELBOW,-0.2240109999999999,0.1891399999999999,-0.026933,0.0435661077499389,0.0493061691522597,-0.1589204296469687,139.82447567779627,48.536722556378415,-91.28775312141784,-173.14419627904093,-74.66968242703676,98.47451385200418,0.3295021857684564,91.28775312141784
41,CapturedFrames_-3.0_2.0_1.0,LEFT_ELBOW,-0.204569,0.1913639999999999,-0.110093,0.0430440008640289,0.0458324253559113,-0.1565539371222257,136.91019801202802,46.79701830573069,-90.11317970629732,-151.7121731879297,-74.62658369736377,77.08558949056592,0.2909471706230411,90.11317970629732
42,CapturedFrames_-3.0_2.0_1.0,LEFT_ELBOW,-0.213477,0.187906,-0.1076809999999999,0.0436071753501892,0.0430875867605209,-0.1459862180054187,138.64522933496258,44.65661273983066,-93.98861659513192,-153.23293792416487,-73.3687211224822,79.8642168016827,0.2975431662047207,93.98861659513192
43,CapturedFrames_-3.0_2.0_1.0,LEFT_ELBOW,-0.222348,0.1826269999999999,-0.0965839999999998,0.0418905615806579,0.0416878163814544,-0.1533591393381357,140.6018012685163,44.861011642863,-95.7407896256533,-156.52073444951245,-74.7221617936759,81.79857265583654,0.3048102481087898,95.7407896256533
44,CapturedFrames_-3.0_2.0_1.0,LEFT_ELBOW,-0.229631,0.177928,-0.07848,0.0401354134082794,0.038570761680603,-0.1745297294110059,142.2299318543803,43.86112959424396,-98.36880226013636,-161.13133142694258,-77.04923857079672,84.08209285614588,0.3184649245915528,98.36880226013636
45,CapturedFrames_-3.0_2.0_1.0,LEFT_ELBOW,-0.2334809999999999,0.174752,-0.0538549999999999,0.0362882614135742,0.0396293997764587,-0.1834571249783039,143.1864873114721,47.519962718887065,-95.66652459258503,-167.01126187105848,-78.81118838315415,88.20007348790433,0.3283752157116736,95.66652459258503
46,CapturedFrames_-3.0_2.0_1.0,LEFT_ELBOW,-0.23427,0.1724230000000001,-0.022158,0.0326612293720245,0.0398755371570587,-0.1966929789632558,143.64688728934013,50.67980245687749,-92.96708483246265,-174.59685723094373,-80.57195658015259,94.02490065079112,0.3453745358330076,92.96708483246265
10,CapturedFrames_-3.0_2.0_2.0,LEFT_ELBOW,-0.204475,0.1913889999999999,-0.1101970000000003,0.0322363078594207,0.0337854698300361,-0.0861576786264776,136.89332610276026,46.34416493042727,-90.54916117233296,-151.67859502409277,-69.48642326306157,82.1921717610312,0.2853927205845511,90.54916117233296
12,CapturedFrames_-3.0_2.0_2.0,LEFT_ELBOW,-0.222254,0.1826559999999999,-0.0967839999999999,0.0364036262035369,0.0342709198594093,-0.1039327923208475,140.58545538032087,43.27154175697205,-97.3139136233488,-156.46852522780608,-70.69662162421567,85.77190360359043,0.2982834303698828,97.3139136233488
13,CapturedFrames_-3.0_2.0_2.0,LEFT_ELBOW,-0.22956,0.1779499999999999,-0.0787249999999999,0.0332883894443511,0.0350465476512909,-0.0959450304508208,142.2179230117599,46.47381164933634,-95.74411136242357,-161.07117611166092,-70.86564358830317,90.20553252335772,0.2996784976860974,95.74411136242357
14,CapturedFrames_-3.0_2.0_2.0,LEFT_ELBOW,-0.23344,0.1747689999999999,-0.0541409999999999,0.0339475274085998,0.036941334605217,-0.0982998656108974,143.17898620683204,47.418301560131006,-95.76068464670104,-166.94242700236342,-70.94781951267997,95.99460748968345,0.3040436820160917,95.76068464670104
15,CapturedFrames_-3.0_2.0_2.0,LEFT_ELBOW,-0.234254,0.1724299999999999,-0.0224669999999997,0.0326925814151763,0.0393778532743454,-0.093452014029026,143.64390861326896,50.29960571615064,-93.34430289711833,-174.52159211394633,-70.71848769842347,103.80310441552288,0.3065978201068225,93.34430289711833
16,CapturedFrames_-3.0_2.0_2.0,LEFT_ELBOW,-0.2338169999999999,0.1721309999999999,0.0113949999999998,0.03394216299057,0.0391588881611824,-0.1209187256172299,143.64030615854472,49.0818904532989,-94.5584157052458,177.20991519032276,-74.32044751583823,108.46963729383896,0.326930380783122,94.5584157052458
43,CapturedFrames_-3.0_2.0_2.0,LEFT_ELBOW,-0.222253,0.1826569999999999,-0.0967849999999999,0.0364127159118652,0.0383543968200684,-0.1114710755646228,140.58517505613275,46.48762092382511,-94.09755413230764,-156.46821416022786,-71.91005345341718,84.55816070681067,0.2965583832708028,94.09755413230764
44,CapturedFrames_-3.0_2.0_2.0,LEFT_ELBOW,-0.22956,0.177951,-0.078724,0.0359370410442352,0.0406039953231811,-0.1268207300454378,142.21776710649212,48.48918910865887,-93.72857799783324,-161.0713994369534,-74.17892375244101,86.89247568451242,0.3027642216940472,93.72857799783324
45,CapturedFrames_-3.0_2.0_2.0,LEFT_ELBOW,-0.233439,0.1747680000000001,-0.0541409999999999,0.0340564250946044,0.0374643504619598,-0.1361692640930413,143.17902573738945,47.72804877748451,-95.45097695990496,-166.94237298342742,-75.95816922624661,90.9842037571808,0.3116644521486624,95.45097695990496
44,CapturedFrames_-3.0_2.0_3.0,LEFT_ELBOW,-0.229575,0.1779589999999998,-0.078679,0.0317654013633728,0.03706493973732,-0.1054978072643279,142.21833265713136,49.4027575107942,-92.81557514633715,-161.08259789737446,-73.2429460827057,87.83965181466877,0.2981093591706802,92.81557514633715
4,CapturedFrames_-4.0_2.0_-1.0,LEFT_ELBOW,-0.2236809999999999,0.1893089999999999,-0.0285809999999999,0.0406549870967866,0.0441420823335647,-0.1787624619901179,139.75760240054362,47.35483762895986,-92.40276477158376,-172.7184474084064,-77.18745819822273,95.53098921018366,0.3368997174007353,92.40276477158376
5,CapturedFrames_-4.0_2.0_-1.0,LEFT_ELBOW,-0.217051,0.1926879999999999,-0.056289,0.0491872429847717,0.0448314696550369,-0.1851821206510066,138.40278935428756,42.3474524665659,-96.05533688772164,-165.4614591690091,-75.1248260263761,90.33663314263296,0.3306928970274751,96.05533688772164
6,CapturedFrames_-4.0_2.0_-1.0,LEFT_ELBOW,-0.211384,0.197029,-0.0799139999999996,0.0514116883277894,0.0492149144411087,-0.1771037578582763,137.01301738277743,43.74937760965178,-93.26363977312566,-159.2908351539495,-73.81244423119249,85.478390922757,0.3167908248763501,93.26363977312566
7,CapturedFrames_-4.0_2.0_-1.0,LEFT_ELBOW,-0.2073839999999999,0.201093,-0.0954200000000002,0.0503772795200349,0.0451950281858444,-0.1716112177819013,135.8823489554147,41.896269960914886,-93.98607899449982,-155.292243266658,-73.64015065580224,81.65209261085576,0.3107252106003983,93.98607899449982
8,CapturedFrames_-4.0_2.0_-1.0,LEFT_ELBOW,-0.203226,0.2010729999999999,-0.1024689999999997,0.0528811514377592,0.0462114065885544,-0.1590587422251701,135.30511242232132,41.14933041412034,-94.155782008201,-153.24220770097932,-71.60994110927803,81.6322665917013,0.3045905202999701,94.155782008201
9,CapturedFrames_-4.0_2.0_-1.0,LEFT_ELBOW,-0.201651,0.1965819999999999,-0.1070359999999999,0.0508376955986022,0.0456183850765228,-0.1572952680289745,135.72926307599528,41.90270318085333,-93.82655989514195,-152.04071519399005,-72.08921195771323,79.95150323627684,0.2984401924316761,93.82655989514195
10,CapturedFrames_-4.0_2.0_-1.0,LEFT_ELBOW,-0.205156,0.1911319999999998,-0.1098589999999997,0.0510906577110291,0.0445955395698547,-0.1517576444894075,137.02676043394803,41.11675581607378,-95.91000461787424,-151.83139290378057,-71.39370319130862,80.43768971247195,0.2981455688644703,95.91000461787424
11,CapturedFrames_-4.0_2.0_-1.0,LEFT_ELBOW,-0.2140709999999999,0.187557,-0.106929,0.0465619266033172,0.0346833020448684,-0.1637655738741159,138.77697563063683,36.68189011197308,-102.09508551866378,-153.45775701172622,-74.12845684361203,79.32930016811417,0.3074577793552064,102.09508551866378
12,CapturedFrames_-4.0_2.0_-1.0,LEFT_ELBOW,-0.222857,0.1823089999999999,-0.0954060000000001,0.0413999557495117,0.0330690145492553,-0.1676421463489532,140.7149895109811,38.61678688350066,-102.09820262748045,-156.8240333821854,-76.12811237181265,80.69592101037276,0.3119653390341388,102.09820262748045
13,CapturedFrames_-4.0_2.0_-1.0,LEFT_ELBOW,-0.229947,0.1777010000000001,-0.076899,0.0392430424690246,0.0353163033723831,-0.1585104018449782,142.30346904975843,41.985248380643455,-100.31822066911496,-161.5090063366764,-76.0946581446444,85.41434819203202,0.3152730589652663,100.31822066911496
14,CapturedFrames_-4.0_2.0_-1.0,LEFT_ELBOW,-0.233644,0.1745779999999999,-0.0518309999999999,0.0347848236560821,0.0374968647956848,-0.1640488933771848,143.23303985085582,47.14875521326388,-96.08428463759192,-167.49219984392633,-78.02835504580857,89.46384479811776,0.3216179823833004,96.08428463759192
47,CapturedFrames_-4.0_2.0_-1.0,LEFT_ELBOW,-0.2339109999999999,0.1722819999999999,0.013677,0.0141115486621856,0.0012125968933104,0.0515949467662721,143.62731415687998,4.911327413007894,-138.7159867438721,176.65367101024867,74.70333879519063,-101.95033221505804,0.3036736669702118,138.7159867438721
5,CapturedFrames_-4.0_2.0_-2.0,LEFT_ELBOW,-0.2163959999999999,0.193159,-0.059349,0.0434211194515228,0.0463375896215439,-0.1751573774963617,138.2473200433653,46.8610190017164,-91.38630104164892,-164.6631167160693,-76.07717734287057,88.58593937319874,0.3201141084112752,91.38630104164892
6,CapturedFrames_-4.0_2.0_-2.0,LEFT_ELBOW,-0.2108809999999999,0.1975199999999999,-0.082011,0.0481130778789521,0.0494240075349808,-0.1695550084114074,136.87378574215057,45.77002725657962,-91.1037584855709,-158.74908804078797,-74.15813253490961,84.59095550587837,0.3109249246511193,91.1037584855709
8,CapturedFrames_-4.0_2.0_-2.0,LEFT_ELBOW,-0.202904,0.200562,-0.1032169999999998,0.0446529090404509,0.0449230670928954,-0.1762289479374885,135.3325812051795,45.17280156960208,-90.15977963557744,-153.03761890883337,-75.78162843734948,77.25599047148388,0.3013945009315048,90.15977963557744
10,CapturedFrames_-4.0_2.0_-2.0,LEFT_ELBOW,-0.2060749999999999,0.190699,-0.1097869999999998,0.0404697954654693,0.0402623862028121,-0.1701467931270599,137.21924646310225,44.852801584306505,-92.36644487879576,-151.95342261549365,-76.62067893352035,75.33274368197328,0.2950573089557617,92.36644487879576
11,CapturedFrames_-4.0_2.0_-2.0,LEFT_ELBOW,-0.215003,0.186904,-0.105884,0.0369439125061035,0.0400878787040709,-0.1667677350342273,138.99927999941306,47.33716585350005,-91.662114145913,-153.7808212879223,-77.50903992441489,76.27178136350739,0.2978910025251806,91.662114145913
3,CapturedFrames_-4.0_2.0_0.0,LEFT_ELBOW,-0.228026,0.185787,0.0031589999999996,0.0406373739242553,0.0423180162906646,-0.1665049362927675,140.8281486000235,46.16063034410235,-94.66751825592114,179.20629318789938,-76.28446041990496,104.50924639219566,0.3486390813625316,94.66751825592114
4,CapturedFrames_-4.0_2.0_0.0,LEFT_ELBOW,-0.223999,0.1891640000000001,-0.0268830000000002,0.0461262464523316,0.046527624130249,-0.1638255305588245,139.8193791556652,45.24820445097964,-94.57117470468556,-173.15643986555787,-74.27505607810818,98.88138378744968,0.3347626639397595,94.57117470468556
5,CapturedFrames_-4.0_2.0_0.0,LEFT_ELBOW,-0.217364,0.1924789999999999,-0.0548009999999998,0.0446285009384154,0.0478847026824951,-0.147994264960289,138.47464067135235,47.01581639205241,-91.45882427929992,-165.84969291661744,-73.2190202448513,92.63067267176612,0.3134207491514676,91.45882427929992
6,CapturedFrames_-4.0_2.0_0.0,LEFT_ELBOW,-0.211644,0.196809,-0.0788649999999999,0.0467395186424254,0.0471689701080322,-0.1370423287153244,137.08006658239253,45.26201662157448,-91.81804996081806,-159.5630741966989,-71.16759582046694,88.39547837623195,0.3042018784106379,91.81804996081806
8,CapturedFrames_-4.0_2.0_0.0,LEFT_ELBOW,-0.203419,0.201303,-0.102033,0.045060247182846,0.0447168499231338,-0.1317101884633302,135.2995556574445,44.78084479940354,-90.51871085804096,-153.36210059740034,-71.11332906325995,82.24877153414037,0.2951980592611286,90.51871085804096
9,CapturedFrames_-4.0_2.0_0.0,LEFT_ELBOW,-0.201586,0.196877,-0.106681,0.0444454550743103,0.0433384478092194,-0.1377164144068956,135.6770848639618,44.27750441457351,-91.3995804493883,-152.1118318479269,-72.11346371177049,79.99836813615643,0.2916654947748039,91.3995804493883
10,CapturedFrames_-4.0_2.0_0.0,LEFT_ELBOW,-0.204797,0.1913299999999999,-0.1097939999999999,0.0452988743782043,0.0405881404876709,-0.1339040212333201,136.9471159572385,41.86058473782431,-95.0865312194142,-151.80373498267275,-71.30965044010487,80.49408454256788,0.2930057127670115,95.0865312194142
11,CapturedFrames_-4.0_2.0_0.0,LEFT_ELBOW,-0.2137029999999999,0.1878550000000001,-0.1072950000000001,0.0436288714408874,0.033826619386673,-0.140649739652872,138.6830070476931,37.78736915157624,-100.89563789611688,-153.3399026011821,-72.76636179560116,80.57354080558092,0.3017564792194929,100.89563789611688
12,CapturedFrames_-4.0_2.0_0.0,LEFT_ELBOW,-0.222547,0.1825799999999998,-0.0961250000000002,0.0432577729225158,0.0336239486932754,-0.1317308582365512,140.63417055836672,37.85766046317873,-102.776510095188,-156.63897602474387,-71.82085666380124,84.81811936094262,0.3067700436321041,102.776510095188
13,CapturedFrames_-4.0_2.0_0.0,LEFT_ELBOW,-0.229779,0.177894,-0.0779530000000003,0.0405989587306976,0.0300983339548111,-0.164041792973876,142.25310408698243,36.55165851302013,-105.7014455739623,-161.2603885629349,-76.09910506584453,85.1612834970904,0.3199360557124168,105.7014455739623
14,CapturedFrames_-4.0_2.0_0.0,LEFT_ELBOW,-0.2335749999999999,0.174727,-0.0532590000000001,0.0377148687839508,0.0285924673080444,-0.1459080576896666,143.20148235671724,37.16656216131645,-106.03492019540076,-167.1552077631148,-75.50718512843787,91.64802263467692,0.3217721902848234,106.03492019540076
15,CapturedFrames_-4.0_2.0_0.0,LEFT_ELBOW,-0.2343119999999999,0.172416,-0.0215389999999997,0.0314156413078308,0.0332769751548767,-0.1540008466690778,143.65290096051044,46.64805762799482,-97.0048433325156,-174.7478778727915,-78.47005942337617,96.27781844941534,0.327897832278375,97.0048433325156
1,CapturedFrames_-4.0_2.0_1.0,LEFT_ELBOW,-0.230594,0.1836230000000001,0.0601949999999997,0.0332628786563873,0.0412610173225402,-0.1150122974067926,141.46953840388926,51.12571569588836,-90.3438227080009,165.36981074615548,-73.8695229713452,120.76066628249932,0.3472534860742813,90.3438227080009
2,CapturedFrames_-4.0_2.0_1.0,LEFT_ELBOW,-0.228293,0.183379,0.0332869999999996,0.0321879684925079,0.0379816144704818,-0.1372176837176083,141.2264242427796,49.71999679052788,-91.5064274522517,171.70426296837996,-76.79847572432084,111.4972613072992,0.3436023600548398,91.5064274522517
3,CapturedFrames_-4.0_2.0_1.0,LEFT_ELBOW,-0.2280759999999999,0.1857339999999999,0.0032259999999997,0.0352788865566253,0.0410415530204773,-0.1183815617114305,140.8423044424821,49.31799319764503,-91.52431124483708,179.18963915617596,-73.40541837222818,107.40494247159585,0.3241606076493167,91.52431124483708
4,CapturedFrames_-4.0_2.0_1.0,LEFT_ELBOW,-0.224043,0.189104,-0.0268329999999998,0.0357782840728759,0.0420959144830703,-0.1312209889292717,139.83388566291708,49.638026250705536,-90.19585941221156,-173.17037676286154,-74.74864402903152,98.42173273382998,0.316252002519081,90.19585941221156
10,CapturedFrames_-4.0_2.0_1.0,LEFT_ELBOW,-0.204426,0.191411,-0.110252,0.0352919101715087,0.0356893837451935,-0.1052840575575827,136.88318935277044,45.320835518125165,-91.56235383464528,-151.66091675551613,-71.46850866687166,80.19240808864447,0.2858995954493744,91.56235383464528
11,CapturedFrames_-4.0_2.0_1.0,LEFT_ELBOW,-0.2133,0.1879459999999999,-0.1079119999999997,0.034212976694107,0.0368696153163909,-0.1304901968687772,138.6156084362488,47.14037451604317,-91.47523392020564,-153.1643964823966,-75.30841595974233,77.85598052265426,0.2908548136354161,91.47523392020564
12,CapturedFrames_-4.0_2.0_1.0,LEFT_ELBOW,-0.222186,0.1826750000000001,-0.0969029999999997,0.0331165492534637,0.0397490561008453,-0.1295425985008478,140.57393131008925,50.20094931082777,-90.37298199926148,-156.43631895726134,-75.65990698964981,80.77641196761151,0.2944020388602603,90.37298199926148
13,CapturedFrames_-4.0_2.0_1.0,LEFT_ELBOW,-0.229507,0.1779659999999998,-0.0788730000000001,0.0321616530418396,0.0388279259204864,-0.1249908134341239,142.20902224086635,50.36462556032751,-91.84439668053888,-161.0340645938903,-75.57012988522632,85.46393470866398,0.2999278919327635,91.84439668053888
14,CapturedFrames_-4.0_2.0_1.0,LEFT_ELBOW,-0.2334099999999999,0.174779,-0.0543170000000001,0.033365249633789,0.036576509475708,-0.1174436230212449,143.17388046996754,47.6287945077804,-95.54508596218714,-166.8998156789354,-74.14037010068331,92.75944557825208,0.3070080336707068,95.54508596218714
15,CapturedFrames_-4.0_2.0_1.0,LEFT_ELBOW,-0.234251,0.172437,-0.0226699999999997,0.0334576070308685,0.0351999402046204,-0.145799795165658,143.6424478583029,46.45369183493796,-97.18875602336492,-174.4723269621195,-77.07573344268698,97.39659351943251,0.3250582337323968,97.18875602336492
11,CapturedFrames_-5.0_2.0_0.0,LEFT_ELBOW,-0.213411,0.187939,-0.1077249999999998,0.0272658467292785,0.0301655083894729,-0.125472366809845,138.631452157911,47.89036223182776,-90.74108992608326,-153.2163982972882,-77.73991579370761,75.47648250358058,0.2883275710632074,90.74108992608326
62,CapturedFrames_0.0_2.0_3.0,RIGHT_ELBOW,0.233889,0.1702319999999999,-0.0195879999999999,-0.0424130856990814,0.0577360689640045,-0.1324957530014216,36.04834252679404,126.30111294810176,90.25277042130774,-4.787299905301113,-107.750337636054,-102.9630377307529,0.3189770175877064,90.25277042130774
63,CapturedFrames_0.0_2.0_3.0,RIGHT_ELBOW,0.2382409999999999,0.1707299999999999,0.01195,-0.0441946983337402,0.0580819547176361,-0.1327770086936651,35.62641636206715,127.26759313273972,91.64117677067256,2.87150918051702,-108.40997142821398,-111.281480608731,0.3367572016225061,91.64117677067256
64,CapturedFrames_0.0_2.0_3.0,RIGHT_ELBOW,0.242068,0.1729810000000001,0.038166,-0.0461309254169464,0.0610484927892684,-0.0942935501225292,35.549475517821655,127.07629799103884,91.52682247321717,8.95986394038317,-116.06911616313292,-125.0289801035161,0.3363525519460585,91.52682247321717
78,CapturedFrames_0.0_2.0_3.0,LEFT_ELBOW,-0.233793,0.172131,0.01187,0.0597563087940216,0.0769439488649368,-0.1160502957645803,143.63749815902656,52.16632574942246,-91.47117240960412,177.09350822540586,-62.75527627671333,120.15121549788084,0.334058937113999,91.47117240960412
103,CapturedFrames_0.0_2.0_3.0,LEFT_ELBOW,-0.2046919999999999,0.1913869999999999,-0.1097949999999996,0.1223755776882171,0.105959415435791,-0.0538502681301905,136.92394397151568,40.88779089749372,-96.03615307402198,-151.79127997205316,-23.75146121171196,128.0398187603412,0.3426381263130211,96.03615307402198
78,CapturedFrames_0.0_2.0_4.0,LEFT_ELBOW,-0.233844,0.172128,0.010996,0.0408712029457092,0.0541465133428573,-0.1015917300246656,143.64394145259467,52.95354123967552,-90.69040021291916,177.3077750619081,-68.08466440627083,114.60756053182108,0.3194746795529166,90.69040021291916
79,CapturedFrames_0.0_2.0_4.0,LEFT_ELBOW,-0.234033,0.174957,0.0418580000000001,0.0418753921985626,0.054830178618431,-0.1038335098419338,143.21916350630758,52.6299816041627,-90.58918190214489,169.8595771643775,-68.03609394972348,122.10432888589904,0.3343380177916618,90.58918190214489
92,CapturedFrames_0.0_2.0_4.0,RIGHT_ELBOW,0.228392,0.1708010000000001,-0.051671,-0.050359696149826,0.0646042227745056,-0.1477015824057162,36.79066237025148,127.9368037815294,91.14614141127792,-12.747891931336454,-108.82710234560793,-96.07921041427149,0.3133722009953456,91.14614141127792
93,CapturedFrames_0.0_2.0_4.0,RIGHT_ELBOW,0.2338879999999999,0.1702359999999999,-0.019449,-0.0532874464988708,0.0667980909347534,-0.1629505422897636,36.04909962977054,128.58073199061923,92.53163236084868,-4.7535048099458805,-108.108576714263,-103.35507190431711,0.3372859776853417,92.53163236084868
94,CapturedFrames_0.0_2.0_4.0,RIGHT_ELBOW,0.238185,0.1707209999999999,0.012108,-0.0554592609405517,0.0616032481193542,-0.1429381035268306,35.63136377423137,131.99560656057508,96.36424278634372,2.91009363213071,-111.20600115872364,-114.11609479085436,0.3495324448140138,96.36424278634372
95,CapturedFrames_0.0_2.0_4.0,RIGHT_ELBOW,0.241954,0.1729529999999999,0.0383910000000002,-0.0561899542808532,0.0703220963478089,-0.109882531221956,35.55785549192983,128.6261473417502,93.06829184982035,9.015996954191356,-117.08356059540384,-126.0995575495952,0.3484364503316455,93.06829184982035
94,CapturedFrames_0.0_2.0_5.0,RIGHT_ELBOW,0.238279,0.1707519999999999,0.01262,-0.0402839183807373,0.0514784902334213,-0.1239584446884691,35.62558517754665,128.04456052223907,92.41897534469244,3.031730776966191,-108.00308461686762,-111.03481539383382,0.3323810180836936,92.41897534469244
95,CapturedFrames_0.0_2.0_5.0,RIGHT_ELBOW,0.242107,0.1730399999999999,0.0388100000000002,-0.0425180494785308,0.0536700785160065,-0.1194404046982526,35.554352090771815,128.38666746574074,92.83231537496891,9.10709301886421,-109.59456525077636,-118.70165826964056,0.3468483638896278,92.83231537496891
94,CapturedFrames_0.0_2.0_6.0,RIGHT_ELBOW,0.238229,0.1707320000000001,0.01235,-0.0312971770763397,0.0412031561136245,-0.0909181833267211,35.62810061474641,127.21965105687944,91.59155044213304,2.967606834125127,-108.99523130261416,-111.9628381367393,0.3163643456768299,91.59155044213304
63,CapturedFrames_1.0_2.0_3.0,RIGHT_ELBOW,0.23831,0.1707599999999999,0.0124849999999999,-0.0376405417919158,0.0482893437147141,-0.1491451915353536,35.62332707720314,127.93567586793726,92.31234879073412,2.998969509557241,-104.16425333972389,-107.16322284928113,0.3424501160489738,92.31234879073412
92,CapturedFrames_1.0_2.0_4.0,RIGHT_ELBOW,0.2283489999999999,0.1707969999999999,-0.0518130000000001,-0.0451828241348266,0.0593395233154297,-0.1943225106224417,36.7951930835514,127.28669117391073,90.49149809035934,-12.784103651609229,-103.08952733038858,-90.30542367877936,0.327950283642605,90.49149809035934
93,CapturedFrames_1.0_2.0_5.0,RIGHT_ELBOW,0.2339859999999999,0.170235,-0.0191019999999999,-0.0361204445362091,0.0478291064500809,-0.1229712069034575,36.03752021897953,127.06002881472394,91.0225085957444,-4.667126439938095,-106.36914401456652,-101.7020175746284,0.314212517730436,91.0225085957444
94,CapturedFrames_1.0_2.0_5.0,RIGHT_ELBOW,0.23833,0.170764,0.0123459999999999,-0.0346185266971588,0.0454420447349548,-0.1230848561972379,35.62168600757241,127.30077021750112,91.6790842099287,2.965392415330591,-105.70903076480668,-108.67442318013724,0.3294662463863643,91.6790842099287
21,CapturedFrames_3.0_2.0_-1.0,RIGHT_ELBOW,0.218855,0.187465,-0.1047789999999997,-0.0617239996790885,0.0536676794290543,-0.2483776323497295,40.58242447148158,138.99374838771465,98.41132391623309,-25.583230859837865,-103.95579566618028,-78.37256480634241,0.3424132959824943,98.41132391623309
22,CapturedFrames_3.0_2.0_-1.0,RIGHT_ELBOW,0.211896,0.190339,-0.1211510000000002,-0.0608171597123146,0.0567093640565871,-0.2707751505076885,41.9322792950951,137.00179138097178,95.06951208587668,-29.75865294880844,-102.65878135153687,-72.90012840272846,0.3385509319109767,95.06951208587668
23,CapturedFrames_3.0_2.0_-1.0,RIGHT_ELBOW,0.207895,0.193609,-0.1306340000000001,-0.0587811768054961,0.0626715570688247,-0.2474838942289352,42.962206245919326,133.16532594136635,90.20311969544704,-32.14382801250228,-103.3610406827334,-71.2172126702311,0.3192408103896874,90.20311969544704
24,CapturedFrames_3.0_2.0_-1.0,RIGHT_ELBOW,0.2048309999999999,0.1949550000000001,-0.1354820000000001,-0.0571323335170745,0.057650551199913,-0.2333832792937755,43.58489777818166,134.74132481131494,91.15642703313328,-33.48196886429565,-103.75551464093152,-70.27354577663586,0.3115476853629819,91.15642703313328
25,CapturedFrames_3.0_2.0_-1.0,RIGHT_ELBOW,0.203415,0.1919149999999999,-0.1366339999999999,-0.0527465492486954,0.0510063320398331,-0.2321364842355251,43.33375735908236,135.9609155123949,92.62715815331254,-33.88928578915685,-102.80151008139454,-68.91222429223768,0.3075625408188667,92.62715815331254
26,CapturedFrames_3.0_2.0_-1.0,RIGHT_ELBOW,0.209124,0.1865759999999999,-0.1302070000000001,-0.0484519079327583,0.045097067952156,-0.2375313974916933,41.73866647248484,137.0538528760321,95.31518640354726,-31.907656180928434,-101.52908895064478,-69.62143276971635,0.3128580554464567,95.31518640354726
27,CapturedFrames_3.0_2.0_-1.0,RIGHT_ELBOW,0.21377,0.17879,-0.1192630000000001,-0.044762596487999,0.0398584604263306,-0.2453089319169521,39.90797089792384,138.31681451985733,98.40884362193349,-29.157294416463863,-100.3412368087058,-71.18394239224192,0.3194192434527849,98.40884362193349
28,CapturedFrames_3.0_2.0_-1.0,RIGHT_ELBOW,0.219249,0.174109,-0.1028139999999999,-0.0398452877998352,0.0456923693418503,-0.2361342906951903,38.45362908544492,131.08952636779915,92.63589728235424,-25.123625233565512,-99.5778628965694,-74.45423766300388,0.3184257855625791,92.63589728235424
29,CapturedFrames_3.0_2.0_-1.0,RIGHT_ELBOW,0.223132,0.1718859999999999,-0.0803329999999999,-0.0343546643853187,0.0416117310523987,-0.2436881698668002,37.60825624771083,129.54309616027993,91.93483991256912,-19.80012205390905,-98.0245596105101,-78.22443755660105,0.3315956558948275,91.93483991256912
20,CapturedFrames_3.0_2.0_-2.0,RIGHT_ELBOW,0.22707,0.1855339999999999,-0.0830030000000001,-0.0431913584470748,0.0493595749139785,-0.2411033324897288,39.25151741661627,131.18706276954245,91.93554535292618,-20.07934241001169,-100.156263335452,-80.07692092544032,0.3414387076043509,91.93554535292618
2,CapturedFrames_3.0_2.0_0.0,LEFT_ELBOW,-0.228206,0.1833829999999999,0.0336880000000001,0.0321908388286827,-0.0082319676876067,-0.0352152362465858,141.21515098339424,-14.344490568177273,-155.5596415515715,171.6025874262046,-47.56904238533613,140.82837018845927,0.3305608347629016,155.5596415515715
2,CapturedFrames_3.0_2.0_0.0,RIGHT_ELBOW,0.2420689999999999,0.17298,0.0381469999999999,0.0490087745711206,-0.0820421874523162,-0.0882717706263065,35.54920686990098,-59.14756671429572,-94.6967735841967,8.955439408229282,-60.96082275393584,-69.91626216216513,0.3439335289009793,94.6967735841967
19,CapturedFrames_3.0_2.0_0.0,RIGHT_ELBOW,0.233993,0.1843000000000001,-0.0593690000000002,-0.052214466035366,0.0389242768287658,-0.1761195603758096,38.22504324606946,143.29660482701573,105.07156158094624,-14.23673795725185,-106.51359991355228,-92.27686195630044,0.3415838225824081,105.07156158094624
20,CapturedFrames_3.0_2.0_0.0,RIGHT_ELBOW,0.2268069999999999,0.1855550000000001,-0.0837409999999998,-0.0529890581965445,0.0396642982959747,-0.1777175739407539,39.28723327033267,143.18376806769678,103.8965347973641,-20.265003173114174,-106.6027086591845,-86.3377054860703,0.3292438723433727,103.8965347973641
21,CapturedFrames_3.0_2.0_0.0,RIGHT_ELBOW,0.2187339999999999,0.1874570000000001,-0.105023,-0.0575727075338363,0.0449073612689972,-0.1859879344701766,40.59687214294232,142.04536731844237,101.44849517550004,-25.64753700358265,-107.19995065489644,-81.55241365131377,0.3212804331799376,101.44849517550004
22,CapturedFrames_3.0_2.0_0.0,RIGHT_ELBOW,0.211745,0.190329,-0.1214030000000003,-0.0559726282954216,0.0508154779672622,-0.1739694438874721,41.95108862054848,137.76485431456442,95.81376569401594,-29.82760055859608,-107.83497038319015,-78.00736982459408,0.3064310401266156,95.81376569401594
23,CapturedFrames_3.0_2.0_0.0,RIGHT_ELBOW,0.207724,0.193602,-0.1308990000000003,-0.0543249845504761,0.0531916618347168,-0.1885565388947725,42.984687547178034,135.6039269806746,92.6192394334966,-32.21741961802002,-106.07220899510614,-73.8547893770861,0.3028351451846813,92.6192394334966
24,CapturedFrames_3.0_2.0_0.0,RIGHT_ELBOW,0.20465,0.194957,-0.1357569999999999,-0.0530010312795639,0.0521660894155502,-0.1909235324710607,43.61048703175487,135.45487258343317,91.84438555167831,-33.55877711421803,-105.51483781869428,-71.95606070447624,0.2996942514794699,91.84438555167831
25,CapturedFrames_3.0_2.0_0.0,RIGHT_ELBOW,0.2032189999999999,0.1919290000000001,-0.1369239999999998,-0.0536490976810454,0.0488868802785873,-0.1689553204923868,43.36341467952572,137.65915464420334,94.29573996467762,-33.97112752747213,-107.61642494294924,-73.64529741547713,0.2957503560659904,94.29573996467762
26,CapturedFrames_3.0_2.0_0.0,RIGHT_ELBOW,0.208926,0.1865960000000001,-0.130525,-0.0496535301208496,0.0417828261852264,-0.1804584562778472,41.76868033630221,139.91980726847504,98.15112693217284,-31.994782160288786,-105.38435495032584,-73.38957279003705,0.3005454687126042,98.15112693217284
27,CapturedFrames_3.0_2.0_0.0,RIGHT_ELBOW,0.213587,0.178811,-0.119604,-0.0489914342761039,0.040563389658928,-0.1691891793161631,39.93543319550947,140.37629658397475,100.44086338846527,-29.247862439239974,-106.14921913377164,-76.90135669453167,0.3008629686746495,100.44086338846527
28,CapturedFrames_3.0_2.0_0.0,RIGHT_ELBOW,0.219089,0.1741209999999998,-0.10318,-0.043036475777626,0.0424803346395492,-0.1916247140616178,38.4759243520743,135.3726061655853,96.89668181351098,-25.21809848203359,-102.65787454161767,-77.4397760595841,0.3063682380300385,96.89668181351098
29,CapturedFrames_3.0_2.0_0.0,RIGHT_ELBOW,0.223005,0.171891,-0.080724,-0.0381619781255721,0.0382251143455505,-0.2002178281545638,37.62483349507963,134.95264333281455,97.32780983773492,-19.899390521030515,-100.79127015985956,-80.89187963882904,0.3167862598315524,97.32780983773492
30,CapturedFrames_3.0_2.0_0.0,RIGHT_ELBOW,0.228321,0.170791,-0.051857,-0.0363921523094177,0.036817267537117,-0.2187588047236203,36.79759760969625,134.66729644027345,97.86969883057722,-12.79612022970943,-99.4450821921167,-86.64896196240727,0.3404089105996296,97.86969883057722
31,CapturedFrames_3.0_2.0_0.0,RIGHT_ELBOW,0.2338869999999999,0.1702319999999999,-0.0196100000000001,-0.0318447500467299,0.0369282513856888,-0.2037012707442044,36.04857563578573,130.77254974948005,94.72397411369433,-4.792692457220085,-98.88516932010204,-94.09247686288197,0.3496753470602999,94.72397411369433
0,CapturedFrames_3.0_2.0_1.0,RIGHT_ELBOW,0.2377369999999999,0.170714,0.0185629999999998,-0.0408662110567093,0.0344446450471877,-0.1126931421458721,35.68134198221539,139.87367743290366,104.19233545068828,4.464714967742203,-109.93229715766655,-114.39701212540878,0.3367747929423789,104.19233545068828
1,CapturedFrames_3.0_2.0_1.0,RIGHT_ELBOW,0.2377369999999999,0.170714,0.0185629999999998,-0.0403539538383483,0.0350893512368202,-0.1445837225764989,35.68134198221539,138.99175669550175,103.31041471328636,4.464714967742203,-105.59465210774978,-110.05936707549196,0.3497791832661163,103.31041471328636
18,CapturedFrames_3.0_2.0_1.0,RIGHT_ELBOW,0.2396539999999999,0.1848699999999999,-0.0309439999999998,-0.039640873670578,0.0375143736600875,-0.1422674413770437,37.64672990211098,136.57874730741602,98.93201740530506,-7.357294945653496,-105.56976703434864,-98.21247208869514,0.3348316228684503,98.93201740530506
19,CapturedFrames_3.0_2.0_1.0,RIGHT_ELBOW,0.2342739999999999,0.184299,-0.0582359999999999,-0.0399191677570343,0.0427108556032181,-0.1221447288990021,38.19147152996496,133.06497557116373,94.87350404119876,-13.959682741055486,-108.0983541369649,-94.1386713959094,0.3151403203461076,94.87350404119876
20,CapturedFrames_3.0_2.0_1.0,RIGHT_ELBOW,0.227183,0.18552,-0.0826820000000001,-0.0411435514688492,0.0428469851613044,-0.1117954961955547,39.23543300076663,133.83812883428706,94.60269583352044,-19.998697259404324,-110.20488301923116,-90.20618575982684,0.3052905551225851,94.60269583352044
21,CapturedFrames_3.0_2.0_1.0,RIGHT_ELBOW,0.219181,0.187412,-0.1040429999999998,-0.0402505397796631,0.04452595859766,-0.1105563696473836,40.53229163368861,132.11292517508153,91.58063354139294,-25.39321825836405,-110.0051765016635,-84.61195824329944,0.2962491664869989,91.58063354139294
22,CapturedFrames_3.0_2.0_1.0,RIGHT_ELBOW,0.212212,0.1902699999999999,-0.1205309999999997,-0.0419590324163436,0.0451727285981179,-0.1065467055886983,41.87951081183673,132.88770709626442,91.00819628442768,-29.59546943325204,-111.49495775065796,-81.89948831740593,0.2930045944657581,91.00819628442768
23,CapturedFrames_3.0_2.0_1.0,RIGHT_ELBOW,0.2081579999999999,0.1935390000000001,-0.1301619999999999,-0.0422341525554657,0.0421499162912368,-0.1054541990160941,42.91574867984101,135.05719540293643,92.14144672309544,-32.017900797751324,-111.8259826855286,-79.8080818877773,0.2936415504607597,92.14144672309544
26,CapturedFrames_3.0_2.0_1.0,RIGHT_ELBOW,0.209177,0.186689,-0.1300730000000001,-0.0400935858488083,0.0382840633392334,-0.0949318278580903,41.74868721870515,136.3225656660886,94.57387844738344,-31.87468052983904,-112.8963183733399,-81.02163784350084,0.2922238049410102,94.57387844738344
27,CapturedFrames_3.0_2.0_1.0,RIGHT_ELBOW,0.213827,0.178945,-0.1192249999999999,-0.0370885282754898,0.0349352583289146,-0.1322314608842134,39.92488850770567,136.7124417945075,96.78755328680182,-29.143028773735782,-105.66784552197755,-76.52481674824178,0.2895972652679466,96.78755328680182
28,CapturedFrames_3.0_2.0_1.0,RIGHT_ELBOW,0.219271,0.174196,-0.102886,-0.0399833768606186,0.0392838194966316,-0.1481361240148544,38.46476922628666,135.5056397321081,97.04087050582145,-25.13683629432872,-105.1047527717808,-79.96791647745209,0.295739246791698,97.04087050582145
29,CapturedFrames_3.0_2.0_1.0,RIGHT_ELBOW,0.2231639999999999,0.1719269999999999,-0.0805289999999998,-0.0368850380182266,0.0380432754755019,-0.1749766487628221,37.61089048433295,134.11439574785211,96.50350526351916,-19.84203999747845,-101.903660259807,-82.06162026232855,0.3073608827153874,96.50350526351916
30,CapturedFrames_3.0_2.0_1.0,RIGHT_ELBOW,0.2283899999999999,0.1708089999999998,-0.051765,-0.0353836715221405,0.0378710627555847,-0.1742461882531643,36.79219008635281,133.05524808090777,96.26305799455494,-12.77043129182132,-101.47880641540908,-88.70837512358776,0.3197666124269029,96.26305799455494
31,CapturedFrames_3.0_2.0_1.0,RIGHT_ELBOW,0.233871,0.170238,-0.019565,-0.0322955548763275,0.042785882949829,-0.1595297511667012,36.05140144230918,127.04616237300664,90.99476093069748,-4.782071113401723,-101.44441535703037,-96.66234424362864,0.3266172203734214,90.99476093069748
21,CapturedFrames_3.0_2.0_2.0,RIGHT_ELBOW,0.21889,0.1874599999999999,-0.1047009999999999,-0.0302745252847672,0.0346482843160628,-0.0574182290583848,40.57714277794668,131.14588696376362,90.56874418581694,-25.563049383966867,-117.80103641098404,-92.23798702701716,0.2960912723106999,90.56874418581694
64,CapturedFrames_3.0_2.0_2.0,LEFT_ELBOW,-0.228256,0.183384,0.0332929999999999,0.0156641900539398,-0.0149718225002288,-0.06446844805032,141.22112724269388,-43.70534760630156,175.07352515100456,171.70146223546595,-76.34323051990474,111.95530724462934,0.3292406295714243,175.07352515100456
18,CapturedFrames_4.0_2.0_-2.0,RIGHT_ELBOW,0.239519,0.1848389999999999,-0.0317009999999999,-0.0307012498378753,-0.0341988205909729,-0.0323686813935637,37.65769702009317,-131.9152209728164,-169.57291799290957,-7.539434767731298,-133.48557720793156,-125.94614244020028,0.347846224746123,169.57291799290957
17,CapturedFrames_4.0_2.0_0.0,LEFT_ELBOW,-0.234004,0.1752039999999999,0.0438580000000001,0.0194156467914581,-0.0603989362716675,0.0049836984835564,143.1769855125271,-72.17964688079995,144.64336760667294,169.38454325873187,14.39614529264683,-154.98839796608507,0.348197461619309,144.64336760667294
17,CapturedFrames_4.0_2.0_0.0,RIGHT_ELBOW,0.244096,0.187111,-0.0031069999999999,0.0061711966991424,-0.020677775144577,0.1000638846307992,37.471852723171466,-73.38248314106335,-110.8543358642348,-0.7292555957016269,86.4708919573586,87.20014755306023,0.332308017564032,110.8543358642348
1,CapturedFrames_4.0_2.0_1.0,RIGHT_ELBOW,0.237807,0.170726,0.0183879999999998,-0.0292098745703696,0.0397379547357558,-0.1335370251908897,35.675258621108455,126.3182059177562,90.64294729664776,4.421495590731298,-102.3385346207085,-106.7600302114398,0.3339716942896937,90.64294729664776
19,CapturedFrames_4.0_2.0_1.0,RIGHT_ELBOW,0.234044,0.1843,-0.0591629999999998,-0.0302806794643402,0.0368137359619141,-0.1136048240587115,38.21897389801783,129.4385793461715,91.21960544815366,-14.186370259910063,-104.92485306221285,-90.7384828023028,0.3075445438642635,91.21960544815366
80,CapturedFrames_4.0_2.0_1.0,LEFT_ELBOW,-0.233504,0.179868,0.07122,0.0303748846054077,0.0085661262273788,-0.0751943346112966,142.3929597790209,15.749166155463143,-126.64379362355776,163.03800676590438,-68.00366742141792,128.9583258126777,0.3470065634512896,126.64379362355776
76,CapturedFrames_4.0_2.0_2.0,LEFT_ELBOW,-0.233535,0.1746620000000001,-0.0529439999999999,0.0092938244342803,-0.0207101404666901,0.0452744686044752,143.20700090282804,-65.83149866722755,150.9615004299444,-167.22656394364796,78.39962269125702,-114.37381336509506,0.3267766497497625,150.9615004299444
