height_label,azimuth_bin,azimuth_label,joint,n,mean_cos_phi,mean_abs_cos_phi,mean_error_norm
Y=0.5,0,N,LEFT_ANKLE,579,0.26827509577238556,0.6958173431977895,0.5063226223533445
Y=0.5,0,N,LEFT_ELBOW,579,-0.12330214507846686,0.5766987087802286,0.43070509117860545
Y=0.5,0,N,LEFT_KNEE,579,-0.28079492892962266,0.5629578951951766,0.3540857362949706
Y=0.5,0,N,LEFT_SHOULDER,579,-0.4121244823653236,0.674368347749099,0.2746736149237068
Y=0.5,0,N,LEFT_WRIST,579,-0.35823411990109383,0.6362391426351525,0.5757888010246827
Y=0.5,0,N,RIGHT_ANKLE,579,0.2759552479509298,0.689050121015986,0.5118680066145693
Y=0.5,0,N,RIGHT_ELBOW,579,-0.30736519758455566,0.567996806870413,0.457064051720625
Y=0.5,0,N,RIGHT_KNEE,579,-0.3404697962779796,0.63915298785011,0.3759211536298271
Y=0.5,0,N,RIGHT_SHOULDER,579,-0.565537453503294,0.7191958831887303,0.29092714456027485
Y=0.5,0,N,RIGHT_WRIST,579,-0.5328813533181582,0.6486009383240573,0.6191243004727877
Y=0.5,1,NE,LEFT_ANKLE,436,0.536027923290812,0.5629393533097106,0.5899841554896127
Y=0.5,1,NE,LEFT_ELBOW,436,0.7917172017997919,0.7922984234818351,0.36690906608375584
Y=0.5,1,NE,LEFT_KNEE,436,0.5497980149518384,0.5736603988046064,0.35848483643529216
Y=0.5,1,NE,LEFT_SHOULDER,436,0.6793791822113969,0.6983248681738388,0.16696630779218583
Y=0.5,1,NE,LEFT_WRIST,436,0.525440047484168,0.6060403677490144,0.44185251314461116
Y=0.5,1,NE,RIGHT_ANKLE,436,-0.333360237330717,0.43911613554283013,0.5354847306001035
Y=0.5,1,NE,RIGHT_ELBOW,436,-0.8018038123251973,0.8018038123251973,0.5700289032280114
Y=0.5,1,NE,RIGHT_KNEE,436,-0.6555936607822908,0.6563519130666967,0.44507821900628464
Y=0.5,1,NE,RIGHT_SHOULDER,436,-0.5517169701423726,0.561136684506377,0.4152914144417061
Y=0.5,1,NE,RIGHT_WRIST,436,-0.759327668867491,0.7631656395550309,0.6824186184763318
Y=0.5,2,E,LEFT_ANKLE,742,0.36198450569920754,0.44935157729470404,0.5610498418091056
Y=0.5,2,E,LEFT_ELBOW,742,0.7156199056315666,0.7257943121305909,0.3212677318265708
Y=0.5,2,E,LEFT_KNEE,742,0.5021306879310202,0.538660933123461,0.341454770108618
Y=0.5,2,E,LEFT_SHOULDER,742,0.3962327421586691,0.4642837875548404,0.17005711470898843
Y=0.5,2,E,LEFT_WRIST,742,0.6506347074239657,0.6709002221613375,0.34688139290153186
Y=0.5,2,E,RIGHT_ANKLE,742,-0.34466722400798366,0.4420670513086139,0.41838188784790037
Y=0.5,2,E,RIGHT_ELBOW,742,-0.4767939623407026,0.5450874807891666,0.5654328773980962
Y=0.5,2,E,RIGHT_KNEE,742,-0.37200478478110477,0.4786234879133612,0.3654747825678588
Y=0.5,2,E,RIGHT_SHOULDER,742,-0.11532773595822984,0.38986912864638495,0.4224794494377459
Y=0.5,2,E,RIGHT_WRIST,742,-0.4259011384810477,0.5475854171409944,0.6513312046126906
Y=0.5,3,SE,LEFT_ANKLE,530,0.08159336688333306,0.3912441691092901,0.4842977756556601
Y=0.5,3,SE,LEFT_ELBOW,530,0.3438489447981072,0.4101470049815512,0.26948835369163765
Y=0.5,3,SE,LEFT_KNEE,530,0.32576066951997384,0.46816623036288957,0.2907938566898156
Y=0.5,3,SE,LEFT_SHOULDER,530,-0.19627067015186628,0.35920157657692403,0.1745819134624802
Y=0.5,3,SE,LEFT_WRIST,530,0.5314465887555804,0.61296314659446,0.2754958918462873
Y=0.5,3,SE,RIGHT_ANKLE,530,-0.29885563920886915,0.5819285923584696,0.3105291340142066
Y=0.5,3,SE,RIGHT_ELBOW,530,0.020779149682194617,0.2923828713827229,0.4641818850877274
Y=0.5,3,SE,RIGHT_KNEE,530,0.09308792230317216,0.36143764469166106,0.2979162028146808
Y=0.5,3,SE,RIGHT_SHOULDER,530,0.43898253021577105,0.47260921828210506,0.35732518722037815
Y=0.5,3,SE,RIGHT_WRIST,530,0.07246957035523621,0.3713805540697307,0.5134549092993452
Y=0.5,4,S,LEFT_ANKLE,729,-0.034492961695156026,0.7212675585167863,0.31045583320761055
Y=0.5,4,S,LEFT_ELBOW,729,0.31335461873235637,0.5350693970834485,0.21888606896330143
Y=0.5,4,S,LEFT_KNEE,729,0.26925634726305636,0.6042434254071593,0.2005259047306169
Y=0.5,4,S,LEFT_SHOULDER,729,0.30260536799502635,0.6911690466474166,0.19020481094485214
Y=0.5,4,S,LEFT_WRIST,729,0.27206141179237814,0.6690103283617062,0.24810128716483082
Y=0.5,4,S,RIGHT_ANKLE,729,-0.21203531827736224,0.7786374643829739,0.3209709296858327
Y=0.5,4,S,RIGHT_ELBOW,729,0.2718106767198562,0.5136012440803831,0.22812029915913826
Y=0.5,4,S,RIGHT_KNEE,729,0.14899622434446763,0.639889325455717,0.2129097048991235
Y=0.5,4,S,RIGHT_SHOULDER,729,0.38725461026757674,0.7354121612948391,0.2009556335727356
Y=0.5,4,S,RIGHT_WRIST,729,0.28348722512624397,0.6631007001124848,0.2695774480814075
Y=0.5,5,SW,LEFT_ANKLE,741,-0.07343753960815708,0.5600273914549201,0.3500655679994321
Y=0.5,5,SW,LEFT_ELBOW,741,0.09933948244761118,0.3282668107519013,0.42534778074350144
Y=0.5,5,SW,LEFT_KNEE,741,0.1488251656046195,0.4127118270900843,0.29827731838632776
Y=0.5,5,SW,LEFT_SHOULDER,741,0.5142699806759168,0.5483817022341886,0.3274069878881071
Y=0.5,5,SW,LEFT_WRIST,741,0.08749185305787106,0.4526222512753958,0.4467233088197392
Y=0.5,5,SW,RIGHT_ANKLE,741,-0.02154014543242946,0.3773400666069071,0.4832582433816753
Y=0.5,5,SW,RIGHT_ELBOW,741,0.2890743660670557,0.41160734920541203,0.2831082840633427
Y=0.5,5,SW,RIGHT_KNEE,741,0.2319915475794636,0.42266128178911383,0.28536385188407704
Y=0.5,5,SW,RIGHT_SHOULDER,741,-0.2832766117165741,0.38968281588743486,0.18263146279728745
Y=0.5,5,SW,RIGHT_WRIST,741,0.5483289135100273,0.6396685156111713,0.3180745284501481
Y=0.5,6,W,LEFT_ANKLE,982,-0.26561941363833963,0.42315940941675473,0.42949269460192824
Y=0.5,6,W,LEFT_ELBOW,982,-0.41632072393457054,0.5038531216016754,0.5311707929807626
Y=0.5,6,W,LEFT_KNEE,982,-0.3261257564361712,0.4562330588235078,0.35731604383071647
Y=0.5,6,W,LEFT_SHOULDER,982,-0.062242316910657416,0.39638580336998064,0.40521394540480904
Y=0.5,6,W,LEFT_WRIST,982,-0.3567812359433517,0.5421588057624849,0.5823611124927371
Y=0.5,6,W,RIGHT_ANKLE,982,0.3624704621255771,0.46911003062400874,0.5658564920477874
Y=0.5,6,W,RIGHT_ELBOW,982,0.661116619465179,0.6701217329842676,0.3453363145633145
Y=0.5,6,W,RIGHT_KNEE,982,0.49940770297148523,0.5572755994471563,0.3400601075056435
Y=0.5,6,W,RIGHT_SHOULDER,982,0.3111028479470704,0.4073183696976977,0.17061490278461358
Y=0.5,6,W,RIGHT_WRIST,982,0.681652204186852,0.6894609565164442,0.3945006898803324
Y=0.5,7,NW,LEFT_ANKLE,547,-0.29210134447094377,0.4851346204495355,0.5063784112167011
Y=0.5,7,NW,LEFT_ELBOW,547,-0.8449997301164823,0.8449997301164823,0.5382118638832474
Y=0.5,7,NW,LEFT_KNEE,547,-0.6653772927121128,0.6717138523981606,0.41142047482286903
Y=0.5,7,NW,LEFT_SHOULDER,547,-0.6185417306516952,0.6264965084926694,0.4072065494353466
Y=0.5,7,NW,LEFT_WRIST,547,-0.7745694475690543,0.7798552043157846,0.6201538700624993
Y=0.5,7,NW,RIGHT_ANKLE,547,0.5777279486552194,0.5924605313808856,0.5716953609414593
Y=0.5,7,NW,RIGHT_ELBOW,547,0.7916647033428089,0.797221531578193,0.39293121654797697
Y=0.5,7,NW,RIGHT_KNEE,547,0.49386138879597447,0.5407601133946166,0.3638563007243603
Y=0.5,7,NW,RIGHT_SHOULDER,547,0.6348682770349009,0.6897434068841872,0.16987100359483798
Y=0.5,7,NW,RIGHT_WRIST,547,0.5734150604801463,0.6159543479853877,0.472039276296319
Y=1.0,0,N,LEFT_ANKLE,580,0.42804617678190643,0.7480719200172694,0.5720304697221
Y=1.0,0,N,LEFT_ELBOW,580,-0.21074213919070092,0.5504146509974277,0.42411765869475854
Y=1.0,0,N,LEFT_KNEE,580,-0.12708644035812938,0.5849375719479943,0.3348457018736698
Y=1.0,0,N,LEFT_SHOULDER,580,-0.60654197573542,0.6888782455716661,0.2993057527447388
Y=1.0,0,N,LEFT_WRIST,580,-0.39980464203712673,0.6330583997528156,0.5629759463453966
Y=1.0,0,N,RIGHT_ANKLE,580,0.3829842317796853,0.731778298191147,0.5786563648095471
Y=1.0,0,N,RIGHT_ELBOW,580,-0.3919863211763325,0.5757546658904552,0.45239961163976417
Y=1.0,0,N,RIGHT_KNEE,580,-0.19082949853146386,0.660320677989208,0.3628305154706012
Y=1.0,0,N,RIGHT_SHOULDER,580,-0.7300086535066197,0.7650629535926818,0.3229992439777618
Y=1.0,0,N,RIGHT_WRIST,580,-0.5681038797492185,0.6506205498133478,0.603031468001103
Y=1.0,1,NE,LEFT_ANKLE,492,0.6224076375940247,0.6328370250883597,0.6449938409401165
Y=1.0,1,NE,LEFT_ELBOW,492,0.7757063562424074,0.7798713578980335,0.3327209012890636
Y=1.0,1,NE,LEFT_KNEE,492,0.6216987456902398,0.6376658204501549,0.36727673856555304
Y=1.0,1,NE,LEFT_SHOULDER,492,0.4379994431844273,0.5222513534642889,0.1580140739969885
Y=1.0,1,NE,LEFT_WRIST,492,0.4855276828163974,0.5863444647835034,0.4283703347226635
Y=1.0,1,NE,RIGHT_ANKLE,492,-0.19300554880582318,0.3814386175054593,0.5507015428682326
Y=1.0,1,NE,RIGHT_ELBOW,492,-0.8219640197898184,0.8219640197898184,0.5981786515365157
Y=1.0,1,NE,RIGHT_KNEE,492,-0.5899163551571769,0.5956730103409494,0.42121777530038984
Y=1.0,1,NE,RIGHT_SHOULDER,492,-0.5776969369232021,0.5847311143450558,0.47896900563996864
Y=1.0,1,NE,RIGHT_WRIST,492,-0.7753598787290488,0.7785566856032795,0.7067380269836894
Y=1.0,2,E,LEFT_ANKLE,739,0.3638059130099355,0.450285042529765,0.6560968664275553
Y=1.0,2,E,LEFT_ELBOW,739,0.7769064861114223,0.7792557154035569,0.2820641482173548
Y=1.0,2,E,LEFT_KNEE,739,0.5045696428779218,0.5416661665142014,0.37394026023886473
Y=1.0,2,E,LEFT_SHOULDER,739,0.3397884917875704,0.3831761577592179,0.12720130027206153
Y=1.0,2,E,LEFT_WRIST,739,0.649125862098745,0.6633583037976918,0.3469703573151171
Y=1.0,2,E,RIGHT_ANKLE,739,-0.23438275797499464,0.3401026453691962,0.4343115994100654
Y=1.0,2,E,RIGHT_ELBOW,739,-0.4554569537520175,0.5338997038871077,0.5936113910699462
Y=1.0,2,E,RIGHT_KNEE,739,-0.3552997316382144,0.45077349721178056,0.3360803388902083
Y=1.0,2,E,RIGHT_SHOULDER,739,-0.13121144556837086,0.41014184436741374,0.47478350308016604
Y=1.0,2,E,RIGHT_WRIST,739,-0.401612290067266,0.527963728655914,0.6684648550527562
Y=1.0,3,SE,LEFT_ANKLE,568,0.01903364323207938,0.3389388410642411,0.5930098672440013
Y=1.0,3,SE,LEFT_ELBOW,568,0.46031729825033185,0.4939212698223538,0.22998196094829396
Y=1.0,3,SE,LEFT_KNEE,568,0.2321131666764489,0.39147737273703653,0.33644607085929007
Y=1.0,3,SE,LEFT_SHOULDER,568,-0.2305403767351887,0.34893956807005116,0.12276568142652164
Y=1.0,3,SE,LEFT_WRIST,568,0.5812160743413899,0.6310169430136836,0.27238202487302887
Y=1.0,3,SE,RIGHT_ANKLE,568,-0.32518326721502494,0.5141003914828879,0.31795020884846625
Y=1.0,3,SE,RIGHT_ELBOW,568,0.06811122529153206,0.29198460148298194,0.49440460800280245
Y=1.0,3,SE,RIGHT_KNEE,568,0.032914208735433534,0.38104220304081365,0.24952953995138552
Y=1.0,3,SE,RIGHT_SHOULDER,568,0.4266460432004778,0.46787136565767623,0.403529701865144
Y=1.0,3,SE,RIGHT_WRIST,568,0.1198286575308879,0.36285343192998054,0.5322586717678099
Y=1.0,4,S,LEFT_ANKLE,746,-0.35786200919078703,0.6239209314915568,0.35497748761165077
Y=1.0,4,S,LEFT_ELBOW,746,0.5331748105281463,0.5950585851619118,0.20528760057803921
Y=1.0,4,S,LEFT_KNEE,746,0.014088559495144995,0.45272845470570244,0.18879925386599591
Y=1.0,4,S,LEFT_SHOULDER,746,0.471900737781905,0.7456033551579634,0.17482195847362517
Y=1.0,4,S,LEFT_WRIST,746,0.39028599939386494,0.6533268247156546,0.22762761856234628
Y=1.0,4,S,RIGHT_ANKLE,746,-0.5508097571186227,0.6734672075953102,0.37156557978797744
Y=1.0,4,S,RIGHT_ELBOW,746,0.4051627939318713,0.5526826106477348,0.22059066280719855
Y=1.0,4,S,RIGHT_KNEE,746,-0.15764940289601395,0.4898184783048958,0.18546172469011024
Y=1.0,4,S,RIGHT_SHOULDER,746,0.5796763135372819,0.7722226498135369,0.17840634740811492
Y=1.0,4,S,RIGHT_WRIST,746,0.37182580185464725,0.6706231958724341,0.261038756202296
Y=1.0,5,SW,LEFT_ANKLE,693,-0.10408397391629697,0.5115069704889671,0.33323709703701293
Y=1.0,5,SW,LEFT_ELBOW,693,0.14760514292713772,0.35418146855423305,0.45201949969494104
Y=1.0,5,SW,LEFT_KNEE,693,0.10039951532570418,0.4194430394126994,0.25685092056467246
Y=1.0,5,SW,LEFT_SHOULDER,693,0.5068984364023097,0.5429813329590871,0.3750866741637319
Y=1.0,5,SW,LEFT_WRIST,693,0.11861683828876736,0.4646620434374542,0.45584510948419565
Y=1.0,5,SW,RIGHT_ANKLE,693,-0.06389691729835925,0.31406371463267435,0.5736993960196621
Y=1.0,5,SW,RIGHT_ELBOW,693,0.3561380806541151,0.44739266730153315,0.2573708529595437
Y=1.0,5,SW,RIGHT_KNEE,693,0.17810027966188216,0.3508453146300591,0.3180230719081367
Y=1.0,5,SW,RIGHT_SHOULDER,693,-0.2846226043854475,0.3899732548096567,0.13952100940322062
Y=1.0,5,SW,RIGHT_WRIST,693,0.584563099817952,0.6445812798840218,0.3070844917865307
Y=1.0,6,W,LEFT_ANKLE,974,-0.17431758373832326,0.3469578071702274,0.4284787542321636
Y=1.0,6,W,LEFT_ELBOW,974,-0.39766437279715205,0.49439262897534325,0.5522361742047892
Y=1.0,6,W,LEFT_KNEE,974,-0.3004169592105906,0.41414811872397256,0.3236603896814611
Y=1.0,6,W,LEFT_SHOULDER,974,-0.06686844799504096,0.39927183083064516,0.4521156269324712
Y=1.0,6,W,LEFT_WRIST,974,-0.34152487360117934,0.5328539232180736,0.5861943051062335
Y=1.0,6,W,RIGHT_ANKLE,974,0.3703264152480158,0.4621767275638383,0.6488822803830081
Y=1.0,6,W,RIGHT_ELBOW,974,0.704545429377671,0.7091347552909069,0.3271634945754928
Y=1.0,6,W,RIGHT_KNEE,974,0.5146336887177163,0.5662986781106522,0.368796344467072
Y=1.0,6,W,RIGHT_SHOULDER,974,0.2908633662207732,0.36287999883666866,0.14163576779394607
Y=1.0,6,W,RIGHT_WRIST,974,0.7008925453991454,0.7070038216912355,0.3924748896551959
Y=1.0,7,NW,LEFT_ANKLE,553,-0.1555145196451425,0.41477788096316687,0.537610529393121
Y=1.0,7,NW,LEFT_ELBOW,553,-0.8377717732161449,0.8377717732161449,0.5557567155225316
Y=1.0,7,NW,LEFT_KNEE,553,-0.5794828488603466,0.6035305675769488,0.39313853604726456
Y=1.0,7,NW,LEFT_SHOULDER,553,-0.6101348421507261,0.6172530560780354,0.4606383114969513
Y=1.0,7,NW,LEFT_WRIST,553,-0.770605805500908,0.7751450157967935,0.6124152191583921
Y=1.0,7,NW,RIGHT_ANKLE,553,0.6374816556749147,0.6400498168787151,0.670347590088707
Y=1.0,7,NW,RIGHT_ELBOW,553,0.7747615442527703,0.7829063857499373,0.37100766090618104
Y=1.0,7,NW,RIGHT_KNEE,553,0.5904809473410715,0.6110338494366495,0.3841316111983254
Y=1.0,7,NW,RIGHT_SHOULDER,553,0.46825027302486527,0.5865448190052492,0.15578578036680124
Y=1.0,7,NW,RIGHT_WRIST,553,0.5548919546543918,0.6120200912334637,0.472085893376928
Y=1.5,0,N,LEFT_ANKLE,696,0.5016249529678894,0.7518155081724994,0.6540846807038594
Y=1.5,0,N,LEFT_ELBOW,696,-0.24336368631685343,0.5333497572891654,0.4273225571531566
Y=1.5,0,N,LEFT_KNEE,696,0.02504598362361198,0.579070057791296,0.3419725837323352
Y=1.5,0,N,LEFT_SHOULDER,696,-0.7265151952550112,0.7306170353481682,0.3300893977932969
Y=1.5,0,N,LEFT_WRIST,696,-0.40153218589706674,0.6168786886629518,0.5613050609113226
Y=1.5,0,N,RIGHT_ANKLE,696,0.4684196159371425,0.7373285165148306,0.6476629668095116
Y=1.5,0,N,RIGHT_ELBOW,696,-0.3849711117509334,0.56628837896786,0.4556169667640236
Y=1.5,0,N,RIGHT_KNEE,696,-0.06452993211121803,0.6304223651503986,0.36412019556407677
Y=1.5,0,N,RIGHT_SHOULDER,696,-0.8106893126505953,0.8131626125529108,0.34647599720751143
Y=1.5,0,N,RIGHT_WRIST,696,-0.5256302060539875,0.6187372821140125,0.6062002097836213
Y=1.5,1,NE,LEFT_ANKLE,516,0.6607927257225831,0.6671465300523018,0.7037159323335799
Y=1.5,1,NE,LEFT_ELBOW,516,0.7227133655468914,0.7331936394796396,0.32415494896236624
Y=1.5,1,NE,LEFT_KNEE,516,0.6894325053254001,0.6976469225856377,0.3844800946914665
Y=1.5,1,NE,LEFT_SHOULDER,516,0.21919887653678305,0.40356025125358924,0.17268248491351734
Y=1.5,1,NE,LEFT_WRIST,516,0.43350383501112466,0.5600465229209388,0.43103344333103377
Y=1.5,1,NE,RIGHT_ANKLE,516,-0.06690105621421635,0.3558754071490195,0.5806634054036416
Y=1.5,1,NE,RIGHT_ELBOW,516,-0.8114922542356504,0.8114922542356504,0.5913991691675435
Y=1.5,1,NE,RIGHT_KNEE,516,-0.4844060243048848,0.5134100341346501,0.4001151013018132
Y=1.5,1,NE,RIGHT_SHOULDER,516,-0.59956360299315,0.6075343761536561,0.48732872237463093
Y=1.5,1,NE,RIGHT_WRIST,516,-0.7590345860959612,0.7625169795568713,0.692652394571717
Y=1.5,2,E,LEFT_ANKLE,765,0.3862613386314932,0.4572047340739887,0.7220019503680152
Y=1.5,2,E,LEFT_ELBOW,765,0.773718558877112,0.7743320156223958,0.27936106536076843
Y=1.5,2,E,LEFT_KNEE,765,0.5113723093550663,0.5433353740364497,0.40700280107853354
Y=1.5,2,E,LEFT_SHOULDER,765,0.2040121642660198,0.29085738651907833,0.12811929645366954
Y=1.5,2,E,LEFT_WRIST,765,0.6428365200998248,0.6533847391420745,0.35862262918008353
Y=1.5,2,E,RIGHT_ANKLE,765,-0.11632298092278821,0.28996225969901074,0.4973383515386037
Y=1.5,2,E,RIGHT_ELBOW,765,-0.4512460689449233,0.5250346011441351,0.6075977979775505
Y=1.5,2,E,RIGHT_KNEE,765,-0.3090444051376159,0.3955305593429071,0.31909880872023033
Y=1.5,2,E,RIGHT_SHOULDER,765,-0.15062981679350754,0.4160467858461093,0.49705156027438924
Y=1.5,2,E,RIGHT_WRIST,765,-0.3905329103436394,0.5106720829518778,0.6728344348983876
Y=1.5,3,SE,LEFT_ANKLE,588,0.05526789742446384,0.31306197910788175,0.6723482750484275
Y=1.5,3,SE,LEFT_ELBOW,588,0.5577677475460202,0.5686737222228293,0.21890866407152226
Y=1.5,3,SE,LEFT_KNEE,588,0.2446393236689516,0.38014346431322427,0.37477839265600765
Y=1.5,3,SE,LEFT_SHOULDER,588,-0.26574502428618235,0.35742082474054154,0.10464018759766361
Y=1.5,3,SE,LEFT_WRIST,588,0.6249427269407126,0.6460011166676289,0.2875226091073886
Y=1.5,3,SE,RIGHT_ANKLE,588,-0.26264483571977687,0.4203671261920105,0.392547546290057
Y=1.5,3,SE,RIGHT_ELBOW,588,0.05037432214593,0.2753451582394067,0.5193996706929157
Y=1.5,3,SE,RIGHT_KNEE,588,-0.002026917240108822,0.3921848229393426,0.2432079293276716
Y=1.5,3,SE,RIGHT_SHOULDER,588,0.36899334944193435,0.42523110688745597,0.42909849855784227
Y=1.5,3,SE,RIGHT_WRIST,588,0.11240010918816586,0.33671501284062666,0.5511732448467773
Y=1.5,4,S,LEFT_ANKLE,784,-0.3913332866597808,0.5327145524677591,0.4615037229071411
Y=1.5,4,S,LEFT_ELBOW,784,0.5926773917380619,0.6206213739843027,0.21364719205473165
Y=1.5,4,S,LEFT_KNEE,784,-0.12693629349491975,0.3801037506476217,0.22342062169649435
Y=1.5,4,S,LEFT_SHOULDER,784,0.5734687315165653,0.724070711920332,0.195295870549827
Y=1.5,4,S,LEFT_WRIST,784,0.3941622469021529,0.5759182417132916,0.23135976836829916
Y=1.5,4,S,RIGHT_ANKLE,784,-0.4667723662137,0.5616278673079742,0.4775587341865479
Y=1.5,4,S,RIGHT_ELBOW,784,0.4618581654265201,0.523722417322776,0.21989069437959968
Y=1.5,4,S,RIGHT_KNEE,784,-0.19299857445304744,0.41673859927155027,0.21760975635942859
Y=1.5,4,S,RIGHT_SHOULDER,784,0.6391971873980056,0.7774258795716297,0.20010012543066558
Y=1.5,4,S,RIGHT_WRIST,784,0.366765189062104,0.5838993790384915,0.2524665792367636
Y=1.5,5,SW,LEFT_ANKLE,700,-0.08806437772527011,0.46019323269701023,0.3821475043062679
Y=1.5,5,SW,LEFT_ELBOW,700,0.16739059263564904,0.34385434253773817,0.4497596915213215
Y=1.5,5,SW,LEFT_KNEE,700,0.09497826622293246,0.3937385770263218,0.2429755166255292
Y=1.5,5,SW,LEFT_SHOULDER,700,0.496679092254448,0.5373199607675119,0.38567422841488386
Y=1.5,5,SW,LEFT_WRIST,700,0.15023192286614057,0.4497660811509447,0.44485923887993295
Y=1.5,5,SW,RIGHT_ANKLE,700,-0.038645148575471217,0.2861829178975132,0.6510793387275152
Y=1.5,5,SW,RIGHT_ELBOW,700,0.4195331346807548,0.4625439822458775,0.24400813820675754
Y=1.5,5,SW,RIGHT_KNEE,700,0.15641642855233912,0.3203767868966207,0.35808598520753304
Y=1.5,5,SW,RIGHT_SHOULDER,700,-0.33774981863731046,0.4351604396834581,0.11438636217555774
Y=1.5,5,SW,RIGHT_WRIST,700,0.6167966721940282,0.6429138229945076,0.314820250703467
Y=1.5,6,W,LEFT_ANKLE,917,-0.06353414800960805,0.29119396852097573,0.4702226730758251
Y=1.5,6,W,LEFT_ELBOW,917,-0.3968946474442345,0.49691679817565043,0.5559384798095771
Y=1.5,6,W,LEFT_KNEE,917,-0.23982007631642013,0.35832499743370105,0.31197092274003996
Y=1.5,6,W,LEFT_SHOULDER,917,-0.09268392074778932,0.4228174936019039,0.4755379400670449
Y=1.5,6,W,LEFT_WRIST,917,-0.3406515818133148,0.5210489632722852,0.5781495758382859
Y=1.5,6,W,RIGHT_ANKLE,917,0.37419133096510176,0.4577470096714939,0.7400523870440265
Y=1.5,6,W,RIGHT_ELBOW,917,0.7242689192032373,0.7260167781036237,0.312047546494708
Y=1.5,6,W,RIGHT_KNEE,917,0.5177041609564775,0.565699701715226,0.40069605755766335
Y=1.5,6,W,RIGHT_SHOULDER,917,0.17398026722768498,0.2878840584443577,0.1254943646030499
Y=1.5,6,W,RIGHT_WRIST,917,0.7093547562614437,0.7146872697970155,0.3961325916759736
Y=1.5,7,NW,LEFT_ANKLE,561,-0.019874182467889866,0.39884812201088893,0.5799911802300749
Y=1.5,7,NW,LEFT_ELBOW,561,-0.837395737010895,0.837395737010895,0.5591017699223145
Y=1.5,7,NW,LEFT_KNEE,561,-0.48806241919303117,0.5443379938790218,0.38217701200059395
Y=1.5,7,NW,LEFT_SHOULDER,561,-0.6459719744753032,0.6524286368264097,0.4816023917113639
Y=1.5,7,NW,LEFT_WRIST,561,-0.7633674517854216,0.7662950316002964,0.6125429901889785
Y=1.5,7,NW,RIGHT_ANKLE,561,0.6701137001181774,0.6767172524511509,0.7367807711439495
Y=1.5,7,NW,RIGHT_ELBOW,561,0.7301388178432325,0.7440975248454123,0.3578032485851985
Y=1.5,7,NW,RIGHT_KNEE,561,0.6249956652536598,0.6500096093512421,0.4007064544586908
Y=1.5,7,NW,RIGHT_SHOULDER,561,0.22372284919774774,0.4592290707256444,0.16580586719508175
Y=1.5,7,NW,RIGHT_WRIST,561,0.5123416089289029,0.5844566419487366,0.47586738574929566
Y=2.0,0,N,LEFT_ANKLE,700,0.572119329975791,0.7222348554339167,0.6945534356496091
Y=2.0,0,N,LEFT_ELBOW,700,-0.30736844173465094,0.5178555609367592,0.4371265670977335
Y=2.0,0,N,LEFT_KNEE,700,0.1184092182304784,0.5516466744760975,0.35087703732231784
Y=2.0,0,N,LEFT_SHOULDER,700,-0.8026827586965667,0.8031262432898156,0.3839245107758903
Y=2.0,0,N,LEFT_WRIST,700,-0.3944812135470338,0.5889598229597226,0.5754673125623911
Y=2.0,0,N,RIGHT_ANKLE,700,0.5779175723479627,0.740375063724104,0.7325157509053567
Y=2.0,0,N,RIGHT_ELBOW,700,-0.4233310970204735,0.5754296111611804,0.47603576771557843
Y=2.0,0,N,RIGHT_KNEE,700,0.09474386648634091,0.6031304872858612,0.37766615421472927
Y=2.0,0,N,RIGHT_SHOULDER,700,-0.865357005756592,0.865357005756592,0.39468690622291475
Y=2.0,0,N,RIGHT_WRIST,700,-0.5018266566170062,0.6071174831968937,0.6374523864564628
Y=2.0,1,NE,LEFT_ANKLE,453,0.6848501997138897,0.6895190499177491,0.7403562019829616
Y=2.0,1,NE,LEFT_ELBOW,453,0.6774069745534465,0.6949962795327655,0.32744042542414953
Y=2.0,1,NE,LEFT_KNEE,453,0.6859937870336249,0.697142977470844,0.40573383007896296
Y=2.0,1,NE,LEFT_SHOULDER,453,0.04888951646249424,0.3405335812830807,0.19984690642481578
Y=2.0,1,NE,LEFT_WRIST,453,0.4213138830203166,0.5506031670709505,0.42804095295816386
Y=2.0,1,NE,RIGHT_ANKLE,453,0.043884840266720876,0.349995775522342,0.6334278388674436
Y=2.0,1,NE,RIGHT_ELBOW,453,-0.7839865185345962,0.7844812760874433,0.6082407299685315
Y=2.0,1,NE,RIGHT_KNEE,453,-0.3720165123682934,0.43137687795632756,0.40906825977689293
Y=2.0,1,NE,RIGHT_SHOULDER,453,-0.6026238232480777,0.6150223312924744,0.512970692308717
Y=2.0,1,NE,RIGHT_WRIST,453,-0.7188231183951238,0.7236888917625072,0.7083740685236184
Y=2.0,2,E,LEFT_ANKLE,710,0.41090202778182694,0.46914607973027117,0.7977273162710274
Y=2.0,2,E,LEFT_ELBOW,710,0.7750403918144146,0.7750403918144146,0.27550944747558126
Y=2.0,2,E,LEFT_KNEE,710,0.5187875330229227,0.5438910176526016,0.4467518850556471
Y=2.0,2,E,LEFT_SHOULDER,710,0.09176545242128119,0.3019468746276204,0.13350464447185642
Y=2.0,2,E,LEFT_WRIST,710,0.6760391002401934,0.6840633548316588,0.3543593302168507
Y=2.0,2,E,RIGHT_ANKLE,710,-0.010692376072788062,0.27665101359428046,0.5528330740302725
Y=2.0,2,E,RIGHT_ELBOW,710,-0.43370140670857144,0.5073239010971903,0.6147391970183903
Y=2.0,2,E,RIGHT_KNEE,710,-0.21853260497565283,0.3182477542938372,0.31428971649844495
Y=2.0,2,E,RIGHT_SHOULDER,710,-0.16708570093650665,0.4274865313445715,0.5090573136105274
Y=2.0,2,E,RIGHT_WRIST,710,-0.3619483792206415,0.48235206247936346,0.6731760795142263
Y=2.0,3,SE,LEFT_ANKLE,570,0.08243303139478343,0.29432297468392155,0.7742399372545707
Y=2.0,3,SE,LEFT_ELBOW,570,0.5469218445351246,0.5552403795845293,0.21319631921251198
Y=2.0,3,SE,LEFT_KNEE,570,0.236263105373139,0.3482547098242094,0.4302456827659282
Y=2.0,3,SE,LEFT_SHOULDER,570,-0.3685522658996191,0.4535062882474336,0.10825333668866692
Y=2.0,3,SE,LEFT_WRIST,570,0.649811080717819,0.6651027574182777,0.28512472129622707
Y=2.0,3,SE,RIGHT_ANKLE,570,-0.2201234642841935,0.3736576561748984,0.47256302665915334
Y=2.0,3,SE,RIGHT_ELBOW,570,0.05733700612011927,0.2803404493097056,0.5288353082508839
Y=2.0,3,SE,RIGHT_KNEE,570,-0.018140302856817538,0.37442897668805386,0.24428414112315783
Y=2.0,3,SE,RIGHT_SHOULDER,570,0.32819329025743776,0.4027072157467731,0.4441802393202051
Y=2.0,3,SE,RIGHT_WRIST,570,0.13747508406526943,0.3436807485111412,0.5452710854543615
Y=2.0,4,S,LEFT_ANKLE,769,-0.3559055349243128,0.46029612963088246,0.6094972422789767
Y=2.0,4,S,LEFT_ELBOW,769,0.5662332025312399,0.5891572256256976,0.20012265991881611
Y=2.0,4,S,LEFT_KNEE,769,-0.17415429794231024,0.3365391577991698,0.29119092664221846
Y=2.0,4,S,LEFT_SHOULDER,769,0.5145457555025459,0.688809122611433,0.20071249228991575
Y=2.0,4,S,LEFT_WRIST,769,0.38801967501903867,0.5298921725596427,0.22185641128476088
Y=2.0,4,S,RIGHT_ANKLE,769,-0.42741775780050684,0.5011102437614051,0.6295036952452518
Y=2.0,4,S,RIGHT_ELBOW,769,0.48560625462899015,0.5279855632903816,0.2216941816572275
Y=2.0,4,S,RIGHT_KNEE,769,-0.21810486849008479,0.4047537438616811,0.280826257544113
Y=2.0,4,S,RIGHT_SHOULDER,769,0.6180237899928972,0.7388377249236985,0.21284776867643146
Y=2.0,4,S,RIGHT_WRIST,769,0.3981769797718655,0.5473467926169238,0.25772075279784373
Y=2.0,5,SW,LEFT_ANKLE,656,-0.008272287569103656,0.4205584662435552,0.4374951839097021
Y=2.0,5,SW,LEFT_ELBOW,656,0.11975049664385401,0.32943120919899815,0.4718054915632368
Y=2.0,5,SW,LEFT_KNEE,656,0.11565256111942218,0.3661187080133248,0.2518664320546834
Y=2.0,5,SW,LEFT_SHOULDER,656,0.40588650126383685,0.47706381831281547,0.4167498217178018
Y=2.0,5,SW,LEFT_WRIST,656,0.14130466077210113,0.4191263379195624,0.4617872848918173
Y=2.0,5,SW,RIGHT_ANKLE,656,-0.0030856214926683755,0.2636994506662068,0.7642799034878246
Y=2.0,5,SW,RIGHT_ELBOW,656,0.48891120786169073,0.5198138075785016,0.2444224681451852
Y=2.0,5,SW,RIGHT_KNEE,656,0.173333575456618,0.30595449023000104,0.41202422072364886
Y=2.0,5,SW,RIGHT_SHOULDER,656,-0.37238368180058956,0.46583481758252976,0.10835097422941511
Y=2.0,5,SW,RIGHT_WRIST,656,0.6704913354754002,0.6788447491760545,0.3279896452788687
Y=2.0,6,W,LEFT_ANKLE,911,0.02924539520208701,0.27727306329376816,0.5194474128863821
Y=2.0,6,W,LEFT_ELBOW,911,-0.3802404177206597,0.4794964841693741,0.5897529181498689
Y=2.0,6,W,LEFT_KNEE,911,-0.18588658379352657,0.30966496015625733,0.3098593360848103
Y=2.0,6,W,LEFT_SHOULDER,911,-0.12186405919492015,0.42237578897296624,0.5092675899111626
Y=2.0,6,W,LEFT_WRIST,911,-0.2964849088611323,0.4775573001993703,0.6261528565630633
Y=2.0,6,W,RIGHT_ANKLE,911,0.39455275164892006,0.45966337226595827,0.8270957469655363
Y=2.0,6,W,RIGHT_ELBOW,911,0.7241357585012803,0.725993329820751,0.30808255615972585
Y=2.0,6,W,RIGHT_KNEE,911,0.5147096962437326,0.5544248766240129,0.44192047665956313
Y=2.0,6,W,RIGHT_SHOULDER,911,0.07135540997249105,0.3075884209813303,0.12581974609207144
Y=2.0,6,W,RIGHT_WRIST,911,0.7169076708686285,0.7214593003632964,0.4005227002234909
Y=2.0,7,NW,LEFT_ANKLE,594,0.10354557720338033,0.39125611859280207,0.6236977068571788
Y=2.0,7,NW,LEFT_ELBOW,594,-0.8258829140186312,0.8258829140186312,0.5891467446281098
Y=2.0,7,NW,LEFT_KNEE,594,-0.38613996175817367,0.4793288787967245,0.38371292419639985
Y=2.0,7,NW,LEFT_SHOULDER,594,-0.669845661051812,0.6741029979603418,0.514500987138941
Y=2.0,7,NW,LEFT_WRIST,594,-0.7268721194787146,0.7289957171716529,0.6564940993012728
Y=2.0,7,NW,RIGHT_ANKLE,594,0.6547520671904548,0.6693289935466666,0.7960184699371312
Y=2.0,7,NW,RIGHT_ELBOW,594,0.7100617681698977,0.7234854175149797,0.35662726377264664
Y=2.0,7,NW,RIGHT_KNEE,594,0.5930544045198742,0.6438843495576185,0.4333330129310809
Y=2.0,7,NW,RIGHT_SHOULDER,594,0.02150034871912624,0.382179800045696,0.17916186702331047
Y=2.0,7,NW,RIGHT_WRIST,594,0.5215087222729984,0.587519253745648,0.47839200841853774
