height_bin,azimuth_bin,joint,metric,r2,rmse,local_mae,n,beta_0_intercept,beta_1_camera_y,beta_2_distance,beta_3_sin_azimuth,beta_4_cos_azimuth,beta_5_elevation,reliability_weight
0,0,L_Shoulder,angle_mae,0.9009312685972108,2.108056330949489,1.7980183111155317,12,6.409373806854193,3.2046869034271763,8.748168338791402,4.231750005988644,51.76719834267778,5.156972238144544,0.21216548438097
0,0,R_Shoulder,angle_mae,0.8108262535731707,0.8949835879276089,0.7448344528055302,11,27.956985799256554,13.978492899628085,-2.5848195392622983,-13.7826447286919,-19.628399811334553,-1.5389225329958212,0.17555852863131796
0,0,L_Elbow,angle_mae,0.911427776076347,1.0267511327693866,0.8820608802006613,12,-85.68573592139651,-42.8428679606989,4.35361061936187,-35.54067176901206,-81.59765959420572,2.4950912474048366,0.2146373672773056
0,0,R_Elbow,angle_mae,0.4252221326955443,1.0732975754202518,0.8721672283772338,11,12.311586538741418,6.155793269370632,-1.4956687036638416,1.482595461887124,-6.033182958630339,-0.8871024318229481,0.09206827187517072
0,0,L_Hip,angle_mae,0.9069249486709159,1.8633989605015397,1.5639116734419651,12,23.79748388667632,11.898741943338244,-9.151465382250413,-48.95780074327851,-87.07012138887733,-7.096069137024191,0.21357697056242111
0,0,R_Hip,angle_mae,0.8533010776831409,2.615065271788947,2.0658592048922624,12,29.23151313779863,14.615756568899602,10.770290067040825,55.15346538510356,104.86706391017721,8.213152699344963,0.20094877687099932
0,0,L_Knee,angle_mae,0.5780107464220599,1.9572819913752466,1.5989305936820515,12,27.1678206247587,13.58391031237958,3.793646289111212,21.820806412077637,55.243872564028734,3.265563756040642,0.13611907396996967
0,0,R_Knee,angle_mae,0.7078711916823499,3.5171980313205906,2.8267902102154374,12,-47.088532141770145,-23.544266070885357,12.977634023295778,9.69387012195185,40.059003186371385,9.022445200445683,0.16670065686194474
0,1,L_Shoulder,angle_mae,0.942928390426516,1.0201102016982688,0.8811880793326983,13,15.932020379664312,7.966010189832083,4.13557376143721,0.4527275356072906,3.464384375483576,0.6878207656296782,0.2397824772720566
0,1,R_Shoulder,angle_mae,0.6462868740275894,1.5357270143403805,1.3814678195773027,12,-22.96539773557857,-11.482698867789107,4.051367904322282,-35.021423234933366,-8.319351430606725,2.556147929242944,0.15219781181601996
0,1,L_Elbow,angle_mae,0.6432900985044308,1.0101640662263005,0.7834982970310305,13,43.59859540316925,21.79929770158442,-0.4978128168324307,37.69298456426735,14.122610829811624,0.23992733765478924,0.16358579823246786
0,1,R_Elbow,angle_mae,0.8643827399052021,3.367666887844277,2.8142420895105382,12,-1.5915017987110354,-0.7957508993553568,-3.984126007335287,-91.29192728241844,-10.470848003774307,-7.495191600858277,0.20355846122211607
0,1,L_Hip,angle_mae,0.8323365540417422,1.5132386244553235,1.235239761297494,13,44.02592817643884,22.012964088219228,-5.415279418410645,-17.226035001502606,-19.093903083495892,-2.5695784116527918,0.21165946733445984
0,1,R_Hip,angle_mae,0.3843976197489124,1.916433686082201,1.553516407132206,13,40.20481933555078,20.102409667775206,0.655380566903979,25.7710836516985,13.238714046859007,-0.35513272786010575,0.09775059745436665
0,1,L_Knee,angle_mae,0.38681664160647555,0.9893478843396092,0.7751577904880773,13,26.462840345086505,13.231420172543134,-0.6848864011511413,8.793250921128823,8.924312062509822,-0.560105712887415,0.09836574390607056
0,1,R_Knee,angle_mae,0.5597719707505269,1.8009224821449539,1.2637200471357692,13,-30.534245771355785,-15.267122885677747,4.425237628733928,-22.35729611753195,-8.171325463923552,2.5296493032575524,0.14234751145132987
0,2,L_Shoulder,angle_mae,0.9557592303151413,0.9572241307341185,0.8312269329979506,12,2.566937200506617,1.2834686002532747,3.793892737634323,-19.925918012103917,-2.559416191139634,0.1012797211258274,0.22507723632140209
0,2,R_Shoulder,angle_mae,0.30614126886764115,3.414371223758301,3.0575452605318376,12,54.48917068339357,27.244585341696894,-8.483656793774655,-53.784457733735756,12.001005887207988,-5.85981484944535,0.07209496757665197
0,2,L_Elbow,angle_mae,0.48211582434650957,0.7628449817522002,0.5758765869068326,12,21.55453944425854,10.77726972212942,1.2567384498451561,23.18749598303637,-8.004543871275562,0.5707699526917436,0.11353622741885208
0,2,R_Elbow,angle_mae,0.8579321422113263,2.5529004456995184,2.0419464182960003,12,10.702896308807839,5.351448154403764,-5.161158501941415,-72.8005395300841,37.5393884371627,-5.990543320291898,0.2020393728832255
0,2,L_Hip,angle_mae,0.9527340389856568,0.6676137350970968,0.5678760753438746,12,83.00246738616073,41.501233693080735,-7.206523375901604,-2.785686531943605,-11.0577143500356,-6.1433750947646,0.22436481662176777
0,2,R_Hip,angle_mae,0.8539274399652652,2.5462724384267075,2.0139752941205202,12,6.391144274382331,3.1955721371911543,-1.3892251587283666,-7.464944218851545,23.04394981619193,2.2273815394950196,0.20109628252611084
0,2,L_Knee,angle_mae,0.4160028884019573,1.2551494848156246,1.1054621568916403,12,-1.9911933783937743,-0.9955966891969485,-0.8182516596545538,-20.76211581546812,6.318462622587766,0.029224166223310144,0.09796691201439905
0,2,R_Knee,angle_mae,0.5494530064835164,1.5216423311773568,1.2075467006659766,12,1.2419685911714162,0.6209842955857261,3.1196626507374488,3.9055758978801105,-5.592280672511043,1.4170567702240882,0.12939384759801686
0,3,L_Shoulder,angle_mae,0.5859135979347421,2.378572278728065,1.9058416016106297,9,91.5526365503152,45.77631827515759,5.382438146852859,64.678078005916,-124.71510304593903,4.919830418891188,0.10434000216196722
0,3,R_Shoulder,angle_mae,0.9721835085098534,1.0348342045431036,0.9172430500104736,9,-62.87633037871437,-31.438165189357175,-1.6936892801600276,-86.64507268945036,112.99025534902145,-1.5995095804087889,0.17312728316478654
0,3,L_Elbow,angle_mae,0.9707287038294823,1.5641983762260705,1.1850805962387303,9,65.34095045790892,32.67047522895447,9.069139776055911,113.18510555982384,-128.61889292379675,9.42730144035922,0.1728682102843649
0,3,R_Elbow,angle_mae,0.8339301632697783,2.2676564203997116,1.6410019978436143,9,-75.73058483790071,-37.86529241895036,-1.6115845353877791,-86.12406250983791,124.96948981976368,-2.352080759930555,0.148507007424309
0,3,L_Hip,angle_mae,0.7318319559956767,2.8557798383044535,2.373810202974866,9,62.39928666661336,31.1996433333067,-3.421118192001469,26.03210627639745,-14.9381174923488,-1.5167525432385816,0.1303252700397139
0,3,R_Hip,angle_mae,0.7056384470929207,4.107646688841175,2.8428861494866555,9,16.204041392243703,8.102020696121906,-11.873371883360889,-56.88303390819306,115.11250718086302,-8.021283850784148,0.12566070723527206
0,3,L_Knee,angle_mae,0.5363649365630899,2.8364975759090303,2.5577634187578755,9,-110.1529511187714,-55.07647555938574,9.975079916877725,-12.219049899540186,50.68310777372281,9.654367903673904,0.09551633353085179
0,3,R_Knee,angle_mae,0.35661024583443657,3.391398662260475,2.790192495271694,9,11.785894353132903,5.892947176566463,0.11686256793423055,0.6592979371262458,17.61735217813764,-1.3340822506517407,0.063505462157731
0,4,L_Shoulder,angle_mae,0.7599972436921572,1.9702088660440078,1.7359481217485042,8,-60.718964050698574,-30.3594820253493,16.68816946237832,7.425853051301104,-29.742868336792174,9.976146900648413,0.12057242598198252
0,4,R_Shoulder,angle_mae,0.7430689850760543,2.72425969772783,2.1999788099631945,11,10.100360153359595,5.050180076679755,6.144894807589358,6.461633620142767,-40.08212112019851,4.228412122135968,0.16088785620425966
0,4,L_Elbow,angle_mae,0.8759657941742061,3.0575821565304935,2.5031267525043703,8,-113.53084324586865,-56.76542162293434,29.785996388841525,-15.927447096333246,-65.80355732967395,15.983774225524126,0.13897066306150857
0,4,R_Elbow,angle_mae,0.5350246443490994,4.286004563602311,3.174725752170514,11,71.1772854032917,35.58864270164572,9.098850991402594,-54.690203830716726,-148.5284643681681,5.816549043046148,0.11584249884546417
0,4,L_Hip,angle_mae,0.3650072756381396,4.327694665721738,3.7625178271545296,11,2.767185451269952,1.3835927256349656,6.315314703565383,-7.258368448189478,-8.768431809224124,2.902968963280796,0.07903066775202164
0,4,R_Hip,angle_mae,0.7880342990961534,3.9148169742333603,3.318819132040821,11,-151.74961336927538,-75.87480668463775,18.08929201249956,27.130583662144605,66.5323855363054,10.077480110659948,0.17062365883031683
0,4,L_Knee,angle_mae,0.7437964937175006,3.2378851121991334,2.5874723764803984,11,42.82420257496557,21.41210128748284,-5.949079246245457,-14.419042472854494,20.333447743007177,-3.2214400430149723,0.16104537496502502
0,4,R_Knee,angle_mae,0.7699439800993017,2.050891463467676,1.5021496410086215,11,51.734317684103395,25.86715884205179,-7.850397697296231,-2.82776018550731,28.697890887351452,-4.985055864793441,0.16670677802932796
0,5,L_Shoulder,angle_mae,0.90471900439942,1.2521706230537117,1.0751661976338447,8,-61.48394993626245,-30.741974968130968,-0.8213184190574498,127.3627718113078,77.87031100812621,-2.476330996045018,0.14353231685749032
0,5,R_Shoulder,angle_mae,0.8786096287914357,1.647239165466999,1.3303148569459229,9,21.972194572610984,10.986097286305554,7.124620594764486,-26.97413083849419,-21.76256843747728,2.5191772787184297,0.1564635654314241
0,5,L_Elbow,angle_mae,0.8596046983121365,1.5401938317657078,1.2827510992908215,8,33.944871008691976,16.972435504345963,0.07787816340488618,-9.597378550549493,9.088812796421418,-1.57919034431408,0.13637499967432323
0,5,R_Elbow,angle_mae,0.8404323082645168,2.6942669018666807,2.5401281288074546,9,-40.14560604869213,-20.07280302434598,12.310170674108736,-20.678475620551634,-21.38842319853552,5.421844613891464,0.14966491504959678
0,5,L_Hip,angle_mae,0.8661381060053641,3.8466669886380336,3.1528247274716668,9,27.200177078424062,13.6000885392126,28.208956960626402,-243.93861853805265,-128.63140337041554,19.688691620392923,0.1542426258269354
0,5,R_Hip,angle_mae,0.8930315706993144,1.0707308839461314,0.9403933943733997,9,-23.917797608246175,-11.958898804122992,10.886823056369247,-29.505860120390594,-20.94296234233172,7.292906379420959,0.15903183736631682
0,5,L_Knee,angle_mae,0.4772868432812911,3.331463829856459,2.933562578279368,9,65.19083052088648,32.59541526044318,-9.225619044409951,7.298894543414544,9.225685343796348,-5.360084383846868,0.08499565539251244
0,5,R_Knee,angle_mae,0.7737940973238052,3.201404819739467,2.5817301918541173,9,-37.36767679634144,-18.683838398170472,18.810096046096163,-95.48516409681216,-54.775966861915535,12.508714430028549,0.13779792459548912
0,6,L_Shoulder,angle_mae,0.9425525005605683,0.6958238410333404,0.5908131761954404,7,79.82957201106348,39.91478600553124,-1.1203004591109078,-34.04250916116506,22.78746505936543,-2.0009390449547766,0.13110193455693114
0,6,R_Shoulder,angle_mae,0.6181748619806136,1.9108273936740758,1.3652795212373257,11,44.53762077766552,22.268810388832513,-0.45713990136038873,2.9537875780728684,3.6560904978279005,-1.8803408125098038,0.1338460227797631
0,6,L_Elbow,angle_mae,0.974801793596887,0.6016207273469212,0.4357904417284103,7,19.503010946709914,9.751505473354904,4.887087443040655,-27.50709911902111,19.12561784265835,0.4968579832826414,0.1355875676677024
0,6,R_Elbow,angle_mae,0.40935774354134524,2.7629658020259296,2.29936685384144,11,6.709092943850023,3.3545464719249836,1.9530566942384695,-2.5201241082084596,9.675228955392305,-0.08558507797375903,0.08863334508873251
0,6,L_Hip,angle_mae,0.7159331630496978,2.0421578197239616,1.8638659159962159,10,78.42993928931222,39.21496964465587,-11.900315092491255,36.92465071219241,-3.4151986809040533,-8.703493733408248,0.1413075373165625
0,6,R_Hip,angle_mae,0.6164297021647582,2.809416008216809,2.359994600972626,11,22.8334600889674,11.416730044483616,2.910358621380693,-37.42834579407995,-1.204883742740372,3.9964314285901352,0.13346816415943857
0,6,L_Knee,angle_mae,0.24407418726151742,3.364565615246873,2.762521311492885,10,1.8021770485463395,0.9010885242730651,-6.0177703815826025,60.798069306878425,-21.225151248520646,-3.1595720045614737,0.04817422086937519
0,6,R_Knee,angle_mae,0.3100666748744685,1.3595713284825135,1.0904528340314699,11,42.6530087321673,21.326504366083434,-1.9555933610642366,-24.270908900200325,5.791327052869881,-1.1144442920488729,0.06713503537740914
0,7,L_Shoulder,angle_mae,0.6436247918669433,1.217932674844633,1.0341180093154079,10,57.100850310856394,28.550425155427924,-3.2919568972505786,3.7308154742016857,8.839165068187546,-2.1818382261243805,0.12703564939942513
0,7,R_Shoulder,angle_mae,0.8771906954030653,1.9426529856046428,1.6772682077776093,10,240.92240243088452,120.46120121544092,-13.698028919638716,-47.60664791729516,131.39842042030315,-10.901880249032992,0.17313579440348623
0,7,L_Elbow,angle_mae,0.9120097035915539,1.0113764802518548,0.8002730183371647,10,160.77821442637415,80.38910721318608,-2.973747108043945,-69.5224918735461,152.57504437527209,-2.2625807963637286,0.18000820729460273
0,7,R_Elbow,angle_mae,0.6008065547563586,1.1299466363719284,0.8278816743696282,10,73.81663252577485,36.90831626288702,-4.515431866382951,-16.31066067955772,34.12775855612042,-3.6512508120719573,0.1185843861382576
0,7,L_Hip,angle_mae,0.8245723152136439,2.9194733891962144,2.669207304273412,10,159.83444373123402,79.91722186561626,-18.39000268649812,-16.564806657125295,-0.7054955828854688,-13.391067127094963,0.16275022476388346
0,7,R_Hip,angle_mae,0.9235977244355527,1.202127361791388,0.9888493423121986,10,45.12553352405176,22.562766762025635,0.1437758092084085,-28.01554421069601,12.388992113420516,1.6647810686328501,0.18229539661945984
0,7,L_Knee,angle_mae,0.4269279038664828,2.0170649333885557,1.4832807239850097,10,-5.84714475269339,-2.9235723763467294,5.40386779487237,-19.641319283192743,31.990096926595474,5.852458368712741,0.08426503173859408
0,7,R_Knee,angle_mae,0.5959465990385802,1.2150300671392231,0.9280512123036809,10,8.705808173581639,4.352904086790823,-2.8824474550251713,8.970201908642613,-30.59221655074779,-2.0298295860304716,0.11762515082218222
1,0,L_Shoulder,angle_mae,0.7848874806343396,3.154234613229965,2.521860098952928,14,-5.293821140740207,-5.293821140740187,10.755542406209353,5.099402918738987,45.90714048057843,2.819112181935736,0.21419978113550872
1,0,R_Shoulder,angle_mae,0.7643726190677476,1.2577836704955963,1.0616678523255807,14,-9.70159539467687,-9.701595394677042,0.41337288672975214,-21.496974615982722,-42.54300411503775,0.5826499695778642,0.2086011711869364
1,0,L_Elbow,angle_mae,0.909640795827668,0.9353404735123378,0.7528151934742365,14,-45.954640837052864,-45.95464083705345,2.62632656993973,-34.60975443287726,-82.777728098526,0.6283908979617507,0.2482455946688619
1,0,R_Elbow,angle_mae,0.3888969880203943,1.1581025333442405,0.8902755952451515,14,6.2326245009708305,6.232624500970855,-2.697431364494829,-5.845047976637064,-19.97352421876485,-0.9697338157119395,0.10613196384646537
1,0,L_Hip,angle_mae,0.9340072200427612,2.086294911365633,1.5902907240191102,14,-51.54314430569105,-51.543144305691875,-4.705708233293269,-90.83062080537493,-180.36593255846452,-2.1096764389292915,0.2548953156323174
1,0,R_Hip,angle_mae,0.8148702929309869,2.6034092061579845,2.0193252411397498,14,53.456819208103965,53.45681920810468,4.916578398900379,62.96990295285888,123.9688727670832,1.864183149900306,0.22238224294083456
1,0,L_Knee,angle_mae,0.9142589541818439,0.9637883933622526,0.8075600178588987,14,27.53513695910781,27.535136959108176,1.8767127350551736,30.62387395092961,58.681292549334096,1.3654489388877948,0.24950591354656157
1,0,R_Knee,angle_mae,0.23922208413503288,2.329354917264028,1.7802677997646796,14,1.6099277900477411,1.6099277900477251,-0.03342847207785993,-4.358903078494927,-15.65225373513648,0.4377035134531888,0.06528492214335166
1,1,L_Shoulder,angle_mae,0.9930063801895943,0.6975814120986246,0.5278423971939237,12,-24.250346389541022,-24.250346389540894,9.195122377859697,-25.80890578712704,-3.0299857498474294,1.5610926419832243,0.23384878179925916
1,1,R_Shoulder,angle_mae,0.9461794466340938,0.5503883760747399,0.4902152200596845,10,6.367472764510018,6.367472764510058,4.256820908293482,2.3474040631789306,9.089836396973322,1.117847750970058,0.18675247126962674
1,1,L_Elbow,angle_mae,0.8577244583000476,1.240496933622498,0.9325216426184592,12,29.164479261885425,29.164479261885273,-5.119215428341809,3.484838969761671,-1.75538119584166,-1.46682981559103,0.20199046420487185
1,1,R_Elbow,angle_mae,0.9308030603673398,2.9155244996036127,2.4367537620359245,10,-70.91945074809462,-70.91945074809496,10.617238489910424,-100.23482595257208,-24.71841162967804,0.9342794172993365,0.18371755210632434
1,1,L_Hip,angle_mae,0.5277952309507905,6.502119134127023,5.542617171880125,12,42.41256250978264,42.412562509782454,7.384403629866197,134.06508518350032,39.626156491752695,4.683024365123998,0.12429353351560105
1,1,R_Hip,angle_mae,0.5673180401534962,3.4287721486606815,2.8603154857558444,12,55.75737571506154,55.75737571506126,-7.664093713086018,3.5189494545812536,17.817866655908215,-3.924108571298021,0.13360098709265925
1,1,L_Knee,angle_mae,0.9544334331873157,0.6708148979701649,0.545228341199751,12,26.11072407082855,26.11072407082841,-5.79072138462946,-13.370707210193759,-3.598495713581469,-1.9070493152351027,0.2247650167330488
1,1,R_Knee,angle_mae,0.42763025085707707,2.4197437247061755,2.1334257109642745,12,18.162626515308993,18.162626515308894,-6.2044834840735925,-43.618541552325894,-22.34133117311719,-2.627884328016476,0.10070510645092327
1,2,L_Shoulder,angle_mae,0.9418394311416662,0.9925952610711994,0.7699455185530587,12,8.574343563220689,8.574343563220596,3.689159432894841,-4.457623711305432,-3.078745587401822,0.0159479059684422,0.22179918278161923
1,2,R_Shoulder,angle_mae,0.34234321320065697,1.4680685300783882,1.2611942357146322,12,36.339894478283945,36.339894478283504,-2.0928266507407063,4.606436433332647,-2.2507432665309026,-1.1365072533314446,0.08062037159210651
1,2,L_Elbow,angle_mae,0.7129674737377031,0.6192669928698661,0.5392379915483706,12,15.573483488091002,15.5734834880908,-0.0543910044354039,21.973568792956172,-4.9029484249216875,0.2475275116658775,0.16790080962442974
1,2,R_Elbow,angle_mae,0.8643647096911738,2.4687125198978457,2.162719750175211,12,15.240198883031185,15.24019888303108,-6.056610022726042,-73.52599546057185,30.861926775736134,-3.8972110280793437,0.20355421518334915
1,2,L_Hip,angle_mae,0.8713111571599481,1.6448149569907857,1.0158752488683565,12,48.273632138657746,48.27363213865718,-8.49698276018378,-12.470619881377575,-5.147890190222023,-2.435366082568734,0.20519007403663797
1,2,R_Hip,angle_mae,0.4260194652181247,4.063338530966,2.887065388441958,12,77.87097363514593,77.87097363514494,-8.619674609773334,57.185461473312955,-3.2377720280912152,-2.90241282093519,0.10032577327953233
1,2,L_Knee,angle_mae,0.20541848736351087,1.1581558165716803,0.7985397183178241,12,12.282494801267198,12.282494801267053,-0.46765774236409996,4.253286092735351,-3.8965269000051457,-0.20160766882486314,0.04837518065073446
1,2,R_Knee,angle_mae,0.7099791612050576,1.3820239406899792,1.1344369136132415,12,-23.102181172754033,-23.102181172753706,2.9068114731119126,-45.595785908228756,6.651179664213225,0.5961902265974217,0.16719707472469908
1,3,L_Shoulder,angle_mae,0.8335258796047434,1.9546700841870785,1.7489276103787013,15,95.58085370615979,95.58085370616034,4.147263112218276,93.75493988564585,-173.5686497895468,0.950578437926481,0.24281660153366805
1,3,R_Shoulder,angle_mae,0.8429277108712889,2.3519341139160783,1.8946199669404864,15,-38.82697600858547,-38.82697600858571,-0.9645283624047423,-82.1398141410953,101.03201335300338,-0.2349602771307744,0.24555547356175444
1,3,L_Elbow,angle_mae,0.6791398168142952,4.852515114319175,4.36974969952583,15,7.706073557356595,7.706073557356635,0.8179547308455462,30.321590392219367,18.404990240396184,-0.24037508085348946,0.19784199425606724
1,3,R_Elbow,angle_mae,0.7776148066835276,2.7347968258157724,2.15296814845514,15,-20.35970670758901,-20.35970670758915,-3.71717592723145,-71.81489011945312,83.2037047057993,-1.5321959677584474,0.22652900081601723
1,3,L_Hip,angle_mae,0.6587793287535171,3.65735670165471,2.8589748864719966,15,66.18994751822177,66.18994751822211,-14.409901841705132,-8.88666445184191,32.693324249098566,-5.302811662119005,0.1919107272882925
1,3,R_Hip,angle_mae,0.6229759579841023,2.6803364348748,2.154296436826981,15,16.949861528929766,16.949861528929834,-4.61432010771263,-8.03076846463418,41.04529556258137,-1.5242814098715414,0.18148075381488138
1,3,L_Knee,angle_mae,0.7174754862867136,1.775962519446061,1.5927006384080664,15,0.6238404476497997,0.6238404476498092,2.679638762937872,16.50096494316493,-13.631362913688893,1.8655960986585356,0.20900965828015813
1,3,R_Knee,angle_mae,0.47187123436799394,2.028543460853197,1.6064349164705791,15,43.235298342028955,43.235298342029196,2.091645265212975,47.607376589354644,-78.46723367606653,0.9865159138522159,0.13746204202449724
1,4,L_Shoulder,angle_mae,0.7558602039925894,3.295173292528477,2.6362951902722425,13,-46.196363142285456,-46.19636314228554,10.191551536099842,35.53331548413704,38.42236377006203,3.2287194330688394,0.19221187316538818
1,4,R_Shoulder,angle_mae,0.8183446876837017,1.8796706314121265,1.4067011191864858,14,14.038159518014218,14.038159518014114,5.240537664709181,-0.02786940205665922,-42.33724844045442,1.4794433687086457,0.2233304229207323
1,4,L_Elbow,angle_mae,0.5579086062230048,4.4703530425245885,2.9378298728650925,13,-56.62661716724096,-56.626617167240916,12.701042218036829,9.020592959837987,39.66842398802212,3.43365867804755,0.14187366617632652
1,4,R_Elbow,angle_mae,0.6863709932999025,2.5612928900650713,1.8928051780392037,14,33.245284299689935,33.245284299689686,6.511717519567654,-44.52029745916584,-104.47810333000906,2.1637242814121755,0.18731413122270732
1,4,L_Hip,angle_mae,0.9173084660319799,2.2334648007434788,1.858271661331414,14,-97.79869230999597,-97.79869230999545,13.944198128645876,10.345105046442342,118.25283798628334,3.880021657326381,0.2503381408237012
1,4,R_Hip,angle_mae,0.6063395695425307,3.7423834962944325,3.330263264681014,14,-35.074136377670584,-35.07413637767043,12.75945242805274,0.375510869774055,-1.342987876090937,3.6626455620796534,0.16547314907461955
1,4,L_Knee,angle_mae,0.8686683354756525,1.5270876438933352,1.1818191085467136,14,8.518961208388394,8.51896120838837,-1.5424032213363192,-9.53138454640482,16.65077316258755,-0.10658709425857182,0.23706400207562534
1,4,R_Knee,angle_mae,0.7433545748535191,1.7456321505654562,1.448543658567107,14,-49.161963303698734,-49.16196330369843,1.7945997376599347,26.539165759563186,104.96289610208532,0.35909922089542334,0.2028652401373729
1,5,L_Shoulder,angle_mae,0.4668757573331398,1.6743149320627495,1.3145005019120901,10,1.214738634677249,1.214738634677254,5.536628924030577,-4.540514044663214,3.7192243682028723,1.6510383482296125,0.09214975210887304
1,5,R_Shoulder,angle_mae,0.8356724109803112,1.1101991456535012,0.879641181839073,10,29.81192435123149,29.811924351231674,-5.301143620712191,39.941735589274664,17.80619439398676,-2.847831669492713,0.1649411097203565
1,5,L_Elbow,angle_mae,0.8233432480314361,1.5336475044184903,1.1702824738904147,10,-8.715417658602401,-8.715417658602465,-3.0910270507387616,70.16725944548588,48.76874951925691,-1.9619542822733074,0.16250763723521727
1,5,R_Elbow,angle_mae,0.6815571497958879,1.4103885178317355,1.290383283092476,10,21.090117986735073,21.0901179867352,1.2848027443038337,-27.53197071243576,-23.00302151448357,-0.26115960231170376,0.13452256069253624
1,5,L_Hip,angle_mae,0.6581344570909049,2.5374842602018943,2.320678464894745,10,87.95520057904797,87.95520057904851,-3.8347021857363615,-116.59181008036717,-74.35390966791083,-0.7137655309379767,0.1298994992193607
1,5,R_Hip,angle_mae,0.4541663478533531,1.4142641972563146,1.1561453041234961,10,-25.051239722426352,-25.051239722426505,6.851577688028689,22.51742276886781,11.326007908848261,2.573450158745125,0.0896412283429307
1,5,L_Knee,angle_mae,0.6424095290544523,1.9744804828921254,1.5324559796959567,10,40.14937480628852,40.14937480628877,0.6321754974933675,-46.10438305254488,-36.30826882534032,-0.5774666623417559,0.12679578651265228
1,5,R_Knee,angle_mae,0.5131980764858873,2.0290832018167113,1.7700138601071977,10,54.78891316376871,54.788913163769045,-0.9853964516074036,-78.02827700235112,-49.402692796077396,-0.11641464113828448,0.10129263468520679
1,6,L_Shoulder,angle_mae,0.8053114997875285,1.8094445088515854,1.4309906020965892,11,16.640987464525246,16.640987464525345,2.907536772039471,4.028226196593256,10.227379996839556,-0.3343863524027242,0.17436448483203937
1,6,R_Shoulder,angle_mae,0.9194307255833397,0.9910784555522625,0.8488766499489019,12,37.68278524887942,37.68278524887933,-3.930937053149524,17.71183315354634,2.579030522115163,-2.4531462096688728,0.2165220278699736
1,6,L_Elbow,angle_mae,0.8285977081385357,2.499821561371206,2.280073238905789,11,2.785872089305269,2.7858720893050783,0.3893837525247823,41.21952853652739,-0.63601264239603,-1.8828893930679578,0.17940636952372224
1,6,R_Elbow,angle_mae,0.502579971407553,0.7684889803471175,0.6674975326310525,12,10.5849014043373,10.584901404337273,-0.8408407217190428,-0.13947694517767728,1.611776580128253,-0.5537965919723948,0.11835544706965855
1,6,L_Hip,angle_mae,0.6233572942245009,2.908010250237064,2.112003683369832,12,94.84823958510592,94.8482395851057,-10.033025468665105,-70.34488735825116,32.43517227954761,-4.203991763599049,0.14679799323368883
1,6,R_Hip,angle_mae,0.6774993933569589,4.144990477522726,3.4442314291716176,12,-120.94257623627294,-120.94257623627266,12.526254780821276,143.4690233599679,-58.84699658035861,5.818867888019142,0.15954822745047467
1,6,L_Knee,angle_mae,0.6260830114047886,3.286070128281924,2.7133224701886527,12,100.4742660497917,100.47426604979145,-15.099750962095822,-54.63749129651985,17.17696728485576,-4.536014734164951,0.14743988804409064
1,6,R_Knee,angle_mae,0.4539660782937899,1.2031989539640136,1.0338359894672629,12,11.901246246882927,11.901246246882902,-1.7329273478785119,0.40840152839795885,-0.5705723598072867,-0.26878169990983025,0.10690708187284849
1,7,L_Shoulder,angle_mae,0.31925687602510533,1.4623083444649339,1.075092330671864,12,25.33778942188923,25.337789421889248,-2.356353198413654,10.84067694993742,-8.134190899826525,-1.3218963590328272,0.07518363731485149
1,7,R_Shoulder,angle_mae,0.9000283333172553,1.491355402059782,1.072910763718565,12,59.87724547196579,59.877245471967356,-0.6527310968040219,-17.820053227467618,83.96810588715748,-0.566746516516119,0.2119528469604321
1,7,L_Elbow,angle_mae,0.6227358154442633,1.4763274801482067,1.0987907751983317,12,44.85094864533506,44.850948645335805,-4.53858252303182,-6.999416706005595,31.41965487226063,-2.4782924076833126,0.1466516376225145
1,7,R_Elbow,angle_mae,0.5109512854544231,1.3844482144727661,0.9518798058856751,12,43.40444858987058,43.40444858987129,-5.024713208814028,-12.618733992817289,24.550577729589904,-2.1238122554885877,0.1203268559457484
1,7,L_Hip,angle_mae,0.23926998262998533,1.5965411465731114,1.195450675548546,12,1.1794970473014328,1.1794970473009172,-2.1733638264777047,21.617719890438302,-31.034436805775506,-1.2322564953659498,0.05634706390151178
1,7,R_Hip,angle_mae,0.8669322247458169,1.8685927727635188,1.2877766107249784,12,-6.517518006875893,-6.5175180068758465,5.114722112385564,-24.406875699909268,-8.940690145405291,3.7309312242751678,0.2041588540655937
1,7,L_Knee,angle_mae,0.9369769185427541,1.0299843759005818,0.7517956415137853,12,59.35298859776685,59.352988597768444,-3.727052176346774,-45.94769197057939,66.64158580140308,-0.2026087149413982,0.220654081732498
1,7,R_Knee,angle_mae,0.505957502405352,2.4311781634710656,1.7012396522874795,12,24.033718332692143,24.033718332692033,-5.84027533462425,3.3811075112990383,-23.057895898750214,-1.9238196999839374,0.11915084126357474
2,0,L_Shoulder,angle_mae,0.6974584263074775,4.046450545810407,3.3265332283259297,12,1.8252474814285036,2.737871222142278,13.135758549631653,27.096235834806816,85.58621261087659,2.7140960525879083,0.16424849487522064
2,0,R_Shoulder,angle_mae,0.7913587055546498,0.9801723331375917,0.7881107867928541,11,6.112759634921805,9.1691394523827,0.2590531190942831,-11.933861423059128,-5.65215999214837,0.28404015477206634,0.17134345287232536
2,0,L_Elbow,angle_mae,0.9076473634924125,1.1042194403994001,0.9880234094337536,12,-27.120974505539838,-40.681461758309254,3.292675856003777,-29.334351497490243,-76.01431214850905,0.504499559856292,0.21374709618228718
2,0,R_Elbow,angle_mae,0.36405247214073855,0.8136964040276488,0.7039479513517071,11,-0.43591230461619856,-0.6538684569243393,0.6030466192026455,0.6070225573920662,-6.744946406132582,0.0389195861593056,0.0788239355496576
2,0,L_Hip,angle_mae,0.9605518649256273,2.3312827326508594,1.8272400898475174,12,-18.115146467988296,-27.172719701981293,-8.672154266789175,-104.51218551222937,-181.274868480859,-2.7067489623281347,0.22620588140126263
2,0,R_Hip,angle_mae,0.9585217424305632,1.7491338745887528,1.5067688390424696,12,39.807849470984024,59.711774206474914,6.580466582848377,84.37401588298313,172.02374925356875,2.201118878823955,0.22572779618263256
2,0,L_Knee,angle_mae,0.7981015005183925,1.7033456977250876,1.449984284643217,12,4.743445092177543,7.115167638266143,2.4138632244503193,16.019859188456593,26.369570001135152,1.1145604216314515,0.18794951107237873
2,0,R_Knee,angle_mae,0.7045696981351699,1.5614347070905095,1.347334084948711,12,19.415399273608028,29.123098910411926,-3.6581696844719245,1.7733689525264567,12.70553489592019,-0.4955971514698234,0.16592316916445507
2,1,L_Shoulder,angle_mae,0.9622251673547277,1.6451499023374418,1.2125266168214177,13,-17.95020092771519,-26.925301391572663,9.334308193360647,-36.41382116462112,-13.163324356815497,0.8255711397523662,0.24468956143898885
2,1,R_Shoulder,angle_mae,0.9350578226711641,1.2892877266646015,0.9931596369757271,12,1.5943885162442157,2.3915827743663574,7.2651944401561455,12.80154292826908,14.270437217072928,1.0176797263737725,0.2202021428117817
2,1,L_Elbow,angle_mae,0.7845298368060348,1.6985726338604927,1.2745549377948622,13,33.09197582396549,49.637963735948006,-4.655430876430231,55.34411789928768,22.60146863760587,-0.7488173360657839,0.19950243271188636
2,1,R_Elbow,angle_mae,0.9485000800455762,2.8626042745021967,2.5908554981708307,12,-39.41379092161927,-59.12068638242893,9.087852724433358,-108.3455009566397,-19.19920252457509,0.07468850001757943,0.22336773728765827
2,1,L_Hip,angle_mae,0.7621437637189121,6.654386937288334,4.724967167137805,13,32.36123695628093,48.5418554344211,-10.243325792077387,11.933446754391879,-31.82323985160124,-0.6274439816710142,0.19380975433278316
2,1,R_Hip,angle_mae,0.19529797901474333,3.34242326331603,2.3713239796902434,13,-9.78683727603427,-14.680255914051353,1.0216722193863856,-34.1125316787408,-22.176862398737644,-0.01895721523770355,0.04966340359441192
2,1,L_Knee,angle_mae,0.2019043972144925,3.614971170679365,2.2193039646276405,13,6.9060434201002545,10.359065130150292,-4.174663492034911,-25.19713938718549,-16.78997864590644,-0.9484548877749788,0.051343386229269816
2,1,R_Knee,angle_mae,0.5217457236770291,3.927212995956066,3.2191053411493473,13,45.46657229644421,68.19985844466608,3.982219228852353,135.16192586540564,79.55385717279562,0.6390888508668837,0.132677606697992
2,2,L_Shoulder,angle_mae,0.926653848479914,1.4267880016879944,1.0009379161403087,12,8.552906812290075,12.82936021843505,3.937430162469155,3.425272094494715,-7.898376192721535,-0.17253357085188092,0.21822304261051106
2,2,R_Shoulder,angle_mae,0.5988024450533294,1.6042091204859423,1.2567818833941502,12,21.01322272906566,31.519834093598252,-3.2603117445506697,-13.924044293700806,4.874014005327307,-1.2966145485277316,0.14101543062331903
2,2,L_Elbow,angle_mae,0.7847613407421992,1.4002998706100738,1.0824651194632602,12,21.32201597934507,31.98302396901743,-5.829996801785343,8.3439714164137,-3.024092944191395,-1.1807228448409006,0.18480796014692077
2,2,R_Elbow,angle_mae,0.8188264124728695,2.383872225203833,1.9717649529372407,12,9.654350905294649,14.481526357941718,-5.014390450533601,-59.63191088045837,29.76149803437312,-2.1662157676659426,0.1928301397472177
2,2,L_Hip,angle_mae,0.7516947813237859,6.173046168635763,4.75407569843317,12,27.877517495888185,41.816276243831815,-15.318153512201324,-80.53887369882231,4.426796837457422,-2.8727601430806473,0.17702092595202226
2,2,R_Hip,angle_mae,0.9208620660525458,1.6839682485908865,1.3489197142980436,12,56.259962649169545,84.38994397375394,-12.904275677696216,60.2134424188359,-3.6578289410614584,-2.6281767587958456,0.21685910246661408
2,2,L_Knee,angle_mae,0.39982025233479224,2.361283545638232,1.6486129530701874,12,21.7901958419334,32.68529376289993,-5.022728205444187,9.84105875681003,-4.691573414704143,-1.1762177416835442,0.09415597000425328
2,2,R_Knee,angle_mae,0.6731522756512052,3.9117227972142508,2.861007636704827,12,-32.73669913789608,-49.10504870684388,12.248311770194226,-24.972193912977076,4.569208510859913,2.3984290991677,0.15852449970802615
2,3,L_Shoulder,angle_mae,0.6884427633394821,2.122120821053323,1.855242180174501,9,35.59972795284545,53.39959192926831,3.3588741423391753,49.29217721923564,-110.84288158639254,1.0187804879897726,0.12259848494458865
2,3,R_Shoulder,angle_mae,0.9602259635746622,1.0878619108638095,0.986308697148831,9,-9.746506276985658,-14.619759415478594,0.6355464136389131,-51.172375167549575,54.36665298299082,-0.22245300841554716,0.1709978731821757
2,3,L_Elbow,angle_mae,0.7657633991385888,3.7832902264556703,2.7818666376289016,9,-24.449433253582107,-36.6741498803733,-0.11583301771342924,-22.855652820703604,113.72494641188858,-0.5843387478446296,0.1363678108910775
2,3,R_Elbow,angle_mae,0.8768836455583511,1.4630973357514199,1.1583022549945023,9,23.573165562097408,35.35974834314608,-4.099638704466047,-13.545953000999347,-10.207757826985844,-1.3885693636187355,0.15615620083892043
2,3,L_Hip,angle_mae,0.5697176137927127,4.003099284101784,3.615803626758907,9,2.970213008713945,4.4553195130707,-11.138812006100377,-55.60875071848663,121.95850100348238,-3.078925564000005,0.10145580724594011
2,3,R_Hip,angle_mae,0.9400472565453011,2.0994777800509663,1.6202136372432876,9,34.338548908583505,51.50782336287514,-14.109046198780849,-3.137630159926143,47.67747048086074,-3.11295728057393,0.16740443151690182
2,3,L_Knee,angle_mae,0.9291123623055216,1.214674502689865,1.0322880853211944,9,2.919809514463342,4.3797142716950335,0.855365470037387,12.855726524626343,-11.066573272370455,1.1799951108058098,0.16545713605791068
2,3,R_Knee,angle_mae,0.8416116716686981,1.2746700818157406,0.9245909778242817,9,29.923959602250594,44.88593940337602,0.9019181310332431,42.20113135765228,-92.76648016546595,0.9540502622916804,0.14987493710843922
2,4,L_Shoulder,angle_mae,0.8077476549251092,2.610976191816147,2.446368148543442,9,-55.89445487822133,-83.84168231733159,17.65723736124709,47.81518140488955,52.04689384127538,4.241767934671003,0.1438444036088011
2,4,R_Shoulder,angle_mae,0.8720932409486064,2.0542992585798565,1.6162702037604075,11,-7.044389899304503,-10.566584848957188,11.312887615066883,4.708332771323434,-55.88672692765468,2.694216306341164,0.18882393797136515
2,4,L_Elbow,angle_mae,0.8207007734848236,3.5908625686627564,2.961457736894766,9,-95.95243956799877,-143.9286593519974,23.34857964168483,40.11391194630179,141.35660715057452,4.7436160569527885,0.14615110620674174
2,4,R_Elbow,angle_mae,0.6995978137517226,2.7044103092971246,2.1730530753963735,11,6.0764264700877275,9.114639705130633,9.459075968320228,-39.67694219180903,-84.54065531733102,2.142396941055088,0.151475562458284
2,4,L_Hip,angle_mae,0.6879537710846416,3.116052960743099,2.5342375126792187,11,-16.511995546029198,-24.767993319044116,13.643137290289406,-25.782720953626466,-40.53971022819588,3.05908655967184,0.1489544169120655
2,4,R_Hip,angle_mae,0.7131065619888888,3.93486012616341,3.16352027664655,11,-57.4390872242376,-86.15863083635624,27.099756061091664,5.405553530983963,-31.939757313353972,6.775847351847915,0.15440045043979259
2,4,L_Knee,angle_mae,0.6556861675017227,2.4242104554274366,2.065106431915851,11,1.2440486460332498,1.8660729690503999,-4.6198945274249406,7.722321479474834,56.207069969117825,-0.8726961810682292,0.1419678979352664
2,4,R_Knee,angle_mae,0.5633747717133337,2.070906787599839,1.8413171391070768,11,-36.4364604326585,-54.65469064898653,4.693941063206559,28.53141094351192,88.18879926871031,1.2783586744165447,0.12198081346544867
2,5,L_Shoulder,angle_mae,0.7610141831490176,2.3012977381970683,1.9157162586770404,8,70.35808915163885,105.53713372745965,-2.106693575501751,-126.6316409652616,-66.35068312072941,-1.5323142027697543,0.12073376190577453
2,5,R_Shoulder,angle_mae,0.8979635792022426,1.3066662796346904,1.0803799262797842,8,49.15023914842275,73.7253587226347,-9.969359382050278,-2.7496191666583365,-8.344656141734577,-3.419530749448583,0.14246057875406448
2,5,L_Elbow,angle_mae,0.6862827148238555,2.18157187286045,1.8490658545192344,8,-0.6532740147943283,-0.9799110221919913,-7.429566427595227,105.46341511890074,46.91092245454223,-2.680807956042267,0.10887772623203165
2,5,R_Elbow,angle_mae,0.908234044183502,0.7945455073976855,0.6964983559360952,8,10.39278547420603,15.589178211309275,1.9537160580494264,-22.038988466810743,-21.932889996315918,-0.11282286462688695,0.1440899726617811
2,5,L_Hip,angle_mae,0.8734322212415995,1.238650953377477,0.972193795796207,8,61.150695908944485,91.72604386341777,-9.887602601794836,-80.36930893180131,-54.62263862591106,-2.3265247759530894,0.1385687155052219
2,5,R_Hip,angle_mae,0.2675578238622597,2.9827240480942083,2.6371044080353014,8,42.96828581869969,64.45242872805068,6.842544457027805,-134.69261016740472,-67.40888651316575,1.4526363191011384,0.04244764856884116
2,5,L_Knee,angle_mae,0.7633785734524238,1.6800222946962735,1.3861349959777125,8,-18.719508057117242,-28.07926208567683,-9.138154918806777,166.7042625368272,58.83515707738096,-2.6912419621069326,0.12110886889098545
2,5,R_Knee,angle_mae,0.6914023604267137,1.7115565637330699,1.5706473521909206,8,24.312766959171505,36.46915043875809,8.938738017247667,-122.22041718299691,-69.15328994554369,1.8526905302352716,0.10968995034945837
2,6,L_Shoulder,angle_mae,0.8339344912057498,3.431531929104393,2.5865442041966404,10,29.12698030979734,43.69047046469587,-7.111745663569193,85.5887876445229,1.1814275407553119,-5.270384705591248,0.16459808724832725
2,6,R_Shoulder,angle_mae,0.7623965841902984,1.7345189392332303,1.348121027098287,12,62.75466635525211,94.13199953287666,-15.942274684008513,13.422578707965503,1.6708321519564127,-5.349609207901921,0.1795411550394849
2,6,L_Elbow,angle_mae,0.6814424409113056,2.699868153802789,2.2018963895663557,10,-34.83889604790476,-52.25834407185863,6.102656259307032,96.68915137124402,-24.045382862676853,0.7216524027541595,0.13449991998970917
2,6,R_Elbow,angle_mae,0.07359273199490957,3.4246560094969887,2.3769057879932447,12,7.904491765738906,11.856737648607902,0.7156334747913524,-26.877067755840226,7.276842643028566,0.5352257998009442,0.017330775581727027
2,6,L_Hip,angle_mae,0.41766150196671437,3.6769469625433846,2.827691267766627,12,67.42904024617937,101.14356036926641,-9.835182886215879,-90.95071044992984,39.25366259946418,-3.4157669877916277,0.09835750845902623
2,6,R_Hip,angle_mae,0.9029313131156687,1.9859980246167412,1.5570373004088183,12,40.03153068979218,60.04729603468683,-7.207503823958206,-45.88046743116782,-0.005132950669016978,-0.15572446899947323,0.21263648636395457
2,6,L_Knee,angle_mae,0.3814883521971102,7.562594266307935,4.798818031566497,12,96.99655148471425,145.49482722706844,-23.344910571133326,-33.91806671193048,31.47097321402605,-8.011915096328451,0.08983888544086495
2,6,R_Knee,angle_mae,0.34031219681559344,5.540089702437312,3.5045278498590906,12,72.14637760177317,108.21956640265772,-17.860846836919112,-12.636768510686974,19.157579220998247,-6.579178897712964,0.08014207586618101
2,7,L_Shoulder,angle_mae,0.896377077158083,0.5535520998260988,0.443331783345213,7,-19.006546568113613,-28.50981985217021,2.1723389943382596,36.70556554226527,-69.03795848324484,0.6502363471283026,0.12467928188405522
2,7,R_Shoulder,angle_mae,0.9926557888153774,0.3887008037419556,0.3238518142412684,7,23.09856926661776,34.647853899926375,5.925056670337503,-30.897113283128576,102.98291385065117,1.701735929067837,0.13807092356705253
2,7,L_Elbow,angle_mae,0.6429676181911819,0.8692105125812427,0.6638161804709787,7,1.2609472855164499,1.8914209282745702,3.5739728893243745,-12.223582920060883,31.561577562457316,1.1469736169586628,0.08943193992079328
2,7,R_Elbow,angle_mae,0.8658536039757987,0.601213928197294,0.48060943999803535,7,23.428041080946002,35.14206162141897,-3.7710860881981247,-9.787510897914846,28.071330265012502,-1.031349822555935,0.12043369728137883
2,7,L_Hip,angle_mae,0.9964060674380643,0.08397516919416136,0.06816142808813426,7,9.195006326245966,13.792509489369012,-1.7654772038370745,5.025390285719135,-12.305273803087184,-1.0828439005376396,0.1385925590009083
2,7,R_Hip,angle_mae,0.4894721280764224,1.8818503947003413,1.442745777567545,7,-20.37472970827201,-30.562094562407744,2.1488549695958525,42.81331350925556,-88.7753111317826,1.0402266937832536,0.06808187646242772
2,7,L_Knee,angle_mae,0.9107141661609717,0.9235757720557769,0.7431922683050521,7,14.07908694138379,21.118630412075532,1.2358790498958445,-32.150976568385325,44.40883185197753,1.2194402595910958,0.12667346268891833
2,7,R_Knee,angle_mae,0.9399834741887579,1.1295526796053301,0.8635753832765583,7,78.984554310355,118.47683146553236,-14.187089777786746,-51.85348621637745,81.76831762060749,-4.248165457524024,0.1307446023902117
3,0,L_Shoulder,angle_mae,0.6705764625701064,2.1556666268142424,1.6987104484092979,7,45.187671117539935,90.37534223508595,3.015663411358327,66.68311000564422,198.09427798974124,-0.1943923997148289,0.0932721216685533
3,0,R_Shoulder,angle_mae,0.74091609948294,1.1913202551619015,1.0589871389472616,7,-5.553213606584301,-11.106427213170917,-2.8812703157150645,-35.593768948008375,-86.79588896785421,-0.6063261258714085,0.10305583394964127
3,0,L_Elbow,angle_mae,0.9288291692068824,1.0356148786214696,0.8437170171388669,7,-33.88170089094608,-67.76340178189538,9.11807291645902,-37.853652189087555,-91.45715300060183,1.9490964882116444,0.12919312280589978
3,0,R_Elbow,angle_mae,0.92467209552259,0.2597044309621085,0.2122781329452665,7,-12.622536328783688,-25.245072657569114,0.5295714350518148,-16.831430755302787,-57.44988113220478,0.4257773189195113,0.12861490525114042
3,0,L_Hip,angle_mae,0.9991305608107176,0.35601174264622765,0.29884244122980824,7,-50.60602224379662,-101.21204448760116,2.9693065063505983,-136.88164285927402,-256.1475272580118,0.5649248757707994,0.13897151545333927
3,0,R_Hip,angle_mae,0.9597421605502243,1.4828506117389109,1.211503472626163,7,74.29800186145933,148.59600372292857,-0.966800434528885,129.12042564662008,318.04540093513253,-0.6000730049451022,0.1334928864430908
3,0,L_Knee,angle_mae,0.69827426812923,1.5984769510987376,1.3487382949475657,7,55.9651120803896,111.93022416078483,-8.388306291362234,50.88844535219393,169.54314675890188,-2.20310356276039,0.09712467724463335
3,0,R_Knee,angle_mae,0.8232998431983838,1.1380965875131352,0.9345546205782911,7,46.60858039874404,93.21716079749379,-1.654126348333886,56.627000956324544,182.92216358353926,-0.618638200448629,0.11451479052841387
3,1,L_Shoulder,angle_mae,0.9096441382538174,2.225263487712614,1.914114320723024,13,-6.430632423817175,-12.861264847634105,11.142690322762284,5.12123412512826,6.961636656524033,1.197957222731663,0.23131844063772908
3,1,R_Shoulder,angle_mae,0.8850454601490819,1.5558211533230524,1.1998246617657504,12,6.815930893286782,13.63186178657345,7.176619098447422,36.46168229797266,24.172915337143746,0.7489795790179592,0.20842444401345286
3,1,L_Elbow,angle_mae,0.5746214620656311,2.019791105386545,1.399588291808938,13,13.30954437272883,26.619088745457105,-4.221758628649415,19.822149134683187,8.039997167930448,-0.5349323166172795,0.14612367075453528
3,1,R_Elbow,angle_mae,0.9187973718185407,3.020902205720982,2.2271746364200804,12,-2.1372888471768174,-4.274577694353704,-0.7618479328046804,-93.44655985594025,-20.80768651691722,-2.2642328678711463,0.21637287575040923
3,1,L_Hip,angle_mae,0.8755335754778621,2.871159654365924,2.413348146344419,13,13.355143924323423,26.710287848646228,0.15370957210670078,54.86470907956246,0.5874971043850595,1.5245740898233358,0.22264427690843158
3,1,R_Hip,angle_mae,0.8040456988589149,1.8596359019366193,1.610668130651342,13,36.310553156424945,72.6211063128483,-9.032328123545756,81.45916753737696,37.27028146134926,-1.5698613843325973,0.20446522924728666
3,1,L_Knee,angle_mae,0.21283262404874015,1.886617644032955,1.3777480197091285,13,0.8627017398092542,1.725403479618559,-2.1793210839028734,-31.25146003364696,-13.695295350094764,-0.5067962384415781,0.054122385492746845
3,1,R_Knee,angle_mae,0.4027449079589287,2.508368281427226,2.212481073445132,13,17.936641995947596,35.87328399189455,-7.97962805643798,-19.46609535521172,-5.301802258929881,-1.9246893925908246,0.10241623088198265
3,2,L_Shoulder,angle_mae,0.9581962718770954,1.0352115171923286,0.8131656497888364,11,-1.6531496921518671,-3.306299384303486,2.4675194448377287,-48.65006099114997,5.864506679370886,-0.3615059631688997,0.20746679931667592
3,2,R_Shoulder,angle_mae,0.7726795387734408,2.5999895835885107,2.180345825488894,11,-5.587042074125261,-11.174084148250149,2.35249027754759,-72.74581196310021,12.334740061251614,-0.34636880614518617,0.16729907589055298
3,2,L_Elbow,angle_mae,0.7214492121385947,1.915492427878778,1.4564361554285503,11,-5.2596662872822355,-10.519332574564057,-4.162873740359926,-76.01477988435346,23.108339475891636,-0.7529173672045317,0.15620678487792145
3,2,R_Elbow,angle_mae,0.6979277414128028,4.000789040948675,3.311589096019722,11,8.674985136526812,17.34997027305426,-10.758478241367985,-115.32237098820868,27.346131673988054,-3.0076379645205584,0.15111396163290794
3,2,L_Hip,angle_mae,0.832424015555311,3.127818573687325,2.6753350457689993,11,3.772358187278162,7.544716374556243,2.995930770677545,2.6888318491053256,-27.38388877773305,0.8712024460077838,0.1802348341882788
3,2,R_Hip,angle_mae,0.9254992806402862,1.3760740903333206,1.0040257372273589,11,23.726787799295604,47.45357559859114,-9.095018325784503,28.805601141898155,11.721294804744595,-1.3691739017706155,0.20038731015742742
3,2,L_Knee,angle_mae,0.27312401570254274,2.164576173270169,1.5939099492446531,11,2.3555220708853786,4.7110441417706514,2.4820714581184267,19.208890579763008,-5.316720637668031,0.48396593653512276,0.05913628242710612
3,2,R_Knee,angle_mae,0.8601522451674787,4.412266396763571,3.711327937685435,11,-3.6232301401841345,-7.246460280369121,21.05346543411257,150.09770791119902,-48.83877214463734,3.8450590942316927,0.18623849671253895
3,3,L_Shoulder,angle_mae,0.551782124273384,2.3953883687999435,1.8757312929894931,12,21.143407380798784,42.28681476159793,6.373336343550928,62.40564604603513,-129.18643973725176,1.5766598140915846,0.12994234493770518
3,3,R_Shoulder,angle_mae,0.9594366732826549,1.3340507076988495,1.1149603278509845,12,3.4460376318244332,6.89207526364882,0.5424238206231626,-35.49084631705139,7.147242821192556,-0.22471769689645438,0.2259432585094218
3,3,L_Elbow,angle_mae,0.8206512480433059,5.165555360099763,4.483318420719617,12,-9.246253778941659,-18.492507557883698,-5.816183092096328,-27.421906008668852,157.425779917315,-2.027735399553208,0.19325988076766212
3,3,R_Elbow,angle_mae,0.8745622257583694,1.8956130747467226,1.4309965710933141,12,-1.6628767895700034,-3.3257535791400885,1.2875905040457556,-34.308596156347534,19.301230368513515,0.020159916153649204,0.20595568687302426
3,3,L_Hip,angle_mae,0.9146731369834966,3.055704983365443,2.5415925919550912,12,49.0624451289158,98.12489025783152,-28.700464078751413,-27.6790535769036,51.83406141392015,-5.541509885373614,0.21540163597665773
3,3,R_Hip,angle_mae,0.9456695400109749,2.23005690360659,1.8185348966403556,12,51.76032373189871,103.52064746379789,-12.506198983097882,76.91677350749436,-112.04378879466623,-1.6318209503084233,0.22270115714061112
3,3,L_Knee,angle_mae,0.7165356079740663,2.8109380054119066,2.262539633095553,12,29.586938475847305,59.17387695169482,-7.330401233639087,36.73421660820118,-57.80882994795554,-1.1061255970132535,0.1687410900708761
3,3,R_Knee,angle_mae,0.16398036126243232,5.558553920040971,4.038402749712564,12,-14.296651708258075,-28.593303416516143,9.627862757627106,1.9998977298606901,-13.14363628210471,2.4061554496888142,0.03861667808509017
3,4,L_Shoulder,angle_mae,0.8230512895832196,1.73563752965891,1.4405393802901998,10,-9.54362980515333,-19.087259610306294,3.8555317600781813,32.85115076678674,50.32952124384151,0.7190470867836911,0.16245001184300817
3,4,R_Shoulder,angle_mae,0.9272641052329047,1.200176074391915,0.9676310843187718,11,3.524620750145419,7.049241500290879,6.157879653110554,7.723771403755208,-43.847068444844,1.0119787248349823,0.2007694265570964
3,4,L_Elbow,angle_mae,0.9255391141532288,2.634541142993068,1.9645132187422356,10,-32.99261196319424,-65.98522392638922,22.0796270511241,8.210403932647544,21.74639335533283,3.136060183947457,0.1826785790366675
3,4,R_Elbow,angle_mae,0.7022667092448089,3.3136114347738133,2.7638356522793157,11,26.192827426862916,52.3856548537259,-1.7780016591538796,-49.060014188245326,-87.2887005831689,-0.4522570817017879,0.15205342653677453
3,4,L_Hip,angle_mae,0.6291920984758845,5.385313067759562,4.017569913689692,11,-24.07888974143617,-48.1577794828724,11.98189070181102,-2.0520798666836173,53.318433454705705,1.6217601891078814,0.13623145346872942
3,4,R_Hip,angle_mae,0.6995322901130756,4.825296039124177,3.998947802056617,11,-23.737333641934026,-47.47466728386795,29.04513553805446,-15.418276806139287,-111.23178965305638,5.704834044991273,0.15146137540706217
3,4,L_Knee,angle_mae,0.6149105468932884,1.759141524653301,1.4323508632997901,11,9.383352968560992,18.766705937121994,-1.007571410761542,-14.896398876893063,-13.376422736958292,-0.15807846123446723,0.133139239604953
3,4,R_Knee,angle_mae,0.8455800458640355,0.987994934376411,0.7399864243456391,11,6.7233974924952005,13.446794984990444,3.4270773779221004,-1.7706278257032386,-47.16078016364706,0.6077015718658547,0.18308335236766737
3,5,R_Shoulder,angle_mae,0.9445032710194777,0.7866989688494022,0.7208898165007191,8,34.614744060408995,69.22948812081741,-9.66286298574822,-15.24692104493621,-11.052306780103624,-2.625915968089558,0.14984403125133539
3,5,R_Elbow,angle_mae,0.8687016831503797,1.2397572107108563,0.9425244214251913,8,24.50514266089679,49.0102853217929,-7.302503714767392,-17.25515027229646,-18.928555513929943,-2.114040220593843,0.13781822271252755
3,5,L_Hip,angle_mae,0.590400321058794,3.296502183188835,3.1327598956607137,8,38.192395262441536,76.38479052487696,7.451551363742216,-209.37021653464868,-114.45142621074308,1.2434801613610773,0.09366612787274083
3,5,R_Hip,angle_mae,0.6275447734909475,6.130895688173525,4.506066237683976,8,101.05011732218279,202.10023464435176,9.389631381150423,-474.40076049319106,-257.32650893997715,1.654563158459581,0.09955903969405157
3,5,L_Knee,angle_mae,0.750721056299484,2.4552718355774603,1.996247255704406,8,-5.572061974268142,-11.144123948534297,-4.338085789402362,59.77954201119107,56.520398527554256,-0.43742528718625984,0.11910077272655162
3,5,R_Knee,angle_mae,0.7900416346228646,0.6097099594621677,0.5285353171117644,8,28.111971731154334,56.22394346230523,0.4900764210126276,-122.39741281491698,-55.97263894367695,0.24902775999120763,0.1253389236656686
3,6,L_Shoulder,angle_mae,0.9013931445790311,2.5000104170666724,2.171458161061278,11,20.04763766187882,40.09527532375722,-6.8286535630447505,49.0785545747749,1.7803965866546434,-2.7975964232003463,0.19516789630735729
3,6,R_Shoulder,angle_mae,0.8969000421719651,1.545903819354617,1.1699024325193303,13,17.368611168731945,34.73722233746481,-10.245310650049616,76.01387091406798,-13.783676997162985,-2.8102324872057807,0.22807767393675255
3,6,L_Elbow,angle_mae,0.9392428646229728,2.4662073747480755,1.9764787721485921,11,-13.22516829622537,-26.450336592450725,9.728954025921173,50.060910820529465,-3.344794756048454,0.06464377500759966,0.20336304431932536
3,6,R_Elbow,angle_mae,0.569591546907799,2.758633349880194,2.229652467618015,13,-8.534467894863846,-17.06893578972533,-4.142002127029276,106.36279940466879,-27.839503108344598,-1.2558395201434713,0.14484458580040882
3,6,L_Hip,angle_mae,0.5883641934864026,3.3297148195818753,2.9280581800888936,13,18.7285248335033,37.45704966700483,-0.10304049712337271,-55.275140905564534,29.028779969416814,-0.6071272397773981,0.1496183859609218
3,6,R_Hip,angle_mae,0.4195193214330244,5.440371096693165,4.843184454278795,13,-10.161985198361288,-20.323970396723112,14.357019823013179,-46.832225752746744,4.891978600828691,3.6332413757195177,0.10668188929087313
3,6,L_Knee,angle_mae,0.6305131116256741,2.855281100537817,2.37633898591401,13,8.309048893647766,16.618097787295767,-6.489194800496811,23.03561348154456,-15.172595995781531,-0.7317913229264068,0.16033666754877401
3,6,R_Knee,angle_mae,0.06658422084328697,3.2097737006865046,2.2474214937631833,13,-8.515759008930582,-17.031518017860463,3.830589784840414,21.73133485116261,-5.303828824772429,0.8428807791502564,0.016932069903856914
3,7,L_Shoulder,angle_mae,0.41571399137064224,2.1199208739205315,1.7919636963026424,9,8.981571152385674,17.963142304771424,0.8011777990609419,-1.4086421443958952,16.03055891132232,0.11058325958114779,0.07403070847180428
3,7,R_Shoulder,angle_mae,0.9793588861076318,1.0591847420141964,0.8379413774510296,9,28.663665011815404,57.32733002363141,9.373763557068084,-78.53384606562916,202.8637245698898,2.258905378595344,0.17440508063646856
3,7,L_Elbow,angle_mae,0.9088878898316912,2.349520452934051,2.0011092026003454,8,37.54428251515486,75.08856503031086,11.661216008901683,-125.4757386104351,277.13803180105344,2.650760652667927,0.14419370429590778
3,7,R_Elbow,angle_mae,0.8101322515634224,1.3709204639103365,1.0463692998366008,9,16.901389971803155,33.80277994360644,-4.539973442966657,-0.3363984229647421,26.661371784414214,-1.1057791821069678,0.14426905464826156
3,7,L_Hip,angle_mae,0.7587867125837311,2.241701420317949,1.8408478912320203,9,31.655505029166477,63.311010058333075,-15.434472994119627,21.3500270742636,-5.533028135188728,-3.4761931193404223,0.13512539649280594
3,7,R_Hip,angle_mae,0.8397527501530397,2.45929625572804,1.995558605758252,9,-21.529447347055672,-43.05889469411153,12.124876639565642,1.0142860203090587,-40.77991912686894,3.267859807154494,0.14954389875116877
3,7,L_Knee,angle_mae,0.9144900898285407,1.6825834750111357,1.380560928876143,9,34.73183100474607,69.46366200949264,-1.9803478467364926,-79.72328546453943,129.45264068881477,0.17279852075153457,0.1628531890813618
3,7,R_Knee,angle_mae,0.7262430140307168,2.1873569501285774,1.8294140442329985,9,17.259912757750293,34.51982551550063,-7.969074557507966,-0.7832652644848019,-10.572972212912946,-1.575457490119767,0.12932998640273644
