height_bin,azimuth_bin,joint,metric,r2,rmse,local_mae,n,beta_0_intercept,beta_1_camera_y,beta_2_distance,beta_3_sin_azimuth,beta_4_cos_azimuth,beta_5_elevation,reliability_weight
0,0,L_Shoulder,angle_mae,0.9134229514108357,1.9531289921932349,1.6512882924887615,12,31.707812684335778,15.853906342168159,6.269968674135605,5.561127711058376,66.1373931473989,3.6696190969282085,0.21510722258816176
0,0,R_Shoulder,angle_mae,0.6723999195356261,1.416476890963408,1.1927871664886935,11,35.51878111389752,17.759390556948517,-5.2421316814448815,-15.196361622349452,-27.460359975167997,-3.074693713998844,0.14558672712592233
0,0,L_Elbow,angle_mae,0.9643271693578198,1.0976831009254546,0.8313981625143612,12,-90.2231084811378,-45.111554240569575,5.879429071732513,-41.57123641749343,-70.34495638692484,3.32437002031903,0.22709494954825782
0,0,R_Elbow,angle_mae,0.9346144866964301,0.36655609020871294,0.2673057350241375,11,-13.079069537943598,-6.539534768971789,-1.5833822245760636,-8.616926033766553,-38.4495815462431,-0.9847033676837205,0.20236091690281321
0,0,L_Hip,angle_mae,0.710084591380999,1.8667925069851752,1.6891166741855814,12,30.016249308627604,15.008124654313992,-5.028143601444207,-15.618299151437647,-13.026040557708535,-3.0765594225786757,0.16722190308300638
0,0,R_Hip,angle_mae,0.7170272465781555,1.1632240715668425,1.0016294344311032,12,74.30177373820909,37.15088686910512,-1.4518901383153384,22.003082600042628,71.54403596957668,-0.5251273106351242,0.16885686887244813
0,0,L_Knee,angle_mae,0.7759943005458626,2.1589291533678088,1.8135362022688584,12,30.181280835919285,15.090640417959872,2.0360507874641938,28.63170817273049,35.31034669728683,1.5630497428621437,0.18274335944465037
0,0,R_Knee,angle_mae,0.915755571429884,1.099552551474895,0.7590217662079768,12,-8.777767375373582,-4.388883687686884,-1.2064722678513418,-2.400783742724601,-40.06514855962387,-0.2983783326825594,0.21565654468793602
0,1,L_Shoulder,angle_mae,0.9737584003675277,0.954537604970263,0.7661354733385639,13,27.356715310989117,13.678357655494436,5.226776162320898,18.399823772398744,15.906775905797783,0.49862729585418997,0.2476224110708831
0,1,R_Shoulder,angle_mae,0.6046061148334524,2.0257736600741385,1.763397319587252,11,1.5202234359510085,0.7601117179755121,4.008683117537674,-5.37447760524034,8.039088496045217,2.108181548875003,0.13090814395057068
0,1,L_Elbow,angle_mae,0.4928290159323927,1.7983710411871372,1.5049943372412062,13,67.67217711053655,33.83608855526796,-2.2348858175501505,48.88079400166614,16.986325653520304,-1.4126170594640861,0.125324217100268
0,1,R_Elbow,angle_mae,0.881249312175527,3.169473172114997,2.3261454540467614,11,-11.834388027269629,-5.91719401363495,4.065875483653552,-30.592532972531192,14.132579461380578,-1.8193465861651577,0.1908063927643101
0,1,L_Hip,angle_mae,0.836943663456005,1.3287473010717898,1.120395324166927,13,63.05126353895589,31.52563176947765,-4.600387844442718,31.331705152315518,12.56716531547653,-1.8961282716485819,0.21283103467682785
0,1,R_Hip,angle_mae,0.593565869972956,1.3405728954582037,1.0304448341994374,13,-35.9327755958218,-17.966387797910716,1.5788311449358954,-46.068088967760495,-17.17063251863977,0.6137603787338524,0.15094114905362008
0,1,L_Knee,angle_mae,0.7830991417732983,1.0808517602777805,0.8525828892368612,13,58.07739292097916,29.038696460489295,-3.2038000751440876,32.93662532270613,18.32857374073655,-1.4376796031747308,0.1991386133565107
0,1,R_Knee,angle_mae,0.834274222448022,1.351421038685457,0.9000698435834434,13,40.52837362075594,20.264186810377787,-3.721133837295195,15.070363291516124,0.24761742740215908,-1.1462379385465535,0.21215220775388807
0,2,L_Shoulder,angle_mae,0.8930272945387441,1.8154883086244966,1.5684493427833701,12,-41.93850148411617,-20.96925074205834,8.608026409398772,-28.327393917980107,8.80199953709243,3.1663103263998753,0.2103041320857385
0,2,R_Shoulder,angle_mae,0.18606837648325147,3.580364006963013,2.574459205560622,12,-8.04617869215534,-4.023089346077864,-1.6804614925859687,-65.90459120793224,14.717130140797511,-1.4239560968234535,0.04381831178533473
0,2,L_Elbow,angle_mae,0.7404806840588964,2.0335620561423764,1.7479622259385283,12,15.351265194953966,7.675632597477089,1.78273077821121,12.05792314789323,-17.34467325875566,-0.19461508365882718,0.1743800537112295
0,2,R_Elbow,angle_mae,0.8207807671117024,2.632475316744127,2.161350411402427,12,9.26245424749912,4.631227123749408,-5.27433207671789,-75.47537956337126,28.39353642208314,-6.495100310615783,0.1932903819577537
0,2,L_Hip,angle_mae,0.7799253792005568,0.9448661225985743,0.8751824245915186,12,41.450816724351114,20.725408362175752,-3.702907783525017,4.750041104649774,-9.509732300584723,-2.528980248117241,0.18366911175893236
0,2,R_Hip,angle_mae,0.7733305259083234,1.030538024012606,0.8187262704217001,12,64.25242391986066,32.126211959930686,-2.8828913591070027,36.79401208846278,-4.452228675911893,-1.9915741412088082,0.1821160518397814
0,2,L_Knee,angle_mae,0.8446198208389231,1.2144504258513629,0.9613043255380935,12,-3.133620077738838,-1.5668100388695054,-2.1973714179265413,-24.558536464471683,16.83035375209907,-0.15262094786818914,0.19890437778353404
0,2,R_Knee,angle_mae,0.5540544693797184,1.2920815987433962,1.0822557313465386,12,2.654380831922438,1.3271904159612127,-0.5883701736117921,-6.362641399723241,2.6218227092162123,0.4705668699429577,0.13047747255173153
0,3,L_Shoulder,angle_mae,0.9381628913424647,1.3262910719598267,1.1855680995030013,8,-59.33123250328443,-29.665616251642184,14.464919555013505,5.809319632238072,-35.13194670569361,10.838507194796778,0.148838139498899
0,3,R_Shoulder,angle_mae,0.8685302450694897,1.6751741226690062,1.3751730196604708,8,-92.61895620640176,-46.309478103200426,-4.875896137039835,-102.22297676330281,182.83057952726068,-4.502214624306934,0.13779102431741472
0,3,L_Elbow,angle_mae,0.9849540036027555,0.8796269717468104,0.732408310224133,8,-13.492202616321844,-6.746101308160959,5.605499276392002,46.842630110372475,-19.690914006313978,6.9192322278136,0.15626147947341051
0,3,R_Elbow,angle_mae,0.7152016743256993,2.529494007190772,2.159684406554942,8,-81.12982897895844,-40.564914489478774,-6.083395441008241,-96.67206523873351,174.44488616574375,-5.953508420591046,0.11346567590283911
0,3,L_Hip,angle_mae,0.8860976591598353,0.8800428851521714,0.7443840172707837,8,-63.03139435863858,-31.515697179319154,5.765477055887658,-21.637254408526196,26.787276287204744,4.7703233300596235,0.14057806828722286
0,3,R_Hip,angle_mae,0.9066159127671061,2.440250498073642,2.185557620909427,8,-100.33780445387814,-50.168902226938805,6.622930144541719,-64.18461009974543,59.66560289918079,4.844232804883518,0.14383325853281312
0,3,L_Knee,angle_mae,0.8633758158384853,0.9826584622344873,0.7487731337999968,8,-87.67689976400294,-43.83844988200129,10.207062259714622,-9.217055008711142,32.949436812903606,7.837073013007284,0.13697328182940857
0,3,R_Knee,angle_mae,0.5810803044301863,1.8267877970945248,1.507595899268713,8,-39.00045340679633,-19.500226703398102,4.203201450049216,1.568030497352539,10.352082058818388,5.228036139743644,0.09218752117458438
0,4,L_Shoulder,angle_mae,0.9278357314411202,1.8232877880807528,1.5164294066732644,10,-211.20393401198868,-105.60196700599374,16.439513895297736,61.515395003457485,151.16541492290565,9.87641951319494,0.18313187460929914
0,4,R_Shoulder,angle_mae,0.39856194608073225,3.4068443479472537,2.5336320613078125,11,44.14882439787349,22.074412198936685,4.856204655156874,-17.18449416393816,-76.24589851217425,3.9743105597312045,0.08629585995028922
0,4,L_Elbow,angle_mae,0.8936876531363385,2.751720406199877,2.4308026100003426,10,-294.58351408334846,-147.29175704167338,16.782877769714574,68.51431937506122,252.52915232059135,9.625107435904638,0.17639188671882775
0,4,R_Elbow,angle_mae,0.9164066614650226,2.099400122330122,1.880563952618869,11,190.06724354524457,95.03362177262224,-2.0160688104392577,-83.40353327250209,-196.85492683587552,-0.8454983926096347,0.198418593879705
0,4,L_Hip,angle_mae,0.9181264687509154,2.2814745917008143,1.8520068180337672,11,-195.9537166023399,-97.97685830116994,7.856064090434913,79.67228326664339,187.58906657429984,4.161336600488866,0.1987909632193881
0,4,R_Hip,angle_mae,0.9601299105559111,0.8438837194309339,0.6659947551395834,11,4.329849392807362,2.1649246964037463,-4.902622889989249,29.825903416942033,38.65036399502606,-2.3628331689964104,0.20788546701504104
0,4,L_Knee,angle_mae,0.9352747385775971,0.8851959980824157,0.6400702068555337,11,21.998720550502583,10.999360275251332,-2.4028384854663516,-9.73791254832059,17.88069530117766,-1.8954794772184114,0.20250387336022063
0,4,R_Knee,angle_mae,0.9041751676334557,1.6412903582692777,1.4044968181524071,11,108.79038319412244,54.39519159706127,-9.641264747279681,-26.546789655767945,-23.557507706504673,-6.649598092752051,0.1957702545461302
0,5,L_Shoulder,angle_mae,0.76681882929071,1.0812743588252678,0.9503443555843125,8,72.7768308728713,36.388415436435494,1.4079133515830513,-62.48252373513586,-37.22012750463443,2.078889261143619,0.12165466033413029
0,5,R_Shoulder,angle_mae,0.8941722410229245,1.0428295829432062,0.7514815625427241,9,13.439815027587937,6.719907513793856,-2.019766849915732,50.58113591410833,15.08201175200761,-3.2096254383623224,0.159234968927781
0,5,L_Elbow,angle_mae,0.9181493319698466,1.220337217294291,1.012923800118784,8,152.82302058119473,76.41151029059719,-13.448982725483162,-49.61588561884234,-39.70357275905039,-7.730137289831767,0.14566301823876396
0,5,R_Elbow,angle_mae,0.9140982358958897,1.2625075009289493,1.11203203321274,9,-26.612150253949668,-13.306075126974719,10.166958981193588,-41.86804226206163,-20.289165965234286,6.046035402776904,0.1627834073928601
0,5,L_Hip,angle_mae,0.6881924923195645,1.8611097049426566,1.6702284942814276,9,81.49502708249985,40.74751354125017,5.687118691465248,-127.21274032509031,-69.29723178037689,4.615831502908062,0.12255391646409712
0,5,R_Hip,angle_mae,0.8988611374699619,1.203301434061531,0.9957557253845088,9,73.72184647625282,36.860923238126425,-7.327935919187137,-25.106467974310902,-7.465890418276494,-3.2086949031994187,0.16006997167758166
0,5,L_Knee,angle_mae,0.889061044372247,1.0138039288807033,0.7505039952630015,9,14.258681715128342,7.129340857564289,5.874280164348291,-58.53419572295497,-23.767547041084228,4.338425642449008,0.15832476259110995
0,5,R_Knee,angle_mae,0.7423253950817568,0.5643066669316306,0.4914290661855648,9,10.290050857446635,5.145025428723295,-1.2221897002439288,7.553281788366078,4.593499776397216,-0.32987544982874883,0.13219395078169935
0,6,L_Shoulder,angle_mae,0.7671374196526093,1.7426106520780167,1.1751092148377227,8,-31.49998055054654,-15.749990275273227,10.68704942507408,-4.835226308333314,10.449178416152124,5.629831869752647,0.1217052042185292
0,6,R_Shoulder,angle_mae,0.6489072431229551,2.300464850865665,1.8031187627497105,11,44.382044137998925,22.19102206899925,2.116346744381536,-25.023479887144024,6.487712913461643,-0.18508392223659875,0.1405001383697678
0,6,L_Elbow,angle_mae,0.9021903507086492,1.4026165202015846,0.994985640811229,8,10.780469499046339,5.390234749523153,3.5427881928175275,-10.486534123551252,9.884914543643461,-0.37613853150376464,0.14313114973156318
0,6,R_Elbow,angle_mae,0.5634297268346392,3.0225526927140147,2.6191859626200698,11,7.831743984977743,3.915871992488913,8.211015280313486,-70.23379888873428,21.764652770714388,4.690457152527155,0.12199271224178285
0,6,L_Hip,angle_mae,0.6363329041674559,1.4452333874841996,1.345596618728944,10,10.423181214667451,5.211590607333735,2.3689831076499095,-15.442135790751843,14.399079225854484,1.540001882687997,0.12559641072969477
0,6,R_Hip,angle_mae,0.8252708410659428,1.666040720510311,1.4049636701954626,11,24.977586161380426,12.48879308069004,-6.143375464882517,23.101248008440553,-12.019374164582674,-2.2962583785169084,0.17868604271431943
0,6,L_Knee,angle_mae,0.11434184951805315,3.4329895010705633,2.5445739379211645,10,-31.075369340171598,-15.537684670085774,2.704931203401049,24.127219015924858,-4.578236750846524,2.0660612763752244,0.022568259163733527
0,6,R_Knee,angle_mae,0.6690371270933146,2.4189407043100335,2.0581118915023606,11,16.0019231207777,8.000961560388683,-8.910343316648085,67.30181115397679,-22.943275521060563,-5.162053571930105,0.14485862182510964
0,7,L_Shoulder,angle_mae,0.7498467755286122,1.0836001701384679,1.0044868023986495,10,67.09654925543595,33.54827462771759,-0.6601994178531605,-13.576556336745764,47.08334343948565,-0.0011726577263004856,0.14800124743957155
0,7,R_Shoulder,angle_mae,0.9093580498678488,1.5820580720053412,1.1110501954607024,10,186.29031038895695,93.14515519447748,-10.331756966947935,-26.50929417258743,102.73235137641073,-8.686851648109702,0.1794848362917609
0,7,L_Elbow,angle_mae,0.6712931196593881,1.8964268964065703,1.7113765385832989,10,102.91640322692922,51.45820161346392,0.6612071384953957,-52.7317224692599,123.48470712786053,1.3429353406444626,0.13249669445754653
0,7,R_Elbow,angle_mae,0.6357280000873096,1.3244976078382025,1.1107864632585427,10,54.997503223681704,27.49875161184058,-5.203888621147703,-7.099115293733929,12.222356528154315,-3.597220570944243,0.12547701759317054
0,7,L_Hip,angle_mae,0.9063756063911319,1.2282238533321692,1.0084747041688322,10,-75.50333921571449,-37.751669607856805,6.443991741886343,34.489035427362126,-37.98221085110193,4.212381101523963,0.1788961755554912
0,7,R_Hip,angle_mae,0.9476737622371558,1.0410078436880534,0.8599418201192164,10,96.40498766836953,48.202493834184224,-6.172213338088788,-35.35787786487513,45.05293477752873,-2.808112502411092,0.18704741229029817
0,7,L_Knee,angle_mae,0.7080386356231659,2.3240502882207004,1.920019387197069,10,21.11585207737575,10.557926038687887,-7.955318762382086,17.350482451867496,-66.54671453508176,-5.936960070332283,0.1397493524377265
0,7,R_Knee,angle_mae,0.9336496093331196,1.0398917538093628,0.7381512737397946,10,106.7558496694481,53.37792483472347,-6.9633385502447105,-36.626302142190966,46.9309977343958,-4.323560153655318,0.184279390619981
1,0,L_Shoulder,angle_mae,0.7678368046238806,3.54490736653972,2.894467042119927,14,1.56097797849714,1.5609779784972688,11.711386817266991,11.895336965564315,72.91644937958101,3.2320747333503936,0.20954656502521854
1,0,R_Shoulder,angle_mae,0.791848979668456,1.2683235704179465,1.0464040026679002,13,-1.066961772289485,-1.0669617722894362,1.3000858827282586,-14.660625749936814,-12.90396792045392,0.8136647209919032,0.2013636580444544
1,0,L_Elbow,angle_mae,0.9479968110333715,1.1256168054750997,0.9772207173539632,14,-41.21299324875052,-41.21299324875106,0.7395572716346681,-47.202680644660305,-85.3134857648812,-0.04548662070430254,0.25871314608865514
1,0,R_Elbow,angle_mae,0.4159949126463953,0.9113073996655866,0.7598423896011816,13,-7.860255096401353,-7.860255096401214,0.2895436793583692,-2.9551168191724093,-19.77598658146853,0.17028042885098493,0.10578564788128415
1,0,L_Hip,angle_mae,0.9383130534226519,1.145787909587695,1.0428483045925818,14,-16.00952680554933,-16.009526805549612,-2.622049210549918,-42.259852405943626,-68.80187074482265,-1.319384827038311,0.2560703994377479
1,0,R_Hip,angle_mae,0.8723805183214736,1.5121084309823098,1.1148261351254285,14,25.69247508938086,25.692475089381094,-3.4608102890082613,-17.241260683202476,7.763772364690728,-1.4105105796762594,0.23807707563422922
1,0,L_Knee,angle_mae,0.9345235726249619,1.124530592078797,0.9193109026737891,14,35.642981163985375,35.642981163985816,1.71971848172692,40.156676959793934,65.18071316600144,0.763763590036568,0.25503623087536187
1,0,R_Knee,angle_mae,0.7192676451007491,1.5865228950364263,1.2970444761547355,14,14.00136508837633,14.001365088376486,0.08386425285439447,13.919133321265944,11.702348793426745,0.5011200921614822,0.1962917946326747
1,1,L_Shoulder,angle_mae,0.9705362665277827,1.6047453022576514,1.222127827887541,12,-22.54349999674384,-22.543499996743726,8.297836242465184,-33.93047474615604,-4.850357333783047,0.7976482477955376,0.2285571655402556
1,1,R_Shoulder,angle_mae,0.46168664328286924,1.536274981459154,1.0124396338390795,10,29.074804423245578,29.07480442324564,2.8707663784783772,41.48332162225831,28.10719604313237,0.9527846626251133,0.09112554906151735
1,1,L_Elbow,angle_mae,0.8952782475622392,1.0154471946998735,0.8663306027906024,12,26.20380282251335,26.203802822513214,-3.6853720830045624,14.172301276229117,-1.6062786419166981,-0.8208707504631896,0.21083422195518242
1,1,R_Elbow,angle_mae,0.9114590097593009,2.4244660218633114,2.118509379475206,10,-52.701296742156664,-52.70129674215688,7.305772812250851,-79.18293807396401,-21.830714208356646,0.49355356817336826,0.17989951392311593
1,1,L_Hip,angle_mae,0.8043896684391137,2.5182587338848386,1.9440861217353114,12,41.08467607451607,41.084676074515855,-7.19732589532353,12.616496245397723,-6.447293657599204,-1.783087370300514,0.18943034789009294
1,1,R_Hip,angle_mae,0.15565148239596804,3.296230314498641,2.1875747281365654,12,-10.530526029984713,-10.530526029984658,1.4926275408993241,-19.743531758857554,-11.822255433916874,1.0923143334944614,0.03665526251361681
1,1,L_Knee,angle_mae,0.4876238768251415,1.426641649918722,1.1270452199628285,12,-4.085319067026147,-4.085319067026127,-1.1608907147510923,-23.11202011599334,-12.522501408072127,-0.08140592027248239,0.1148333503658049
1,1,R_Knee,angle_mae,0.9311932027398291,1.150498175581605,0.8830980567769569,12,37.74164451233621,37.74164451233601,-2.2797941453066475,53.47495780728978,16.41120034038878,0.25280440683039984,0.21929204124437052
1,2,L_Shoulder,angle_mae,0.9241021245225066,1.629813030323967,1.3710465324632517,12,-27.514792881995824,-27.514792881995444,6.8489840765726875,-50.69389211837273,5.806190802026936,0.7312452974180985,0.21762212246454607
1,2,R_Shoulder,angle_mae,0.35170461645398465,2.7143836512535,2.1314852783984573,12,-34.3498850140806,-34.3498850140801,5.086548339988623,-62.16840525405426,14.286514171110902,1.6385027759274813,0.08282494226798105
1,2,L_Elbow,angle_mae,0.625196317169355,1.4045492136061086,1.194351805143674,12,-3.0043860887177765,-3.0043860887177307,1.0729898852435875,-8.01531527219406,-6.240229410841134,0.2836565380115974,0.14723107532050575
1,2,R_Elbow,angle_mae,0.7900986362631671,2.8458621945110814,2.3104494963373168,12,-38.43207017554507,-38.4320701755445,-0.9198055607840754,-122.43503804929692,42.31343508759212,-1.644023300197727,0.1860648705561396
1,2,L_Hip,angle_mae,0.8820813248860562,1.2401454689822162,1.0875425481495724,12,48.74072278902335,48.74072278902274,-7.804455424658382,16.60364411666803,-10.097143152493727,-2.2772812477180935,0.20772640275795312
1,2,R_Hip,angle_mae,0.40191130333263514,1.5251266293276198,1.2118043235228004,12,0.9530119128813054,0.9530119128812906,3.2370656347212656,6.228869135454663,-5.204875186047275,0.9274839296087911,0.09464840362631352
1,2,L_Knee,angle_mae,0.5585731238549492,1.5724579080571357,1.2991088621828615,12,-10.549012065475518,-10.549012065475361,-1.2336630731751173,-35.69588660380101,14.464150444789189,0.10252093991500555,0.1315415964742815
1,2,R_Knee,angle_mae,0.6109750863607881,1.0698307000080975,0.9028842568748514,12,16.853310529669347,16.853310529669137,-1.5730425937624632,11.909235647986426,-5.666356674044853,-0.26055325167438426,0.1438820359118823
1,3,L_Shoulder,angle_mae,0.9252510662233232,1.555092269476275,1.233370321068567,15,42.73556981476457,42.73556981476484,9.273194350822155,56.55687904494278,-132.94594404314853,3.029936550993124,0.2695373052751362
1,3,R_Shoulder,angle_mae,0.8484173868130953,1.4228697257335121,1.2548620777727004,15,-32.51308730271894,-32.513087302719164,-5.620527282959047,-83.00811324789262,136.80397558027778,-2.234853183951852,0.2471546854018747
1,3,L_Elbow,angle_mae,0.8948365724826497,2.0771442636229365,1.6414494591958602,15,0.23743753100593193,0.23743753100593024,0.2100194085822331,21.035704099788163,23.149365150440655,0.18649682771791354,0.26067717964714804
1,3,R_Elbow,angle_mae,0.5496451662781086,3.361800878498665,2.2300238808832153,15,-21.21294371599932,-21.212943715999486,-8.312368282007558,-81.71012547859434,128.7660733940269,-3.3156282142092213,0.16011856930986487
1,3,L_Hip,angle_mae,0.5873756370744809,3.7614681298214783,2.8670472279197727,15,-33.32619424129117,-33.32619424129134,5.891164950038297,-26.616233019349885,18.153738176240807,1.7941641502851304,0.17110993132658456
1,3,R_Hip,angle_mae,0.812814009235274,2.94023263585777,2.435548119403412,15,11.804725981088895,11.804725981088954,0.2489049343036429,-21.098821069003364,-24.827023278247566,0.2582633891961965,0.2367829724675792
1,3,L_Knee,angle_mae,0.1919666545365607,2.984633175346294,2.0850036861596286,15,-23.993294924800235,-23.993294924800363,0.8232495169116198,-28.815447827427136,56.66603276000105,0.04051444936242632,0.05592230763663754
1,3,R_Knee,angle_mae,0.8464828306585036,1.3485991380325282,0.8957473255041362,15,26.057841075609854,26.05784107561,-2.0712464700523903,23.110379493786695,-17.49498028458013,-0.4175958402507618,0.2465911247945463
1,4,L_Shoulder,angle_mae,0.969268585357391,1.0103121845552216,0.8988583751149888,14,-26.83742500105529,-26.837425001055127,5.293007936037967,34.02359996278399,40.11606842410092,1.307440534750203,0.2645183213742725
1,4,R_Shoulder,angle_mae,0.5357306943791373,4.834017123050306,3.4491522017628413,15,-7.248912613447252,-7.248912613447074,12.49786431550242,-17.153365441293406,-70.40608822055646,4.152284984356791,0.15606510815009134
1,4,L_Elbow,angle_mae,0.7086263439109801,2.9077094166296815,2.167708272769376,14,-70.28427373684363,-70.28427373684323,6.763065789501052,37.668442218012515,109.9336082101257,1.4879531389101004,0.19338772947418423
1,4,R_Elbow,angle_mae,0.8620300409074687,2.586509452630354,2.0478153282437193,15,51.486339314287086,51.48633931428746,-5.511274872159092,-36.95609035270644,-28.765372593329108,-1.8929811329887727,0.25112022322850647
1,4,L_Hip,angle_mae,0.7399622986808196,3.1229353050404045,2.3954467799737325,15,-95.83715167900858,-95.83715167900954,5.852080937541764,62.71411919492867,147.3182216601942,1.847425484957597,0.21556035034439397
1,4,R_Hip,angle_mae,0.7808489959714559,2.440569454624954,1.9385253639468634,15,28.69904555424851,28.69904555424854,-7.831559210224924,27.57150321180593,23.637506045518453,-2.894086658150293,0.22747116094664657
1,4,L_Knee,angle_mae,0.5330128477361615,3.648657161248087,2.851958409670609,15,-46.8477325826538,-46.84773258265406,10.58928594225847,-8.55488431516568,14.44462359897533,3.8932473737021454,0.15527336514428325
1,4,R_Knee,angle_mae,0.7412880671856557,1.9878146099147704,1.386467989735481,15,14.881639252314825,14.881639252314788,-5.3084395755583555,1.0081764717788948,37.4549948936254,-1.8494873688626754,0.2159465634310438
1,5,L_Shoulder,angle_mae,0.5658367511585712,1.0689846197957455,0.8764029289461626,10,33.05463519459536,33.05463519459556,-2.498512447575214,-8.454388439148252,1.19169554203615,-0.5097448280303496,0.11168220995494232
1,5,R_Shoulder,angle_mae,0.9319195239699757,0.7151957623352568,0.5884672547946347,11,22.96318768553292,22.963187685532834,-4.376699185269967,41.079668170146356,12.082938960515305,-2.4371964484690807,0.20177740879748535
1,5,L_Elbow,angle_mae,0.7168999950290487,1.4657101907131798,1.2648208160919643,10,61.413211087115876,61.41321108711624,-12.909786126087809,4.171824984074684,2.464465307900354,-3.852005632372432,0.14149836608809058
1,5,R_Elbow,angle_mae,0.45104683552324476,1.229206844701642,0.9915916057705855,11,23.133809510307618,23.13380951030752,-5.197626951334727,3.8656978631862393,3.948977757416743,-1.7215894320369216,0.09765978647005796
1,5,L_Hip,angle_mae,0.5104676016233418,4.595805482100624,3.824635183833475,11,-23.11690590654995,-23.11690590654984,5.699090290147128,37.625677360824774,-1.1076805542946628,1.0193495243168762,0.11052545555848166
1,5,R_Hip,angle_mae,0.5906286934622813,1.921499613552948,1.642289367215472,11,23.935250202817162,23.93525020281703,3.734674930455041,-69.91330204169036,-32.84747974543745,2.126352196927744,0.1278817797706135
1,5,L_Knee,angle_mae,0.7522255879496176,1.4336654786024752,1.2340682423243337,11,14.556865469943439,14.55686546994339,-5.344288872599537,17.133990239392485,14.362987475087888,-1.1050372362833372,0.16287042610830507
1,5,R_Knee,angle_mae,0.378390953791801,3.034493987983179,2.5436139501644495,11,-36.02777813898963,-36.02777813898949,12.568285456332765,-23.669975860398615,-10.395152475580263,4.23217691561571,0.08192847580149899
1,6,L_Shoulder,angle_mae,0.826027754291482,1.4800759351078183,1.2239647680047128,11,-5.919788304866798,-5.91978830486676,8.88816211744648,-13.601576655536986,10.702692506169978,2.042233869463869,0.1788499280986316
1,6,R_Shoulder,angle_mae,0.9266766087114293,0.9228321312962613,0.8186313362529609,11,17.65008154223278,17.650081542232755,-1.3135142307968497,29.482101086214605,-2.3998948897215997,-1.6170947472523594,0.20064222294913267
1,6,L_Elbow,angle_mae,0.932116295187868,1.5498032011521803,1.2937043856021087,11,19.637515553775057,19.63751555377538,4.279224932791431,-35.54371161381856,14.983269132884514,-0.466628168122476,0.20182001332014102
1,6,R_Elbow,angle_mae,0.14902404814575676,0.5929562439834772,0.5310260712731639,11,4.314408740148769,4.314408740148783,-0.5796986326085376,2.619994515441382,-1.411868325790124,-0.24139588327647488,0.03226639802036305
1,6,L_Hip,angle_mae,0.520606170388445,1.6385952601167721,1.25461748862962,11,37.17824056465714,37.17824056465761,-1.315975922500785,-45.53149377846836,10.416432120655815,0.12612649562083433,0.11272063881381558
1,6,R_Hip,angle_mae,0.9874597590556756,0.48482807556389224,0.41471904725654274,11,53.242974895267544,53.242974895268084,-8.360545941590159,-39.20210944396445,-1.3219202977913533,-1.2749671589200702,0.2138028728331082
1,6,L_Knee,angle_mae,0.8910067429563153,0.9059327604345234,0.7885046995714653,11,24.866033061559328,24.866033061559538,-4.570134428460014,-8.863138374944029,-1.6787055185186581,-0.6281907028012483,0.19291905276211882
1,6,R_Knee,angle_mae,0.7875845866932412,0.6016749626880227,0.5517189610051225,11,13.770076823794946,13.770076823794971,-3.413082487304848,12.459636844175135,-5.838146456676543,-0.8720374859468354,0.17052628797260888
1,7,L_Shoulder,angle_mae,0.6861446387519421,1.2291283899883172,0.911787545677516,12,41.06229149126698,41.0622914912672,-5.250937806379163,11.179684090232382,-0.16564176697835098,-2.4242394042171895,0.1615841459947105
1,7,R_Shoulder,angle_mae,0.7667686964022448,2.663137198350897,2.117463970150557,12,31.939431641926387,31.939431641926912,-0.7793751966358293,13.714271251940453,33.769408531162654,-1.0491976112474681,0.1805707688819036
1,7,L_Elbow,angle_mae,0.4089780963401842,2.1206656319067956,1.744088606862496,12,56.165302954811466,56.16530295481262,-5.115198547694167,-21.539747765890418,49.0591687834674,-2.4074053749983477,0.09631260334245971
1,7,R_Elbow,angle_mae,0.10923788821491165,1.316578766558554,1.0775172594011977,12,5.316980359941004,5.316980359941276,0.9777693764008859,-9.66540981960162,13.531956154537317,0.5971056388316649,0.02572505836317327
1,7,L_Hip,angle_mae,0.41188443749364323,2.5311979580301722,2.0581266255342174,12,23.768342773151733,23.768342773151527,-5.152405389231182,22.016486002395887,-18.404820815125984,-2.0268200360219275,0.09699703433080811
1,7,R_Hip,angle_mae,0.8534267624527647,1.8240364967616423,1.5605500763482263,12,5.26543949489083,5.265439494890884,-0.8582511107430522,-13.323035484756616,-8.082772186759684,1.4344695134187506,0.20097837510002747
1,7,L_Knee,angle_mae,0.3975030651456999,2.6938689337085213,2.0773970663489547,12,-5.511535681585094,-5.511535681584379,8.305188528854043,-33.298578924782824,42.4923011778571,3.4716356909862425,0.09361028227033698
1,7,R_Knee,angle_mae,0.7656579878056314,0.8461457709884648,0.65264589597393,12,14.865173066659485,14.865173066659763,-0.8317024104229471,-11.49589574897638,6.584129739285567,0.11705694727257487,0.1803092017284253
2,0,L_Shoulder,angle_mae,0.699853677076598,4.132113101911422,3.443359726294625,12,5.875763265923362,8.81364489888458,11.29184337450611,24.309059218293623,83.61942338994925,2.1477772670942787,0.16481256625042734
2,0,R_Shoulder,angle_mae,0.7583888511719223,1.2034151962078998,0.955807959386696,11,-2.5819603143880396,-3.8729404715822513,1.123534069303402,-17.21694739628225,-20.614488845909765,0.4797891467532982,0.16420488391366977
2,0,L_Elbow,angle_mae,0.9339191526942832,1.3340107485069086,1.0846868795435893,12,-27.272224240674117,-40.9083363610107,3.91798737552117,-33.89320980740285,-68.03050043077451,0.5682770704546343,0.21993399087209914
2,0,R_Elbow,angle_mae,0.5845040150306555,1.366185073404864,1.0898385167726297,11,-6.476750327902909,-9.715125491854703,-0.984558391862485,-11.55783078568862,-41.82757108988067,-0.5305392651926422,0.1265556762693297
2,0,L_Hip,angle_mae,0.9025387320625973,2.2299733294748507,1.9550996102463165,12,-7.554347518325865,-11.331521277488488,-0.042814632259120966,-41.60356968657953,-41.4069260694277,-0.2029264139942324,0.2125440351946069
2,0,R_Hip,angle_mae,0.9604093134131555,1.2563003469790688,1.029024197127489,12,17.52167333229576,26.282509998443572,-3.29283745891649,-25.856135299714097,16.88857793843883,-0.6671156230942259,0.22617231112598524
2,0,L_Knee,angle_mae,0.9284484601587428,1.6763293466604046,1.4251978931577005,12,27.545705706758202,41.31855856013697,-3.4265806519300384,32.501763189355536,39.295501767348654,-0.5174966532276244,0.21864566603294738
2,0,R_Knee,angle_mae,0.8239766985610523,1.8900532377581785,1.6612742601441415,12,7.5987467509669075,11.398120126450289,-0.6189571290552309,8.278790148265678,7.524655780665439,0.5068287257057307,0.19404301022989198
2,1,L_Shoulder,angle_mae,0.9693924412830611,1.7408583293025561,1.546257115693001,12,-30.69443014569101,-46.04164521853643,15.325993364470813,-24.93844215139345,-3.083799234071388,2.158313909730829,0.22828779955690884
2,1,R_Shoulder,angle_mae,0.6960699475506396,2.7029611007820917,2.014280912388014,11,37.68505749754909,56.52758624632346,-0.22263363628181665,60.10029351363449,46.5071751708276,-0.6501208306323818,0.15071171570721872
2,1,L_Elbow,angle_mae,0.7900810160730121,2.400729884019582,2.055382058953285,12,11.81880270293451,17.72820405440167,-6.514008571323988,-17.457236791260488,-28.474478508464593,-1.262075981735988,0.18606072107625202
2,1,R_Elbow,angle_mae,0.9364058949475452,2.2056684585286535,1.7643165321542036,11,-18.41813317606034,-27.6271997640905,1.1551226042993727,-95.67006577850815,-24.098607207693398,-1.3383452942013747,0.20274878914468727
2,1,L_Hip,angle_mae,0.6466445048879812,4.21928681454437,3.5249986799296944,12,81.23286203594394,121.84929305391601,-3.097171476677886,209.3003857644698,108.18069114848517,0.3056000555733789,0.15228203236354604
2,1,R_Hip,angle_mae,0.3825521252474722,4.490573146046511,3.4156268211138463,12,54.10963507336467,81.16445261004706,-1.1394110749012327,119.46234395635962,77.65822187430902,-0.05921166009784429,0.0900893994726988
2,1,L_Knee,angle_mae,0.45796620989913184,4.698405164066758,3.21022657388249,12,58.05742205522767,87.08613308284164,2.0956363814764956,173.65856915987007,105.9020637787012,0.7165014222774744,0.10784909586350112
2,1,R_Knee,angle_mae,0.9276464617211145,1.2874834061314784,0.9964703042048967,12,29.710664556119497,44.56599683417921,-5.972305781296958,39.35786089487351,7.847236430781356,-0.7798803814790105,0.21845679880974941
2,2,L_Shoulder,angle_mae,0.9799491999188232,0.9054142049883226,0.7723002453418624,11,-0.8575341314999398,-1.2863011972499085,5.728157942572574,-15.681967801711664,-4.931292876312324,-0.07231999179941795,0.21217670112806816
2,2,R_Shoulder,angle_mae,0.578572515278539,1.989708321794106,1.7344454846967494,10,51.97743580276682,77.96615370415071,-6.941438853291569,56.56427543056173,-19.1235082334083,-2.2305380406259303,0.11419593547642981
2,2,L_Elbow,angle_mae,0.4629637931755588,1.6967640035565128,1.3843249401238362,11,-0.1538496771809318,-0.23077451577139643,-0.12213083351887508,-9.278461036969713,-3.4830799622144135,0.061079282110248656,0.10024002303983152
2,2,R_Elbow,angle_mae,0.7793513008397623,2.584062195880739,2.325950937867751,10,32.649748305907714,48.97462245886202,-8.493725421038413,-14.973871397927947,10.775586539183314,-3.114524606013262,0.1538247125709436
2,2,L_Hip,angle_mae,0.9034621464918794,1.7893511254160188,1.3220477879329329,11,32.194859877421266,48.292289816131856,-11.739067397284858,-19.90866995051903,-7.076963508299721,-2.49609660240543,0.19561587259075255
2,2,R_Hip,angle_mae,0.9264178399128701,1.4092279631600675,1.1958023105285434,11,-20.524567046740664,-30.78685057011097,12.511973348536822,4.31842380972294,-11.497883785755803,2.340115667618914,0.20058619483049372
2,2,L_Knee,angle_mae,0.8599630332113394,1.310357621951749,0.9606666788333442,11,42.91620717061654,64.37431075592474,-9.424004975547911,42.000906102926564,-16.196233149935082,-2.096157197512561,0.18619752890658436
2,2,R_Knee,angle_mae,0.686274023969135,1.2904863993845328,0.9525887676067374,11,15.859037431645762,23.7885561474686,-2.100979911369965,23.371713909240352,-11.705763507566594,-0.2683780760697836,0.1485907213228175
2,3,L_Shoulder,angle_mae,0.9314496659218809,1.4714342049679638,1.269163289033324,9,36.17984785090169,54.26977177635272,5.524844230345531,53.578464522447504,-134.69717836064746,1.3217886831622252,0.16587336511496573
2,3,R_Shoulder,angle_mae,0.9615520900944631,0.6520244824268996,0.5723632297417053,9,-1.8647764694316245,-2.7971647041475127,-0.8548339251735636,-37.65155639649376,42.33917186079862,-0.38072762820666517,0.17123403094405526
2,3,L_Elbow,angle_mae,0.9764844092491362,1.17808212741317,0.9521671207004014,9,-23.288291174028604,-34.93243676104301,1.443976848177737,-6.197160476972273,88.08972928693427,0.25501879362341384,0.1738931913021245
2,3,R_Elbow,angle_mae,0.368921818836097,2.282880053590678,1.9506277084827326,9,14.652600637593334,21.97890095639001,-0.8529198010805006,-0.6259521610305243,-18.35457215250003,0.04513941955574907,0.06569791776575656
2,3,L_Hip,angle_mae,0.7538981371879828,2.841135073781981,2.13858089472892,9,-21.453552192914877,-32.18032828937231,7.594739905718811,-20.483662381539006,5.171384153479077,1.8791294876309586,0.13425483474247407
2,3,R_Hip,angle_mae,0.8938208291610986,2.9815157577587637,2.635749487707226,9,-1.6496115315975766,-2.474417297396326,5.859704985804685,-16.74538560096621,-38.814901287812454,1.2527131479996523,0.1591723891983603
2,3,L_Knee,angle_mae,0.7389309910336777,1.1470585621431773,0.9445221030006759,9,-26.488284630423816,-39.73242694563575,6.000585291865981,-18.95147983658828,39.26438133031772,1.8523597160566965,0.13158947236207644
2,3,R_Knee,angle_mae,0.964552591807523,0.9106517403407299,0.7631913607502342,9,23.517729942577155,35.27659491386576,-4.3653998550981346,26.870409708204175,-19.653880473710966,-0.7638021473141308,0.1717683628939045
2,4,L_Shoulder,angle_mae,0.9348340405478176,1.3456526972491605,1.0278887895705933,10,-15.868492541032044,-23.802738811547993,8.118955233364062,29.11739002965037,0.3648051491282447,2.09032381582184,0.18451316811026638
2,4,R_Shoulder,angle_mae,0.8950231364388826,0.8981756758035728,0.7353616052604763,11,34.724133508829034,52.08620026324238,0.2395519119166405,-22.566267153391312,-87.27342876737517,-0.05480170421963493,0.1937886744931575
2,4,L_Elbow,angle_mae,0.6473225673987899,1.864548084342804,1.5757349246191765,10,-9.530873230171466,-14.296309845256639,-0.7181893494482314,14.306056573822891,71.06750298088377,-0.5844382397057757,0.12776549902914316
2,4,R_Elbow,angle_mae,0.8359069374131047,2.7853820851663484,2.4078128783846977,11,18.242688320108808,27.36403248016292,-2.690127677615391,-33.371086078409505,-1.0606901773726674,-0.9854622638930017,0.18098894967726
2,4,L_Hip,angle_mae,0.8595769067849506,1.8624213140986232,1.5591806784338436,11,14.004378757368004,21.006568136052742,-11.928997414577278,38.04549588982016,77.09975680637918,-3.061399170592235,0.18611392556125145
2,4,R_Hip,angle_mae,0.9623463333514539,1.1878834619124135,1.0803147879953299,11,3.5425113335896667,5.313767000384913,-3.678066510746389,37.82581942668629,33.34882321837226,-1.0328019971631726,0.2083653625821809
2,4,L_Knee,angle_mae,0.6850443579024623,2.0593657011004067,1.5798035701657762,11,2.4481486855712866,3.6722230283565787,3.368437448086671,-17.37607639074683,-29.21706967991076,1.2362439165608268,0.14832447640977778
2,4,R_Knee,angle_mae,0.4335457254655448,2.518734953611421,2.0110935885328813,11,0.1802225968369017,0.2703338952556372,-1.7496856356110606,1.1531324137692136,31.638934926733338,-0.350662997517474,0.09387048004638862
2,5,L_Shoulder,angle_mae,0.8709158034805196,0.9232487481862743,0.7435935756738381,8,-12.60784592315295,-18.91176888472971,7.062569151011428,30.77360120478835,9.406219938575356,1.0675046407241382,0.13816948959123893
2,5,R_Shoulder,angle_mae,0.9350716938097512,0.9192075933928081,0.7908606951092607,8,12.807257623998163,19.210886435997228,-2.419652002101846,36.53263894106402,8.45110058761059,-1.5704801068684624,0.1483477256338459
2,5,L_Elbow,angle_mae,0.46118100379387317,1.9958937684525824,1.812482655978882,8,-11.71375187871011,-17.570627818065834,-8.66710196057402,119.22702386535492,52.02467408176989,-1.7738256818037836,0.07316567646231714
2,5,R_Elbow,angle_mae,0.7059087688223689,0.6174210586530302,0.48571904852483294,8,11.67200986343039,17.50801479514584,0.33328877621261777,-25.577555657649892,-16.622710690933772,-0.10130568681953989,0.11199137034415775
2,5,L_Hip,angle_mae,0.8799987073577783,1.462736743534659,1.2456085946386577,8,31.296634754645417,46.94495213196851,-4.619738469037172,-1.622698924280526,-17.278449562852582,-2.0875026259067653,0.13961047870604398
2,5,R_Hip,angle_mae,0.9834685094608294,0.340794000971316,0.2880822898806401,8,1.9408126614857855,2.9112189922284353,-6.616237233235624,59.851830023647956,23.4069822224952,-0.9371309958011187,0.15602580804965124
2,5,L_Knee,angle_mae,0.900228291504417,0.8010605601454847,0.635378734787445,8,4.226917039671775,6.34037555950747,-7.886676356198958,52.03409208515739,33.76816469966293,-1.3735272912310386,0.1428198719734686
2,5,R_Knee,angle_mae,0.7400895455327855,1.2455259287927314,0.992228579643513,8,-20.771779016185185,-31.157668524278357,-0.7631935625001862,69.83039768822078,39.522106030563684,0.2925132333092577,0.11741409944499213
2,6,L_Shoulder,angle_mae,0.82454050347644,2.6868177079476703,2.2672320875035816,10,25.598254839315572,38.397382258973664,2.0214691042439874,-14.337524150779501,18.49175224335409,-1.866077602568069,0.16274394591206592
2,6,R_Shoulder,angle_mae,0.6322236496799727,1.2797999243895475,0.9667360173688696,11,41.593614715511514,62.390422073267366,-8.316159695703067,4.794839678597053,2.1814308204277935,-3.3949053365318775,0.13688783905875543
2,6,L_Elbow,angle_mae,0.8466665288815738,2.466323740315131,2.048714961285459,10,-51.684681239197495,-77.52702185879687,17.08474442080611,41.28922077723023,-8.949069814904485,3.6902227790293196,0.16711107726170857
2,6,R_Elbow,angle_mae,0.20631286214521283,1.5637802272241292,1.29829432941765,11,17.600716271644387,26.40107440746664,-2.2305447990496035,-19.451567426663456,8.775770835315829,-1.027434466440372,0.04467046097275997
2,6,L_Hip,angle_mae,0.5501501152374715,4.5144190985979815,3.3541025426913396,11,83.46320728695538,125.19481093043338,-15.70770599989821,-95.78442126377917,20.622354430642883,-3.831227179151554,0.11911743648138375
2,6,R_Hip,angle_mae,0.9612585490614645,1.0277579266984669,0.8147747181909082,11,-19.578238005889876,-29.367357008834837,7.850610421883387,-38.621806069172095,1.02064635772469,4.698814951225252,0.20812983763638981
2,6,L_Knee,angle_mae,0.7275589679575338,1.7311128775282796,1.293432109202214,11,-9.592690377845718,-14.389035566768586,3.482470353840969,-15.876614130787615,-4.869835882028493,2.27084405679045,0.1575296573640339
2,6,R_Knee,angle_mae,0.7829686278137511,0.42028270092587755,0.2960195893156376,11,-19.026022025996387,-28.53903303899463,5.658655131377348,11.084196862543049,-5.090608624427519,2.0759089276645994,0.16952684950409017
2,7,L_Shoulder,angle_mae,0.9813458236976524,0.5542312965990609,0.4199156846234539,7,-52.2650193890615,-78.397529083592,10.5840569786048,52.92065460848412,-88.44722923362121,2.969757201037183,0.13649779283340818
2,7,R_Shoulder,angle_mae,0.9715821835286496,0.7374612943572811,0.5555933120440721,7,1.7065465300796143,2.5598197951191617,9.942872844191484,-22.939683056671424,82.25820484268759,3.103347914888915,0.13513974422209715
2,7,L_Elbow,angle_mae,0.9458279732815269,1.385025679610661,1.1619293639705883,7,-83.9909488507626,-125.98642327614388,22.073653636076003,32.46427831581806,-49.650258715533965,6.555775375275587,0.13155752807564838
2,7,R_Elbow,angle_mae,0.795306739085242,0.5707811058140849,0.4451462636404465,7,-13.075187426627924,-19.61278113994178,0.45611519780363796,20.305817241100844,-34.27839972852668,0.42354118596672663,0.11062116115360045
2,7,L_Hip,angle_mae,0.9989193329421934,0.269782842088246,0.2189269795232158,7,-72.42178890964865,-108.63268336447258,9.865434678757854,107.2611727328812,-135.77664971093435,2.964787771941289,0.1389421352520461
2,7,R_Hip,angle_mae,0.9550751348262391,1.4416384505677005,1.2090821520845993,7,62.31888224895832,93.4783233734376,-17.822849895314047,-14.737594968138051,1.6517865482226384,-4.5154805553442685,0.13284373841082994
2,7,L_Knee,angle_mae,0.978114670288908,0.6668139731604326,0.553274066198938,7,57.564366223564605,86.3465493353468,-9.667698756785303,-47.4867431154173,62.913020081871224,-2.618801446515718,0.1360483637963151
2,7,R_Knee,angle_mae,0.9681842028272044,0.7431400034556646,0.6219954284479938,7,31.031767067226156,46.547650600839205,-6.855571366473866,-22.56774897918481,20.05343992988465,-1.3378094706440606,0.13466711076848936
3,0,L_Shoulder,angle_mae,0.9092712257953858,2.782408930239141,2.032782579729221,8,13.132564611039173,26.265129222080947,12.503058530120999,49.681149408265426,140.5642259990886,2.0456514584496013,0.14425451997319136
3,0,R_Shoulder,angle_mae,0.8600470080403598,0.8380588301041878,0.7098355821123076,7,-4.714047421143028,-9.4280948422883,-4.094818383507904,-36.412572551747814,-85.36769333771566,-0.6557258886530093,0.11962604363887754
3,0,L_Elbow,angle_mae,0.8477386137965022,1.82738802812715,1.5560936184903391,8,-54.30690225157681,-108.61380450315839,8.677595171741217,-69.46591193293413,-190.8698039893089,1.9621534558103235,0.13449246311405014
3,0,R_Elbow,angle_mae,0.7345842823933806,1.4775006367888395,1.316655290013578,7,-40.957962208401895,-81.91592441680666,13.310471439293345,-23.911368133169404,-70.94096188864283,3.205968001772206,0.10217512601113579
3,0,L_Hip,angle_mae,0.9527281281279811,1.651897332378056,1.477104082775901,8,-6.664174158146716,-13.32834831629492,-1.9037395869162461,-61.42065373310185,-72.21976561382533,-0.6734643024296361,0.1511488925296601
3,0,R_Hip,angle_mae,0.9920087894133347,0.6107101136726651,0.48418850424432514,7,27.01782283338617,54.035645666772496,-13.68015360580674,-44.695839636161296,-16.236647180463695,-3.08210504609778,0.13798093083644652
3,0,L_Knee,angle_mae,0.8247843992941897,3.275522346408142,2.9801608721661585,8,-0.6469188082907567,-1.2938376165794752,16.15047198917672,58.794958994000226,129.79175299475332,3.5343284548598093,0.13085081131593432
3,0,R_Knee,angle_mae,0.6220424012790481,3.2434785753506423,2.419992090314717,7,4.870880937969999,9.741761875939456,-5.043347158240129,-7.591009938376822,-28.289290870682834,-0.2610827000488829,0.08652140027809688
3,1,L_Shoulder,angle_mae,0.891545074632269,3.009493667653197,2.3382448759858105,13,-26.976422060828273,-53.95284412165529,13.416680969211415,-71.94043954637031,-30.1619371953209,1.4153411637192121,0.2267159296140485
3,1,R_Shoulder,angle_mae,0.8189278823219464,2.8562959107257133,2.223291902030416,12,-26.017123024641027,-52.03424604928148,7.918823061056754,-107.93558054071764,-46.91265772471595,0.6984049791731977,0.1928540354653816
3,1,L_Elbow,angle_mae,0.8219582818611226,1.3423046860051666,1.1068341836442472,13,17.74056421943374,35.48112843886682,-8.637218836813398,0.21747503439459792,-6.067791711257685,-1.616577741655366,0.20902031908254753
3,1,R_Elbow,angle_mae,0.3445733381321707,9.791427386078537,5.747589970573455,12,-23.765351315456723,-47.53070263091299,3.2646959536670153,-129.8153008749303,-54.441832842497,-0.6526952175389198,0.08114555653441784
3,1,L_Hip,angle_mae,0.7735026909752585,2.30906141360414,2.0808169652068624,13,17.83604811070906,35.67209622141717,4.280660659142148,114.50771519077007,45.36740803391212,1.6659859974762945,0.1966982787895002
3,1,R_Hip,angle_mae,0.07613025651152239,4.461900537267663,3.202848438549563,13,-2.9659570378209446,-5.931914075641769,5.312704492289258,1.123608113309798,0.2100068928717293,1.1820763206822074,0.01935958412858137
3,1,L_Knee,angle_mae,0.6221792506015864,2.1565449360167843,1.710170140458872,13,13.356491478083214,26.712982956165934,-7.536550932846092,-11.926543012789846,-5.215241791821102,-1.3524418814687493,0.15821740392081932
3,1,R_Knee,angle_mae,0.8311541601738355,1.649169668089955,1.277604421976971,13,10.629170192446361,21.25834038489232,-5.206966537842925,3.0042958675021625,-7.306609962926679,-0.49014687228263654,0.2113587898560463
3,2,L_Shoulder,angle_mae,0.9391494414003754,1.5190552814060643,1.2963233824808063,9,1.3998842239865406,2.799768447974425,-7.155876824057053,-125.66829001496421,31.37006939271466,-2.4289096054801416,0.16724454781648454
3,2,R_Shoulder,angle_mae,0.6571842764893775,4.206128191300114,3.55584438415646,9,-21.154568061616807,-42.30913612323137,-4.456216386348194,-206.0739273392196,56.53283247216087,-1.6391653184136032,0.11703194647028789
3,2,L_Elbow,angle_mae,0.7288558818893115,1.4564974272201576,1.3086288701547144,9,-8.991980664649747,-17.983961329298374,-5.201276024304136,-105.04862766737105,23.38156883893213,-1.1077521276777471,0.12979528817927086
3,2,R_Elbow,angle_mae,0.8191713129779986,4.270516687824192,3.1350819757258743,9,-41.26467801500363,-82.52935603000458,2.0103796605645705,-247.33024862000156,63.26402972641973,-0.8338080968914454,0.14587873855193517
3,2,L_Hip,angle_mae,0.7872878364489356,1.8907160241258085,1.6401685539555722,9,15.955018759961398,31.91003751992297,-9.187887390570758,-18.723325414227677,1.3071687799753993,-1.3500803340770133,0.14020090137304111
3,2,R_Hip,angle_mae,0.8685530404104489,1.5392341792451274,1.035188180032534,9,37.09975595287023,74.19951190573924,-4.978486659120975,111.19587017265961,-39.293375262987965,-0.725466482241842,0.1546726794422393
3,2,L_Knee,angle_mae,0.8654123270560188,0.9797339022510828,0.840316453388081,9,18.387633164618517,36.775266329237105,-9.6537634334352,-5.201324827486328,6.288696125622111,-1.6620620821844128,0.1541133784815747
3,2,R_Knee,angle_mae,0.7419592660620072,1.3373747966156662,1.1802084337104297,9,-1.2737161422025878,-2.5474322844061335,11.24992383118024,84.94070824448337,-31.779230577320302,2.2777828293796953,0.1321287502080194
3,3,L_Shoulder,angle_mae,0.7882001778767425,1.8799955261456902,1.5162586995711038,11,13.19061803066437,26.381236061329293,5.66515626895956,28.295772544601583,-90.08476218593687,1.1454295257873142,0.17065957458233277
3,3,R_Shoulder,angle_mae,0.683218163850918,3.1422350237670784,2.2233803540469146,11,21.559855716713212,43.119711433426424,-13.288618367513898,-45.917428656827525,53.2048373455897,-3.1741075956451255,0.14792907241382733
3,3,L_Elbow,angle_mae,0.8072024175861651,5.163732962315654,4.6074592797339005,11,-0.044450010614087716,-0.0889000212283858,-2.3582233680215707,20.29614085669096,70.13125882601265,-0.7773191961365958,0.17477390268824283
3,3,R_Elbow,angle_mae,0.38669699033043503,2.4593450385684044,1.9393084233744986,11,8.996939079996901,17.993878159993578,-9.713097502115279,-38.10957983805892,74.83807244242986,-2.1337454047144355,0.08372688273153431
3,3,L_Hip,angle_mae,0.7515147537109622,4.210034805877938,3.1854140303228693,11,-38.004794557013874,-76.00958911402837,18.585415725766374,-35.71670574326155,9.671331000613142,3.919002118873607,0.16271651765690853
3,3,R_Hip,angle_mae,0.871701328345148,3.537587564649618,2.7886849479747564,11,-29.21116554160603,-58.422331083212605,14.724763188029454,-48.71224785627165,13.817508655764481,2.675923624354752,0.18873908181418966
3,3,L_Knee,angle_mae,0.6928517019526412,1.5790302763041322,1.1278133731345386,11,-9.570722775335078,-19.141445550670205,8.810649729516225,7.4593459199900325,-16.690488997723488,1.8063066977887843,0.15001490740893164
3,3,R_Knee,angle_mae,0.8515642388753923,1.6558785543349699,1.2902247779358889,11,25.811126562869948,51.622253125740386,-8.55200872497137,28.370920797093866,-24.11417128745671,-1.7087398099632694,0.1843790382380865
3,4,L_Shoulder,angle_mae,0.7168655493152086,1.7957186227513866,1.3114836925195543,10,6.87874335213334,13.757486704266931,-0.09541539285495082,14.853447299146756,-0.9208657933498694,-0.0998319814028541,0.14149156735429103
3,4,R_Shoulder,angle_mae,0.9415713811278635,0.49343094272949795,0.43177961247201574,10,26.560229216763318,53.120458433526636,-3.6958139209649357,-12.4828876320857,-70.66855003186993,-0.8178928879451277,0.1858429528647172
3,4,L_Elbow,angle_mae,0.9480075725664753,1.699549308576547,1.5151452450821026,10,-19.962421607392677,-39.92484321478583,15.020873598026629,-5.103721455817639,13.970824277098881,2.0371275110523754,0.18711329821094197
3,4,R_Elbow,angle_mae,0.7968157547154531,2.0428597901129026,1.8107769564719831,10,11.404983035932815,22.80996607186605,-5.036238313448331,-17.862081002336815,18.693205640714282,-1.0814244566886515,0.1572717647472111
3,4,L_Hip,angle_mae,0.9594693109088196,1.3953548395768478,1.2203364963613617,10,-8.55220163473842,-17.104403269476506,1.0499795751869554,46.10620407206685,37.25004641206378,0.25688057117301,0.18937556248659626
3,4,R_Hip,angle_mae,0.8901608623063593,2.068903449021976,1.7770234262084545,10,-20.448905373801306,-40.897810747601866,-0.09946058737722563,57.77461067890948,107.92781972975153,0.09551963415865572,0.17569578524939433
3,4,L_Knee,angle_mae,0.4244366593807094,2.837279650553741,2.5273802650678627,10,-16.55671153858145,-33.113423077162615,3.2684132187186696,11.73522001723206,72.26060360658451,0.5379825615386373,0.08377332156045603
3,4,R_Knee,angle_mae,0.783295727627357,1.3760372955748015,1.157218165649538,10,10.061223443759781,20.12244688752026,-8.250687873486012,12.402595104532212,34.751009385156564,-1.359057183007664,0.15460324507124878
3,5,L_Shoulder,angle_mae,0.7982298636923784,1.9568048650925665,1.658433355810939,7,6.545314740649818,13.090629481301066,-10.23473795220581,123.8991716149081,39.310893453101414,-2.8280791220774226,0.1110277457106608
3,5,R_Shoulder,angle_mae,0.6214331823786001,2.1635438814909085,1.9052486482593798,8,21.446898718004935,42.893797436008875,-1.7792167943269552,-31.95936263968543,-18.319693069239133,-0.9479741257746923,0.09858944490519976
3,5,L_Elbow,angle_mae,0.3654653649039008,4.698293510673563,3.8453307471162894,7,-35.536228647152356,-71.07245729430485,20.311013657993783,12.128938757424626,-12.701522333267583,4.033750496186968,0.05083347221927747
3,5,R_Elbow,angle_mae,0.3548128211484829,1.7665579918008183,1.4999566091152383,8,32.069305525687305,64.13861105137119,-2.1392793725333856,-121.13825675802148,-54.92222378738174,-0.43496330479334233,0.0562905233807828
3,5,L_Hip,angle_mae,0.7646835005460522,6.421778711139611,5.956604611384773,8,57.08145107296041,114.16290214592519,-45.511629567994746,180.04382636673046,54.01204366958099,-9.214739274412253,0.12131589362260686
3,5,R_Hip,angle_mae,0.9031991819190068,2.23545957591765,1.8478386663058866,8,40.03816263753107,80.0763252750612,-17.263315863158894,-26.068276090411892,-21.619812662313663,-2.5635825261990277,0.14329119929417505
3,5,L_Knee,angle_mae,0.8567770569199007,1.32535417389029,1.082087128598428,8,29.187386378850725,58.37477275769724,0.6222940605897698,-152.29727480046165,-62.07168938436505,0.9795737819907444,0.13592639859675534
3,5,R_Knee,angle_mae,0.7675882102993703,1.4998541421322251,1.398503670908519,8,-8.651827613096476,-17.303655226191502,-1.199486334141434,46.47062506454679,34.02802393519858,0.2571695920302428,0.12177672148038915
3,6,L_Shoulder,angle_mae,0.966500937234552,1.4626090247225643,1.056345998418584,11,-1.072451999982284,-2.144903999964349,4.083819027885349,48.61596902846758,-1.9575313789042208,-0.7120992222792251,0.20926490936122072
3,6,R_Shoulder,angle_mae,0.9737137077958579,0.8870906326976008,0.7975387522206514,12,7.535938517309407,15.071877034619202,-4.095180728190742,67.49849649800055,-8.263572918671573,-1.7636429086519954,0.2293054394532955
3,6,L_Elbow,angle_mae,0.7072308741524616,3.5108605332193514,2.8724841455778463,11,18.78041705560832,37.56083411121655,-1.5186712575496655,-35.7830958125011,6.04125361060024,-1.3726754061569437,0.1531282578995112
3,6,R_Elbow,angle_mae,0.8803394065459249,0.7184126488246209,0.523275162766863,12,11.431905913599598,22.863811827199164,-4.986633312115484,9.362297794812438,-1.159494726149568,-1.3448578305262835,0.20731618839280905
3,6,L_Hip,angle_mae,0.043710290835021204,5.2927468361426095,3.7089176411383806,12,1.506926276255874,3.013852552511606,5.6997860815514905,-17.912852124787477,6.734798736003791,1.0795292969904322,0.010293587702739056
3,6,R_Hip,angle_mae,0.7117849318199393,3.4213905621261675,2.6055226105336478,12,3.896991736760896,7.7939834735218145,-2.5379034459673067,5.841156504483379,-6.876544036634826,0.535813285486296,0.16762232602914526
3,6,L_Knee,angle_mae,0.9111128766946242,1.422802943397914,1.2291989568692872,12,6.5659729000031515,13.131945800006251,-4.399854377151805,-2.254261310459617,-7.906336152815456,-0.04017829624216418,0.21456320981137758
3,6,R_Knee,angle_mae,0.9477410158553068,0.7436346440976893,0.562204252120284,12,5.684102188785887,11.368204377571784,-3.963747562862266,6.496089254314939,-7.6668134381466775,-0.2096663651515236,0.22318898089722294
3,7,L_Shoulder,angle_mae,0.8847345019059356,1.4407473603027041,1.3266850691784597,9,19.8230149684327,39.646029936865645,0.4476142003622279,-18.412196149122977,67.756643256467,0.03203240183933076,0.15755428815276273
3,7,R_Shoulder,angle_mae,0.9831666065798753,1.0021749796420576,0.8581290339771349,9,31.3673022216424,62.73460444328544,7.0126296388254765,-72.39069926951672,199.74504415808815,1.8209443407335826,0.17508316280371383
3,7,L_Elbow,angle_mae,0.877587602366506,3.126156497510587,2.7142705646129794,9,46.635339879251354,93.27067975850359,6.426951784805441,-113.26398231872649,279.11075243092245,1.6638293394881742,0.15628156207843374
3,7,R_Elbow,angle_mae,0.8944089132031048,1.0592735193859353,0.8689975791681127,9,-3.5109758260358785,-7.021951652071901,-2.372133305129519,36.789398843643724,-43.778704507602,-0.6902426266712745,0.1592771157150867
3,7,L_Hip,angle_mae,0.9248523974105086,2.1507440071404513,1.9467845171921578,9,-6.832742613098196,-13.665485226196381,8.608793416735345,15.18093463101215,24.48441566272206,1.8041179480441816,0.1646985178112574
3,7,R_Hip,angle_mae,0.9183306752196481,2.239578107995675,1.6040353973197776,9,-11.4619550946201,-22.92391018924043,0.20173519693334452,15.653467013436684,-77.4307223512409,0.6757238986393048,0.16353712386188893
3,7,L_Knee,angle_mae,0.8792131721404925,2.1573969834079434,1.8220262180139524,9,4.642489415396712,9.284978830793202,-10.520741623396518,35.01220785440186,-94.23824874144721,-2.062639088453011,0.15657104495497057
3,7,R_Knee,angle_mae,0.8750687452209666,1.8071996864589663,1.6798143017882754,9,5.651670878371123,11.303341756742231,-3.596837527187649,-1.7580862604412755,-17.439270835939922,-0.2848639715131629,0.15583300181129256
