joint_short,height_bin,azimuth_bin,raw_abs_theta,signed_mean,n_test,bias_signed_theta,abs_bias,n_calib,corr_abs_theta,improvement,r2,n
L_Elbow,0,0,26.09019843342349,-21.84430457720186,71,-20.92510717356112,26.269874004067912,559,47.01530560698461,-80.20294374899999,0.9643271693578198,12
L_Elbow,0,1,42.18244176931557,-42.18244176931557,395,-43.43790011841566,43.43790011841566,427,85.62034188773123,-102.97625812172244,0.4928290159323927,13
L_Elbow,0,2,52.98001216250396,-52.98001216250397,444,-53.762773845070114,53.76277384507011,418,106.74278600757407,-101.47746603033086,0.7404806840588964,12
L_Elbow,0,3,77.70572481834328,-77.70572481834328,85,-68.10791507250987,69.71870131588909,274,145.81363989085315,-87.64851654331683,0.9849540036027556,8
L_Elbow,0,4,65.07541973500105,-58.56189742348429,60,-68.20901765615857,69.79774179560845,310,133.2844373911596,-104.81533263084293,0.8936876531363385,10
L_Elbow,0,5,56.393781431546515,-56.393781431546515,135,-55.97746146115459,56.66356625411574,331,112.3712428927011,-99.26176262732572,0.9181493319698466,8
L_Elbow,0,6,47.22503323392266,-47.22503323392265,99,-45.864822743964794,48.188682840618526,524,93.08985597788745,-97.11972571153046,0.9021903507086492,8
L_Elbow,0,7,27.36158418103856,-27.36158418103856,18,-27.471669576505334,29.46998790890292,431,54.83325375754389,-100.40233560578362,0.6712931196593881,10
L_Elbow,1,0,24.802768431598075,-24.80276843159808,239,-24.26699156070501,25.370378194477233,514,49.069759992303084,-97.83985052970739,0.9479968110333716,14
L_Elbow,1,1,46.33736459404131,-46.33736459404131,56,-41.37462451744666,41.37462451744666,531,87.71198911148798,-89.2899820262268,0.8952782475622392,12
L_Elbow,1,2,51.2033282200098,-51.203328220009794,195,-55.30754376839699,56.36107034238379,589,106.51087198840679,-108.01552494937879,0.625196317169355,12
L_Elbow,1,3,70.04342591311443,-70.04342591311443,77,-72.71917796281012,73.35103897604934,393,142.76260387592455,-103.82013303149225,0.8948365724826497,15
L_Elbow,1,4,70.47045635812121,-70.47045635812121,99,-72.01272331768888,72.30184624724872,453,142.4831796758101,-102.18852983118217,0.7086263439109801,14
L_Elbow,1,5,61.401369760558495,-61.40136976055849,125,-55.25499226399783,55.25499226399783,361,116.65636202455633,-89.98983651255803,0.7168999950290487,10
L_Elbow,1,7,29.420730177243083,-29.42073017724309,52,-29.152241745279426,29.228262881579813,382,58.57297192252251,-99.08741751021758,0.4089780963401842,12
L_Elbow,2,0,28.399619459085716,-18.904924293941445,203,-25.48279496732312,25.85407574222326,556,53.882414426408836,-89.72935360642857,0.9339191526942832,12
L_Elbow,2,1,45.69276080411293,-45.69276080411293,275,-41.3145933585099,41.86151200101526,471,87.00735416262283,-90.41824707337682,0.7900810160730121,12
L_Elbow,2,2,56.032207185290034,-56.03220718529003,144,-52.30441448877908,52.30441448877908,405,108.33662167406911,-93.3470536254556,0.4629637931755588,11
L_Elbow,2,3,70.4324954295818,-70.43249542958182,118,-75.9010509947177,75.9010509947177,371,146.33354642429953,-107.76425076490916,0.9764844092491362,9
L_Elbow,2,4,78.12498163649518,-78.12498163649518,35,-74.28757349588534,74.28757349588534,565,152.41255513238053,-95.08811642546713,0.6473225673987899,10
L_Elbow,2,6,33.28920526916965,-33.28920526916965,19,-44.645868426943025,46.31720575330281,645,77.93507369611268,-134.11515254253067,0.8466665288815738,10
L_Elbow,2,7,23.449766651173846,-23.449766651173846,53,-28.997467811862673,30.17429857906136,493,52.44723446303652,-123.65780966272911,0.9458279732815268,7
L_Elbow,3,0,23.4894102192788,-23.4894102192788,129,-27.13448870503822,27.938416060240044,466,50.62389892431702,-115.51796512441909,0.8477386137965022,8
L_Elbow,3,1,53.59738991956162,-53.59738991956162,43,-46.541920230953195,46.5419202309532,497,100.13931015051482,-86.83616926272492,0.8219582818611226,13
L_Elbow,3,2,47.81647625667066,-47.81647625667065,95,-55.367206303054886,55.368814891262005,499,103.18368255972555,-115.79106332690266,0.7288558818893115,9
L_Elbow,3,4,74.103112543817,-74.103112543817,120,-73.42100941400567,73.90164447069574,306,147.52412195782267,-99.07952162008307,0.9480075725664752,10
L_Elbow,3,5,53.604242861197584,-53.60424286119759,92,-57.23415718635059,59.45983271380057,301,110.83840004754818,-106.77169218591946,0.3654653649039008,7
L_Elbow,3,6,47.81826713955213,-45.71427276660336,171,-44.16342805463527,44.78024412118825,469,91.9816951941874,-92.35681403039841,0.7072308741524616,11
L_Hip,0,0,170.5753045306255,-27.670059564219866,71,-19.547368790331394,172.37451777014013,559,190.1226733209569,-11.459671049171028,0.710084591380999,12
L_Hip,0,1,119.81152922423023,-25.125227948131734,395,5.976113128701651,128.37744819693697,427,113.83541609552857,4.98792826316173,0.836943663456005,13
L_Hip,0,2,60.97378006534796,-4.711087332615881,444,-33.13997234691308,52.013519659691966,418,94.11375241226105,-54.351185561065265,0.7799253792005568,12
L_Hip,0,3,3.8290172564236413,2.578683414844768,85,3.1030208387712466,10.972513073844151,274,0.7259964176523948,81.03961489245191,0.8860976591598353,8
L_Hip,0,4,31.839554279055434,-14.840895699418079,60,-4.757468287168642,11.789538414908412,310,36.59702256622408,-14.942006554087287,0.9181264687509154,11
L_Hip,0,5,26.43847032653731,2.4205858660437523,135,7.900126998736093,42.76824966694139,331,18.538343327801215,29.88118034501578,0.6881924923195645,9
L_Hip,0,6,81.54225972796569,4.190864267745795,99,32.61964361295766,97.35982468584339,524,48.922616115008026,40.00335987962625,0.6363329041674559,10
L_Hip,0,7,165.61108283076678,71.4451847670255,18,-69.46717486236032,166.92767560081737,431,235.0782576931271,-41.94596984390643,0.906375606391132,10
L_Hip,1,0,174.81691570416936,-72.31996753510538,239,-67.73417304044736,174.71247272542857,514,242.55108874461672,-38.74577741382261,0.938313053422652,14
L_Hip,1,1,138.4562873984573,-89.24052577321126,56,-93.88130137044296,126.01850754603034,531,232.33758876890028,-67.80573358887348,0.8043896684391137,12
L_Hip,1,2,73.94150153354707,-62.02926693674071,195,-33.34935964881215,39.429249207627365,589,107.29086118235921,-45.10235653475555,0.8820813248860562,12
L_Hip,1,3,4.543940178792764,-0.7792169138586907,77,-0.9672394321482377,6.4713861433302435,393,5.511179610941001,-21.286359284888608,0.5873756370744809,15
L_Hip,1,4,17.87957139814551,4.850004821090396,99,1.3854087417620302,5.891863484339296,453,16.49416265638348,7.748556779754392,0.7399622986808196,15
L_Hip,1,5,18.866895991613212,11.510609876936487,125,32.27873518169336,37.4384371558387,361,13.411839190080144,28.913377186994467,0.5104676016233418,11
L_Hip,1,7,173.0169440092579,-35.062269225666974,52,5.138899912538393,166.25813882629961,382,167.87804409671952,2.970171471912841,0.4118844374936432,12
L_Hip,2,0,171.55205141409797,-46.30980899126871,203,-66.8234653247596,172.48166338385437,556,238.37551673885758,-38.95229743622181,0.9025387320625972,12
L_Hip,2,1,116.47710689940257,-100.06317080262616,275,-112.2300851049688,119.92503683053738,471,228.70719200437136,-96.35377121952232,0.6466445048879812,12
L_Hip,2,2,50.11618818726109,-49.99005200917863,144,-57.17613713576586,58.58341278070697,405,107.29232532302694,-114.08716265914916,0.9034621464918794,11
L_Hip,2,3,7.569500171642246,-6.366507828667488,118,-1.550630519561154,4.6140201523272895,371,9.1201306912034,-20.48524320496496,0.7538981371879828,9
L_Hip,2,4,2.226606092095821,-0.3522282814160256,35,-0.3149393311364965,4.696139998221324,565,2.541545423232318,-14.14436672272176,0.8595769067849506,11
L_Hip,2,6,102.57066897692582,102.57066897692582,19,74.15395645777161,80.44588440437458,645,28.416712519154203,72.29547900721327,0.5501501152374715,11
L_Hip,2,7,175.90349713064612,-23.546880981845998,53,58.83884177810086,163.01334335065295,493,117.06465535254526,33.44950085580185,0.9989193329421934,7
L_Hip,3,0,174.99946311018832,-108.91236090167368,129,-81.0756028201236,168.20445830182382,466,256.0750659303119,-46.329058032066285,0.9527281281279812,8
L_Hip,3,1,102.25327210157485,-102.25327210157488,43,-99.78755763198309,104.92461699435665,497,202.04082973355793,-97.58862047256305,0.7735026909752585,13
L_Hip,3,2,74.63058355582892,-74.63058355582892,95,-55.22312147557396,55.22312147557396,499,129.85370503140288,-73.99529635764296,0.7872878364489356,9
L_Hip,3,4,3.8675682312979074,0.9052768703213305,120,1.5596307520591175,5.917400292611518,306,2.30793747923879,40.32587555761686,0.9594693109088196,10
L_Hip,3,5,60.24979382461371,53.39238491288097,92,31.824157977556734,35.83771936634711,301,28.425635847056977,52.820359967033916,0.7646835005460522,8
L_Hip,3,6,95.62756581099883,95.62756581099883,171,73.75160370322278,82.43921302093774,469,21.875962107776047,77.12379069544409,0.0437102908350212,12
L_Knee,0,0,8.72144681364527,5.187993221441025,71,2.5269910702525937,10.73253658821314,559,6.194455743392677,28.974447981485728,0.7759943005458626,12
L_Knee,0,1,10.557238221662491,7.536519396640613,395,6.2930746110181905,10.066451350921485,427,4.2641636106443,59.60909926334119,0.7830991417732983,13
L_Knee,0,2,14.812475073856122,13.340783417157342,444,13.895214145391646,15.560747745229259,418,0.9172609284644757,93.80751073746323,0.8446198208389231,12
L_Knee,0,3,27.20475160956516,27.204751609565157,85,22.667382540422185,24.051530064762808,274,4.537369069142976,83.32140967775776,0.8633758158384853,8
L_Knee,0,4,31.154794078260796,31.154794078260803,60,31.19233669285968,34.28727714655335,310,0.03754261459888397,99.87949650861252,0.9352747385775972,11
L_Knee,0,5,32.53046591634542,32.25778873289568,135,30.627451079609862,31.749450054191488,331,1.903014836735558,94.15005354786707,0.889061044372247,9
L_Knee,0,6,30.792763677738108,30.636225334693272,99,25.412100926680342,28.448053211281977,524,5.380662751057766,82.52621035458483,0.1143418495180531,10
L_Knee,0,7,32.18119129437658,32.18119129437658,18,18.870799783428176,21.179051766495114,431,13.310391510948406,58.63922068890503,0.7080386356231659,10
L_Knee,1,0,7.806085285569093,3.938195697527485,239,5.427941816109524,8.534738667003701,514,2.3781434694595696,69.53474907767173,0.934523572624962,14
L_Knee,1,1,8.845345064442988,1.437930395377738,56,5.638297430428196,10.159386988653766,531,3.207047634014792,63.743103172914516,0.4876238768251415,12
L_Knee,1,2,11.931675283215053,10.251163968811332,195,15.12598880597699,15.844260151473085,589,3.194313522761936,73.22828985083466,0.5585731238549492,12
L_Knee,1,3,22.865092079793122,22.865092079793122,77,23.887033424910545,24.69770414291666,393,1.0219413451174226,95.5305609898656,0.1919666545365607,15
L_Knee,1,4,29.782573357327248,29.78257335732725,99,32.2342821816773,32.2342821816773,453,2.451708824350053,91.76797520168998,0.5330128477361615,15
L_Knee,1,5,30.921478631882927,30.602832018973274,125,30.428331068123423,31.05681342523267,361,0.4931475637595035,98.405161765935,0.7522255879496176,11
L_Knee,1,7,21.66320262172082,21.58181762499017,52,21.312433734816548,21.393203280574944,382,0.3507688869042731,98.38080780100088,0.3975030651456999,12
L_Knee,2,0,10.040369899868498,5.727918841366241,203,1.84168935969398,8.541813719635796,556,8.198680540174518,18.34284372050975,0.9284484601587428,12
L_Knee,2,1,11.165296431264366,4.842720929362424,275,6.113016562041752,11.168997679130321,471,5.052279869222614,54.750150161033474,0.4579662098991318,12
L_Knee,2,2,13.62356713910353,13.127936764095729,144,12.686827438495612,13.562094849582069,405,0.9367397006079177,93.12412313865136,0.8599630332113394,11
L_Knee,2,3,23.55838130028397,23.55838130028397,118,26.323620489844227,26.32362048984422,371,2.7652391895602584,88.26218510383424,0.7389309910336777,9
L_Knee,2,4,31.410781372211957,31.410781372211957,35,30.941855743065613,30.97038098672162,565,0.4689256291463444,98.50711886600443,0.6850443579024623,11
L_Knee,2,6,41.019191304892594,41.01919130489259,19,29.63741586759125,31.284723495504046,645,11.381775437301343,72.25256014263798,0.7275589679575338,11
L_Knee,2,7,16.26499666379523,16.26499666379523,53,22.938354648746156,24.33580095036988,493,6.6733579849509255,58.97104608815958,0.978114670288908,7
L_Knee,3,0,12.130444882195995,-0.6957474312852315,129,-2.9840897641494664,12.580593985544992,466,15.114534646345462,-24.60000266378731,0.8247843992941897,8
L_Knee,3,1,11.980091649424473,2.699471498750615,43,5.782803683438672,13.06881719578718,497,6.197287965985801,48.27011222169139,0.6221792506015864,13
L_Knee,3,2,13.690407454170602,12.915657314230835,95,14.926955926832376,15.331182232880842,499,1.2365484726617737,90.96777450341645,0.8654123270560188,9
L_Knee,3,4,32.12562650696287,32.12562650696287,120,31.08867165236335,31.244975816199126,306,1.036954854599518,96.77218791554223,0.4244366593807094,10
L_Knee,3,5,31.893144329125285,30.27044972663504,92,28.849497648151637,30.611480619090667,301,3.043646680973648,90.45673687873371,0.8567770569199007,8
L_Knee,3,6,30.08702098753628,28.885971706359886,171,33.284506536604475,34.865451396769195,469,3.197485549068194,89.37254189973554,0.9111128766946242,12
L_Shoulder,0,0,8.373257018260876,2.7402877494618068,71,7.667641197807019,9.521139934725575,559,0.7056158204538567,91.57298266475028,0.9134229514108356,12
L_Shoulder,0,1,5.313824045590104,-1.0303500942829782,395,-1.7582909707468053,4.835968563575027,427,7.072115016336909,-33.08899496222491,0.9737584003675276,13
L_Shoulder,0,2,7.925660166638575,-5.573008878070688,444,-5.259278458821179,6.207727534460362,418,13.184938625459754,-66.35760741999793,0.8930272945387441,12
L_Shoulder,0,3,14.604308925324382,-14.604308925324382,85,-10.501294897462728,12.950965734781615,274,25.10560382278711,-71.90545578814151,0.9381628913424648,8
L_Shoulder,0,4,14.434349458256891,-6.662586430017721,60,-11.836753576490574,14.585715268185591,310,26.271103034747465,-82.0040668318418,0.9278357314411202,10
L_Shoulder,0,5,8.905858478473846,-8.905858478473847,135,-7.300157342717456,8.257695598501217,331,16.2060158211913,-81.97028237493898,0.76681882929071,8
L_Shoulder,0,6,4.214978839529716,-4.158860241293213,99,-2.214550784031087,5.648962945121793,524,6.4295296235608035,-52.54002139375329,0.7671374196526093,8
L_Shoulder,0,7,2.1946569218195995,1.803456091928557,18,3.7718870219746052,6.781097509894059,431,1.5772301001550058,28.133181798305063,0.7498467755286122,10
L_Shoulder,1,0,5.958785333517921,5.454021007788335,239,5.594885364469261,6.876268126711211,514,0.36389996904865995,93.89305120622927,0.7678368046238806,14
L_Shoulder,1,1,4.976519598193901,-3.114277226504542,56,-1.0156232128294378,6.067795519381516,531,5.992142811023339,-20.408303288869423,0.9705362665277828,12
L_Shoulder,1,2,7.639662082669356,-4.481343211976338,195,-6.6118765321964545,8.866270073123953,589,14.251538614865812,-86.54671450973673,0.9241021245225066,12
L_Shoulder,1,3,10.706846711917372,-10.706846711917372,77,-12.009308397819245,12.971301559323363,393,22.71615510973662,-112.1647551416997,0.9252510662233232,15
L_Shoulder,1,4,13.94324798215059,-13.44528251110126,99,-14.101089216668022,14.570753823040278,453,28.04433719881861,-101.13202630204592,0.969268585357391,14
L_Shoulder,1,5,9.72020141367248,-9.720201413672479,125,-7.6366661638288775,7.6366661638288775,361,17.356867577501358,-78.56489633113061,0.5658367511585712,10
L_Shoulder,1,7,5.608222713833196,5.608222713833196,52,4.834205981298469,4.9782323709321785,382,0.7740167325347267,86.19853789640801,0.6861446387519421,12
L_Shoulder,2,0,12.679123414469451,5.2921843729171965,203,5.286795726216956,6.421313015337049,556,7.392327688252496,41.696855164164184,0.699853677076598,12
L_Shoulder,2,1,6.003312715283256,-3.1272104164377406,275,-0.8082716193905365,7.958230999643666,471,6.8115843346737925,-13.463760055891068,0.9693924412830612,12
L_Shoulder,2,2,8.584565607326558,-5.948482041996103,144,-4.326533067641497,7.724321328129753,405,12.911098674968056,-50.3989749224933,0.9799491999188232,11
L_Shoulder,2,3,10.729032565132483,-10.466860534612461,118,-13.316648401616787,13.316648401616785,371,24.04568096674927,-124.117885939629,0.9314496659218808,9
L_Shoulder,2,4,16.264112603536063,-16.264112603536063,35,-15.548890581714872,15.548890581714872,565,31.813003185250935,-95.60245284045997,0.9348340405478176,10
L_Shoulder,2,6,1.9349208156138682,1.9335747218129011,19,-2.264516143884942,3.983420509500119,645,4.199436959498811,-117.03404736831608,0.82454050347644,10
L_Shoulder,2,7,7.404280368466711,7.404280368466712,53,4.956987167603478,6.823089722730167,493,2.4472932008632338,66.94758870442364,0.9813458236976524,7
L_Shoulder,3,0,7.205575925317615,6.699840930460305,129,3.876144209245909,6.520721244239034,466,3.329431716071706,53.79367658352795,0.9092712257953858,8
L_Shoulder,3,1,7.330342067012201,-7.330342067012201,43,-3.972800099558784,8.605538923608114,497,11.303142166570986,-54.19665362462508,0.891545074632269,13
L_Shoulder,3,2,11.515043403003173,-3.2832021324793925,95,-5.979266376255721,8.812954428510764,499,17.49430977925889,-51.92569551840596,0.9391494414003754,9
L_Shoulder,3,4,16.452042489171347,-16.452042489171347,120,-15.609520786744774,16.124576316143514,306,32.06156327591612,-94.87892337391472,0.7168655493152086,10
L_Shoulder,3,5,7.54671820461474,-7.431016657815739,92,-10.230445619851773,10.244881154027386,301,17.777163824466513,-135.5615161779323,0.7982298636923784,7
L_Shoulder,3,6,5.571563561533666,-3.3375666666913317,171,-2.000003300034268,3.5835851094377733,469,7.571566861567934,-35.896625389726935,0.966500937234552,11
R_Elbow,0,0,26.272121212927356,22.87510983928939,71,21.05833832838892,26.37667816531432,559,5.2137828845384355,80.15469385862546,0.93461448669643,11
R_Elbow,0,1,43.14047039680898,43.14047039680898,395,43.91781213071244,43.91781213071245,427,0.7773417339034623,98.19811484030328,0.881249312175527,11
R_Elbow,0,2,56.07360969443135,56.07360969443135,444,58.06817646416392,58.06817646416392,418,1.9945667697325717,96.442949222278,0.8207807671117024,12
R_Elbow,0,3,78.80373304845149,78.80373304845149,85,68.7334314918383,71.0392526001538,274,10.070301556613188,87.22103488368808,0.7152016743256993,8
R_Elbow,0,4,78.38848723597779,73.27680202225591,60,73.44925322114109,75.1492960792502,310,4.9392340148367,93.69903133866097,0.9164066614650226,11
R_Elbow,0,5,56.33465063288461,56.3346506328846,135,58.94374741847383,59.812518183431116,331,2.609096785589223,95.36857554581833,0.9140982358958896,9
R_Elbow,0,6,49.77614969639004,49.77614969639006,99,46.92476612147076,49.578848746827816,524,2.851383574919282,94.2715867090739,0.5634297268346392,11
R_Elbow,0,7,29.83410308536871,29.83410308536871,18,27.085414248659532,28.80951204293452,431,2.748688836709178,90.786755583555,0.6357280000873096,10
R_Elbow,1,0,25.129941166352715,25.129941166352715,239,25.753058669645377,26.102886616980467,514,0.6231175032926615,97.52041797802944,0.4159949126463953,13
R_Elbow,1,1,43.951865096828946,43.951865096828946,56,41.6306867919765,41.6306867919765,531,2.3211783048524453,94.71881727945166,0.9114590097593008,10
R_Elbow,1,2,53.81098991864982,53.81098991864982,195,58.366184451122216,59.071152908414724,589,4.555194532472399,91.53482487618452,0.7900986362631671,12
R_Elbow,1,3,72.20957938808564,72.20957938808564,77,74.0556966308432,74.65803892764468,393,1.8461172427575576,97.44339011748605,0.5496451662781086,15
R_Elbow,1,4,74.88335151310422,74.88335151310422,99,76.69489766737429,77.45037084704694,453,1.8115461542700757,97.58084258027225,0.8620300409074687,15
R_Elbow,1,5,65.19004529368176,65.19004529368175,125,58.39671483793296,59.103334165540765,361,6.7933304557488015,89.57919046513193,0.4510468355232447,11
R_Elbow,1,7,28.968952499953616,28.96895249995362,52,31.129461665985943,31.129461665985943,382,2.160509166032327,92.54198381513523,0.1092378882149116,12
R_Elbow,2,0,28.74744317843543,20.101370620812975,203,25.952806739382627,26.524743250536723,556,2.794636439052802,90.27866088226877,0.5845040150306555,11
R_Elbow,2,1,43.540743688398244,43.540743688398244,275,42.137947023656345,42.748809730038865,471,1.4027966647418992,96.77819773869484,0.9364058949475452,11
R_Elbow,2,2,58.80189418278322,58.80189418278322,144,56.727694330870136,56.72769433087014,405,2.074199851913086,96.47256286427522,0.7793513008397623,10
R_Elbow,2,3,70.58484125580912,70.58484125580911,118,76.19460528090815,76.19460528090816,371,5.609764025099025,92.05245216211726,0.368921818836097,9
R_Elbow,2,4,81.15791750743503,81.15791750743503,35,77.59204746304738,77.59204746304738,565,3.565870044387651,95.60625733889614,0.8359069374131047,11
R_Elbow,2,6,47.20973102947519,47.2097310294752,19,51.79256503597707,53.433604244962844,645,4.5828340065018764,90.2926072515842,0.2063128621452128,11
R_Elbow,2,7,24.253489832295767,24.25348983229577,53,31.46823933763543,32.62544914047036,493,7.214749505339665,70.25273659491033,0.795306739085242,7
R_Elbow,3,0,25.70740375201793,25.70740375201793,129,27.36990487887195,27.883609522604324,466,1.6625011268540177,93.53298706127211,0.7345842823933806,7
R_Elbow,3,1,44.21766890334473,44.21766890334473,43,43.21179306564588,43.71031497614249,497,1.0058758376988521,97.72517217065968,0.3445733381321707,12
R_Elbow,3,2,49.835904418627024,49.835904418627024,95,57.30054701763591,57.30054701763591,499,7.464642599008883,85.02155687533013,0.8191713129779986,9
R_Elbow,3,4,79.59242364159496,79.59242364159496,120,76.73228819524182,76.73228819524182,306,2.8601354463531408,96.40652298862975,0.7968157547154531,10
R_Elbow,3,5,57.840314851820544,57.553946940243215,92,61.169916314730195,62.210517014977654,301,3.3296014629096504,94.24345895861794,0.3548128211484829,8
R_Elbow,3,6,52.38813667847822,50.179554891004095,171,52.28146084668689,52.75418722563885,469,0.10667583179132833,99.79637406757558,0.8803394065459249,12
R_Hip,0,0,9.424695469374578,0.2172643794422054,71,2.0268709234433198,7.625482229859887,559,7.397824545931258,21.505956664908798,0.7170272465781555,12
R_Hip,0,1,60.18847077576979,14.520341672121479,395,14.828572145095267,51.62255180306311,427,45.35989863067452,24.636897987221896,0.593565869972956,13
R_Hip,0,2,119.02621993465223,10.694318072789413,444,42.64950133729758,127.98648034030826,418,76.37671859735465,35.832022020621174,0.7733305259083234,12
R_Hip,0,3,176.1709827435764,-75.77425776162595,85,-57.33493536560844,169.0274869261559,274,233.50591810918482,-32.54505053710328,0.906615912767106,8
R_Hip,0,4,148.16044572094455,33.15910430058191,60,68.4038220354119,168.21046158509154,310,79.75662368553265,46.16874747005575,0.9601299105559112,11
R_Hip,0,5,153.56152967346264,49.0872525327102,135,13.882000110518367,137.23175033305856,331,139.67952956294428,9.040024633798204,0.8988611374699619,9
R_Hip,0,6,98.45774027203466,-8.536408459527454,99,-4.47959302826371,82.64017531415665,524,102.93733330029836,-4.549762178054033,0.8252708410659428,11
R_Hip,0,7,14.388917169233041,-8.554815232974255,18,-1.3929289226850092,13.072324399182772,431,15.78184609191805,-9.680568080991009,0.9476737622371558,10
R_Hip,1,0,5.1830842958307075,2.2407019209616945,239,3.0051265704476933,5.287527274571509,514,2.1779577253830142,57.979504073762186,0.8723805183214736,14
R_Hip,1,1,41.54371260154284,39.3309027982175,56,48.83056303633694,53.98149245396978,531,7.286850434794097,82.45979962194453,0.155651482395968,12
R_Hip,1,2,106.05849846645305,97.66304075556702,195,112.42313610670564,140.57075079237265,589,6.364637640252596,93.99893668844862,0.4019113033326351,12
R_Hip,1,3,175.45605982120722,1.5584454238034955,77,16.89535598769897,173.52861385666978,393,158.56070383350826,9.629394393625176,0.812814009235274,15
R_Hip,1,4,162.1204286018545,43.03182300290849,99,20.855607417258607,174.10813651566068,453,141.26482118459592,12.864268616311831,0.7808489959714559,15
R_Hip,1,5,161.1331040083868,-44.64939012306375,125,-90.87915955514896,142.5615628441614,361,252.01226356353575,-56.400055168315255,0.5906286934622813,11
R_Hip,1,7,6.9830559907420735,-0.44688461028224286,52,-8.05481736494838,13.74186117370039,382,15.037873355690454,-115.34802779223332,0.8534267624527647,12
R_Hip,2,0,8.447948585902033,0.6852649003570163,203,5.04703827236282,7.518336616145677,556,3.400910313539213,59.74276738361471,0.9604093134131556,12
R_Hip,2,1,63.52289310059751,62.91864737919213,275,59.36227158292942,60.074963169462734,471,4.1606215176680905,93.45020147133545,0.3825521252474722,12
R_Hip,2,2,129.88381181273894,127.5099479908214,144,111.26830730867864,121.41658721929312,405,18.615504504060297,85.66757146695129,0.92641783991287,11
R_Hip,2,3,172.43049982835768,91.26061081540017,118,54.24451772841715,175.3859798476727,371,118.18598209994053,31.45877195879715,0.8938208291610986,9
R_Hip,2,4,177.77339390790422,-15.780799709987566,35,1.2779810228456927,175.3038600017787,565,176.49541288505853,0.7188820524559225,0.962346333351454,11
R_Hip,2,6,77.429331023074,-77.429331023074,19,-92.45069470501926,99.5541155956256,645,169.88002572809324,-119.4000948780881,0.9612585490614644,11
R_Hip,2,7,4.096502869353852,0.2267039238145393,53,-13.088135909525837,16.98665664934704,493,17.184638778879687,-200.0,0.9550751348262392,7
R_Hip,3,0,5.000536889811748,4.110894912279889,129,7.765598896614697,11.795541698176255,466,2.765062006802949,44.70469736086592,0.9920087894133348,7
R_Hip,3,1,77.74672789842516,77.74672789842516,43,74.41767375634701,75.07538300564346,497,3.3290541420781494,95.71807813387657,0.0761302565115223,13
R_Hip,3,2,105.36941644417128,105.36941644417125,95,124.77687852442604,124.77687852442602,499,19.40746208025476,81.58150368941489,0.8685530404104489,9
R_Hip,3,4,176.13243176870213,-29.09472312967879,120,-38.44036924794101,174.0825997073885,306,214.57280101664315,-21.824696827226617,0.8901608623063593,10
R_Hip,3,5,119.75020617538648,-118.78152813059747,92,-111.0994300623106,144.1622806336531,301,230.8496362376971,-92.7759822806435,0.9031991819190068,8
R_Hip,3,6,84.37243418900125,-84.37243418900125,171,-89.36140269336589,97.56078697906243,469,173.73383688236714,-105.9130313737173,0.7117849318199393,12
R_Knee,0,0,16.902127521603717,-12.170578745913414,71,-10.930692640502786,17.104753486075108,559,27.8328201621065,-64.67051338082469,0.915755571429884,12
R_Knee,0,1,25.406909280035027,-25.280204923687812,395,-24.849515822212883,24.959236423741945,427,50.25642510224791,-97.80613434055063,0.834274222448022,13
R_Knee,0,2,31.365537103471866,-31.287303749168206,444,-29.79951625651842,29.92577779869491,418,61.16505335999028,-95.00719263379008,0.5540544693797184,12
R_Knee,0,3,31.257036063256713,-31.25703606325672,85,-31.745475826705903,32.99421246415329,274,63.00251188996262,-101.56265540488454,0.5810803044301863,8
R_Knee,0,4,25.894619846561948,-21.783688071910106,60,-25.197763736597846,27.3261626867284,310,51.092383583159794,-97.30887684741731,0.9041751676334556,11
R_Knee,0,5,19.386438460259352,-16.57537814810293,135,-14.635965703775915,18.01683558593945,331,34.022404164035265,-75.49589747378546,0.7423253950817568,9
R_Knee,0,6,15.344823392928902,-10.55588514235859,99,-7.9701804370632985,15.180528065627085,524,23.3150038299922,-51.94051591845666,0.6690371270933146,11
R_Knee,0,7,11.608003263411044,-10.678801025322693,18,-3.305896599403494,9.413441076829374,431,14.913899862814539,-28.479459596844116,0.9336496093331196,10
R_Knee,1,0,16.271030123522802,-16.271030123522802,239,-13.398066873311212,13.518041878432365,514,29.669096996834014,-82.34307706149356,0.7192676451007491,14
R_Knee,1,1,23.832842280186078,-23.832842280186078,56,-26.38333945953076,26.491202458224002,531,50.21618173971684,-110.70160725842209,0.9311932027398292,12
R_Knee,1,2,29.86533253134064,-29.61560602983477,195,-31.495815434320615,31.703771525757816,589,61.36114796566126,-105.45945002041732,0.6109750863607881,12
R_Knee,1,3,30.31583794787846,-30.31583794787846,77,-29.966161057744582,30.770604568219984,393,60.28199900562304,-98.84655376923747,0.8464828306585036,15
R_Knee,1,4,26.843456422264143,-26.843456422264136,99,-26.658559185869557,26.92263378602756,453,53.5020156081337,-99.31120183077009,0.7412880671856557,15
R_Knee,1,5,18.959551114340332,-18.303600426252043,125,-16.656174568405675,17.948159650729078,361,35.615725682746,-87.8511018955904,0.378390953791801,11
R_Knee,1,7,9.012407487406211,-1.3338152707218767,52,-4.14207169372709,8.267608855747534,382,13.1544791811333,-45.95965838778542,0.7656579878056314,12
R_Knee,2,0,12.487706132326384,-12.065283193940346,203,-15.923436944477226,15.984293941960832,556,28.41114307680361,-127.51290569896514,0.8239766985610523,12
R_Knee,2,1,29.343580966086126,-29.208031143575706,275,-28.185709839561838,29.329188393219177,471,57.52929080564796,-96.05409057653017,0.9276464617211144,12
R_Knee,2,2,29.954047055230085,-29.243469518043128,144,-28.62642416470205,29.245608165925624,405,58.580471219932136,-95.56780127880508,0.686274023969135,11
R_Knee,2,3,30.955443313093305,-30.777869418313912,118,-29.34914419655196,29.349144196551965,371,60.304587509645266,-94.81093163391421,0.964552591807523,9
R_Knee,2,4,32.04462511064885,-32.044625110648845,35,-28.779434860593486,28.788468349659738,565,60.824059971242335,-89.8104900937964,0.4335457254655448,11
R_Knee,2,6,14.25085828524686,-13.57888939055612,19,-10.10106589817456,15.848330226799431,645,24.35192418342142,-70.88040380439153,0.7829686278137511,11
R_Knee,2,7,5.838136404174681,-3.824467857012844,53,-1.8255137700225132,10.389027753243282,493,7.663650174197194,-31.268775575663867,0.9681842028272044,7
R_Knee,3,0,11.212094035110804,-7.988418499951568,129,-12.090293923925268,19.274162102542554,466,23.30238795903607,-107.8326125883744,0.6220424012790481,7
R_Knee,3,1,33.62779844347588,-33.62779844347589,43,-30.120880125878116,31.33618280842859,497,63.748678569354,-89.5713710682177,0.8311541601738355,13
R_Knee,3,2,36.41120072690138,-35.28528837823991,95,-30.59630753947074,31.647018465058956,499,67.00750826637211,-84.02993290156874,0.7419592660620072,9
R_Knee,3,4,31.243254204476614,-31.243254204476614,120,-29.43266486597154,30.02725972568079,306,60.67591907044815,-94.20486314692005,0.783295727627357,10
R_Knee,3,5,16.746970564657687,-13.981463675234144,92,-19.759020977266452,20.683911407105924,301,36.50599154192414,-117.98564343909047,0.7675882102993703,8
R_Knee,3,6,14.399725139596455,-7.972274016699537,171,-10.907357174002124,16.09891456791015,469,25.307082313598578,-75.74698175320724,0.9477410158553068,12
R_Shoulder,0,0,8.216831757886936,-7.695028188292063,71,-8.359325937358104,9.317441767047493,559,16.57615769524504,-101.7341742373439,0.6723999195356261,11
R_Shoulder,0,1,2.8716012877797,1.4524946764238051,395,1.3272569615045942,2.8869448527747137,427,1.544344326275106,46.22009911866348,0.6046061148334524,11
R_Shoulder,0,2,5.862233015917861,5.504628371070421,444,6.569712545273956,6.631623806602914,418,0.7074795293560951,87.93156929390116,0.1860683764832514,12
R_Shoulder,0,3,13.982796978136053,13.98279697813605,85,9.57862701107011,12.490852110071705,274,4.404169967065943,68.50293990571097,0.8685302450694897,8
R_Shoulder,0,4,16.254130609463637,16.10143837473605,60,10.430015856683763,12.827939873711365,310,5.824114752779874,64.16840191139536,0.3985619460807322,11
R_Shoulder,0,5,5.816964106960593,4.719169437443327,135,6.85570419064311,7.763782649017738,331,1.0387400836825176,82.14291742939312,0.8941722410229245,9
R_Shoulder,0,6,4.921839051309914,3.902224655829817,99,4.6341017379719,7.516072036191399,524,0.2877373133380141,94.15386585505199,0.6489072431229551,11
R_Shoulder,0,7,3.1369365366381445,-2.762360109738426,18,-4.793719797789286,6.2617724490284665,431,7.930656334427431,-152.81532609284844,0.9093580498678488,10
R_Shoulder,1,0,5.7398850467490075,-5.720751218089121,239,-5.3643160682414495,6.027678508524109,514,11.104201114990456,-93.45685539956456,0.791848979668456,13
R_Shoulder,1,1,2.7438401696496983,0.32417634954568986,56,0.6880610814641522,2.3864670802606183,531,2.055779088185546,25.076572938721707,0.4616866432828692,10
R_Shoulder,1,2,5.150237140810505,5.150237140810505,195,6.525921819261544,7.525001419970596,589,1.375684678451039,73.28890610589352,0.3517046164539846,12
R_Shoulder,1,3,12.371857934792017,12.371857934792018,77,12.214399675126911,13.124944607325075,393,0.15745825966510552,98.72728687562517,0.8484173868130953,15
R_Shoulder,1,4,12.105413631833425,10.81093928436617,99,12.214941537861407,12.371903068017284,453,0.10952790602798146,99.09521550143518,0.5357306943791373,15
R_Shoulder,1,5,8.021809236225167,7.611494181250686,125,6.483549109855474,7.720908138727593,361,1.5382601263696927,80.82402509120806,0.9319195239699756,11
R_Shoulder,1,7,3.2211600570228778,-2.3569764806318294,52,-1.9539202112096148,4.514472425753146,382,5.175080268232493,-60.658898552700435,0.7667686964022448,12
R_Shoulder,2,0,11.321411328885423,-6.067640535935958,203,-5.979802813095568,6.554327693680645,556,17.301214141980992,-52.81852800311842,0.7583888511719223,11
R_Shoulder,2,1,2.7921671833904766,-0.04528015979179421,275,0.9631028460531418,2.88361712075956,471,1.8290643373373348,34.49302218657495,0.6960699475506396,11
R_Shoulder,2,2,6.914854869352571,6.914854869352571,144,6.6356757625318705,6.6715970659760675,405,0.2791791068207008,95.96261798554796,0.578572515278539,10
R_Shoulder,2,3,12.64542921822272,12.64542921822272,118,14.055059525731101,14.055059525731103,371,1.4096303075083814,88.85264957652026,0.9615520900944632,9
R_Shoulder,2,4,14.475256979697146,14.475256979697145,35,12.224646813929507,12.34700497839588,565,2.2506101657676396,84.45201927037064,0.8950231364388826,11
R_Shoulder,2,6,5.289535520323811,5.289535520323811,19,5.1998414686475325,9.616268666193127,645,0.08969405167627809,98.30431138364324,0.6322236496799727,11
R_Shoulder,2,7,5.200724500280883,-5.200724500280883,53,-1.8237828275592762,5.38200238359233,493,7.024507327840158,-35.06786078479597,0.9715821835286496,7
R_Shoulder,3,0,6.024333096329447,-6.024333096329447,129,-6.682926910801916,6.910639900103568,466,12.707260007131364,-110.93222774938761,0.8600470080403598,7
R_Shoulder,3,1,2.30405851747917,-0.8146749942008559,43,0.14377066735801433,3.5590035877265573,497,2.160287850121156,6.2398878443118315,0.8189278823219464,12
R_Shoulder,3,2,6.096879939533704,5.1469032014943945,95,7.095760451726111,7.168327853859763,499,0.9988805121924074,83.61652973161871,0.6571842764893775,9
R_Shoulder,3,4,12.351441960746218,12.351441960746218,120,11.794123612176854,12.250724522483669,306,0.557318348569364,95.48782765331723,0.9415713811278636,10
R_Shoulder,3,5,9.722558612151117,4.748928169288321,92,7.016617162281557,9.780400898497769,301,2.7059414498695595,72.16842234833419,0.6214331823786001,8
R_Shoulder,3,6,12.824242534547416,3.2615824259045585,171,5.552388463818862,8.83984377304366,469,7.271854070728554,43.296034435259635,0.973713707795858,12
