folder_name,camera_x,camera_y,camera_z,height_label,azimuth_bin,azimuth_label,D_norm,n_frames,window,k_sigma
CapturedFrames_-1.0_0.5_-3.0,-1.0,0.5,-3.0,Y=0.5,4,S,4.0908080692133435,67,7,3.0
CapturedFrames_-1.0_0.5_-4.0,-1.0,0.5,-4.0,Y=0.5,4,S,3.456779231156367,57,7,3.0
CapturedFrames_-1.0_0.5_-5.0,-1.0,0.5,-5.0,Y=0.5,4,S,2.927349528584689,50,7,3.0
CapturedFrames_-1.0_0.5_-6.0,-1.0,0.5,-6.0,Y=0.5,4,S,1.5063003754689837,28,7,3.0
CapturedFrames_-1.0_0.5_3.0,-1.0,0.5,3.0,Y=0.5,0,N,3.7206010698223206,51,7,3.0
CapturedFrames_-1.0_0.5_4.0,-1.0,0.5,4.0,Y=0.5,0,N,3.2657573347171707,52,7,3.0
CapturedFrames_-1.0_0.5_5.0,-1.0,0.5,5.0,Y=0.5,0,N,2.353782916739987,39,7,3.0
CapturedFrames_-1.0_0.5_6.0,-1.0,0.5,6.0,Y=0.5,0,N,0.7333564071336663,14,7,3.0
CapturedFrames_-2.0_0.5_-3.0,-2.0,0.5,-3.0,Y=0.5,5,SW,3.6707111783823305,65,7,3.0
CapturedFrames_-2.0_0.5_-4.0,-2.0,0.5,-4.0,Y=0.5,5,SW,2.94474019637964,51,7,3.0
CapturedFrames_-2.0_0.5_-5.0,-2.0,0.5,-5.0,Y=0.5,4,S,2.533146805984012,46,7,3.0
CapturedFrames_-2.0_0.5_-6.0,-2.0,0.5,-6.0,Y=0.5,4,S,1.6213093945092651,26,7,3.0
CapturedFrames_-2.0_0.5_3.0,-2.0,0.5,3.0,Y=0.5,7,NW,3.6737492134500687,63,7,3.0
CapturedFrames_-2.0_0.5_4.0,-2.0,0.5,4.0,Y=0.5,7,NW,2.9880483776262725,49,7,3.0
CapturedFrames_-2.0_0.5_5.0,-2.0,0.5,5.0,Y=0.5,0,N,1.7795283764059509,29,7,3.0
CapturedFrames_-2.0_0.5_6.0,-2.0,0.5,6.0,Y=0.5,0,N,0.8463147045792129,14,7,3.0
CapturedFrames_-3.0_0.5_-1.0,-3.0,0.5,-1.0,Y=0.5,6,W,4.647307174782618,82,7,3.0
CapturedFrames_-3.0_0.5_-2.0,-3.0,0.5,-2.0,Y=0.5,5,SW,4.878065915834062,86,7,3.0
CapturedFrames_-3.0_0.5_-3.0,-3.0,0.5,-3.0,Y=0.5,5,SW,3.908553001577055,67,7,3.0
CapturedFrames_-3.0_0.5_-4.0,-3.0,0.5,-4.0,Y=0.5,5,SW,3.2250222890959996,54,7,3.0
CapturedFrames_-3.0_0.5_-5.0,-3.0,0.5,-5.0,Y=0.5,5,SW,2.4766462037802253,40,7,3.0
CapturedFrames_-3.0_0.5_-6.0,-3.0,0.5,-6.0,Y=0.5,5,SW,1.2643770079584653,23,7,3.0
CapturedFrames_-3.0_0.5_0.0,-3.0,0.5,0.0,Y=0.5,6,W,4.456047875350645,79,7,3.0
CapturedFrames_-3.0_0.5_1.0,-3.0,0.5,1.0,Y=0.5,6,W,5.231644755395859,93,7,3.0
CapturedFrames_-3.0_0.5_2.0,-3.0,0.5,2.0,Y=0.5,7,NW,4.583371965136039,76,7,3.0
CapturedFrames_-3.0_0.5_3.0,-3.0,0.5,3.0,Y=0.5,7,NW,3.4974754701873176,59,7,3.0
CapturedFrames_-3.0_0.5_4.0,-3.0,0.5,4.0,Y=0.5,7,NW,2.152981052351599,38,7,3.0
CapturedFrames_-3.0_0.5_5.0,-3.0,0.5,5.0,Y=0.5,7,NW,1.542159164718091,25,7,3.0
CapturedFrames_-3.0_0.5_6.0,-3.0,0.5,6.0,Y=0.5,7,NW,0.37926457630920407,7,7,3.0
CapturedFrames_-4.0_0.5_-1.0,-4.0,0.5,-1.0,Y=0.5,6,W,5.655847289679594,99,7,3.0
CapturedFrames_-4.0_0.5_-2.0,-4.0,0.5,-2.0,Y=0.5,5,SW,5.655880906912821,86,7,3.0
CapturedFrames_-4.0_0.5_-3.0,-4.0,0.5,-3.0,Y=0.5,5,SW,4.424798244626641,68,7,3.0
CapturedFrames_-4.0_0.5_-4.0,-4.0,0.5,-4.0,Y=0.5,5,SW,2.647445196998419,47,7,3.0
CapturedFrames_-4.0_0.5_-5.0,-4.0,0.5,-5.0,Y=0.5,5,SW,2.095955833878663,28,7,3.0
CapturedFrames_-4.0_0.5_-6.0,-4.0,0.5,-6.0,Y=0.5,5,SW,0.8132446499602689,14,7,3.0
CapturedFrames_-4.0_0.5_0.0,-4.0,0.5,0.0,Y=0.5,6,W,5.914810825817087,105,7,3.0
CapturedFrames_-4.0_0.5_1.0,-4.0,0.5,1.0,Y=0.5,6,W,5.912875528072361,104,7,3.0
CapturedFrames_-4.0_0.5_2.0,-4.0,0.5,2.0,Y=0.5,7,NW,3.9322262706708524,68,7,3.0
CapturedFrames_-4.0_0.5_3.0,-4.0,0.5,3.0,Y=0.5,7,NW,3.044366782934507,49,7,3.0
CapturedFrames_-4.0_0.5_4.0,-4.0,0.5,4.0,Y=0.5,7,NW,2.3339123468221765,41,7,3.0
CapturedFrames_-4.0_0.5_5.0,-4.0,0.5,5.0,Y=0.5,7,NW,1.2093347935766177,17,7,3.0
CapturedFrames_-4.0_0.5_6.0,-4.0,0.5,6.0,Y=0.5,7,NW,0.3226648421179476,3,7,3.0
CapturedFrames_-5.0_0.5_-1.0,-5.0,0.5,-1.0,Y=0.5,6,W,5.9126786018596516,89,7,3.0
CapturedFrames_-5.0_0.5_-2.0,-5.0,0.5,-2.0,Y=0.5,6,W,4.426331078636572,64,7,3.0
CapturedFrames_-5.0_0.5_-3.0,-5.0,0.5,-3.0,Y=0.5,5,SW,4.067146447466454,42,7,3.0
CapturedFrames_-5.0_0.5_-4.0,-5.0,0.5,-4.0,Y=0.5,5,SW,2.352316671948741,36,7,3.0
CapturedFrames_-5.0_0.5_-5.0,-5.0,0.5,-5.0,Y=0.5,5,SW,0.6987590184834828,11,7,3.0
CapturedFrames_-5.0_0.5_0.0,-5.0,0.5,0.0,Y=0.5,6,W,5.911048613841542,94,7,3.0
CapturedFrames_-5.0_0.5_1.0,-5.0,0.5,1.0,Y=0.5,6,W,5.53500805513786,63,7,3.0
CapturedFrames_-5.0_0.5_2.0,-5.0,0.5,2.0,Y=0.5,6,W,3.0443244373446796,46,7,3.0
CapturedFrames_-5.0_0.5_3.0,-5.0,0.5,3.0,Y=0.5,7,NW,1.3201247500039532,24,7,3.0
CapturedFrames_-5.0_0.5_4.0,-5.0,0.5,4.0,Y=0.5,7,NW,1.2092317819876386,16,7,3.0
CapturedFrames_-5.0_0.5_5.0,-5.0,0.5,5.0,Y=0.5,7,NW,0.9704496882584899,7,7,3.0
CapturedFrames_-6.0_0.5_-1.0,-6.0,0.5,-1.0,Y=0.5,6,W,5.655896698203566,11,7,3.0
CapturedFrames_-6.0_0.5_-2.0,-6.0,0.5,-2.0,Y=0.5,6,W,2.020549913525028,12,7,3.0
CapturedFrames_-6.0_0.5_-3.0,-6.0,0.5,-3.0,Y=0.5,5,SW,2.202772250849597,14,7,3.0
CapturedFrames_-6.0_0.5_-4.0,-6.0,0.5,-4.0,Y=0.5,5,SW,0.31428314180369266,6,7,3.0
CapturedFrames_-6.0_0.5_0.0,-6.0,0.5,0.0,Y=0.5,6,W,2.749688041579626,14,7,3.0
CapturedFrames_-6.0_0.5_1.0,-6.0,0.5,1.0,Y=0.5,6,W,1.911669835535938,16,7,3.0
CapturedFrames_-6.0_0.5_2.0,-6.0,0.5,2.0,Y=0.5,6,W,1.209433184958971,11,7,3.0
CapturedFrames_-6.0_0.5_3.0,-6.0,0.5,3.0,Y=0.5,7,NW,0.2618886862886598,4,7,3.0
CapturedFrames_0.0_0.5_-3.0,0.0,0.5,-3.0,Y=0.5,4,S,4.3068442348023215,65,7,3.0
CapturedFrames_0.0_0.5_-4.0,0.0,0.5,-4.0,Y=0.5,4,S,3.6593644317081893,55,7,3.0
CapturedFrames_0.0_0.5_-5.0,0.0,0.5,-5.0,Y=0.5,4,S,2.7597550218477727,50,7,3.0
CapturedFrames_0.0_0.5_-6.0,0.0,0.5,-6.0,Y=0.5,4,S,1.836217098312996,34,7,3.0
CapturedFrames_0.0_0.5_3.0,0.0,0.5,3.0,Y=0.5,0,N,3.37645342040861,58,7,3.0
CapturedFrames_0.0_0.5_4.0,0.0,0.5,4.0,Y=0.5,0,N,2.9233950367871944,48,7,3.0
CapturedFrames_0.0_0.5_5.0,0.0,0.5,5.0,Y=0.5,0,N,2.4057294587403213,39,7,3.0
CapturedFrames_0.0_0.5_6.0,0.0,0.5,6.0,Y=0.5,0,N,1.1506464439279338,20,7,3.0
CapturedFrames_1.0_0.5_-3.0,1.0,0.5,-3.0,Y=0.5,4,S,4.096821649734585,57,7,3.0
CapturedFrames_1.0_0.5_-4.0,1.0,0.5,-4.0,Y=0.5,4,S,3.5058091647340133,58,7,3.0
CapturedFrames_1.0_0.5_-5.0,1.0,0.5,-5.0,Y=0.5,4,S,2.70284356330976,48,7,3.0
CapturedFrames_1.0_0.5_-6.0,1.0,0.5,-6.0,Y=0.5,4,S,1.44661848944841,26,7,3.0
CapturedFrames_1.0_0.5_3.0,1.0,0.5,3.0,Y=0.5,0,N,4.238350021114466,60,7,3.0
CapturedFrames_1.0_0.5_4.0,1.0,0.5,4.0,Y=0.5,0,N,3.153915542797873,52,7,3.0
CapturedFrames_1.0_0.5_5.0,1.0,0.5,5.0,Y=0.5,0,N,2.255362965279203,39,7,3.0
CapturedFrames_1.0_0.5_6.0,1.0,0.5,6.0,Y=0.5,0,N,1.5424403775929236,15,7,3.0
CapturedFrames_2.0_0.5_-3.0,2.0,0.5,-3.0,Y=0.5,3,SE,3.281152956407549,54,7,3.0
CapturedFrames_2.0_0.5_-4.0,2.0,0.5,-4.0,Y=0.5,3,SE,2.9688749812669784,47,7,3.0
CapturedFrames_2.0_0.5_-5.0,2.0,0.5,-5.0,Y=0.5,4,S,2.3547494258797474,40,7,3.0
CapturedFrames_2.0_0.5_-6.0,2.0,0.5,-6.0,Y=0.5,4,S,1.2676404808655333,22,7,3.0
CapturedFrames_2.0_0.5_3.0,2.0,0.5,3.0,Y=0.5,1,NE,3.6144599270693267,57,7,3.0
CapturedFrames_2.0_0.5_4.0,2.0,0.5,4.0,Y=0.5,1,NE,2.7498864385586907,49,7,3.0
CapturedFrames_2.0_0.5_5.0,2.0,0.5,5.0,Y=0.5,0,N,2.097347538766525,36,7,3.0
CapturedFrames_2.0_0.5_6.0,2.0,0.5,6.0,Y=0.5,0,N,1.7795282090301352,13,7,3.0
CapturedFrames_3.0_0.5_-1.0,3.0,0.5,-1.0,Y=0.5,2,E,4.878271512302897,86,7,3.0
CapturedFrames_3.0_0.5_-2.0,3.0,0.5,-2.0,Y=0.5,3,SE,4.472047885728752,75,7,3.0
CapturedFrames_3.0_0.5_-3.0,3.0,0.5,-3.0,Y=0.5,3,SE,3.626544578154941,55,7,3.0
CapturedFrames_3.0_0.5_-4.0,3.0,0.5,-4.0,Y=0.5,3,SE,2.985736296089626,49,7,3.0
CapturedFrames_3.0_0.5_-5.0,3.0,0.5,-5.0,Y=0.5,3,SE,1.8790372120735128,35,7,3.0
CapturedFrames_3.0_0.5_-6.0,3.0,0.5,-6.0,Y=0.5,3,SE,0.7574622354289352,12,7,3.0
CapturedFrames_3.0_0.5_0.0,3.0,0.5,0.0,Y=0.5,2,E,5.403172042542788,95,7,3.0
CapturedFrames_3.0_0.5_1.0,3.0,0.5,1.0,Y=0.5,2,E,5.489601913406928,98,7,3.0
CapturedFrames_3.0_0.5_2.0,3.0,0.5,2.0,Y=0.5,1,NE,5.162473151908298,78,7,3.0
CapturedFrames_3.0_0.5_3.0,3.0,0.5,3.0,Y=0.5,1,NE,3.372891327283611,52,7,3.0
CapturedFrames_3.0_0.5_4.0,3.0,0.5,4.0,Y=0.5,1,NE,2.4051453619577754,40,7,3.0
CapturedFrames_3.0_0.5_5.0,3.0,0.5,5.0,Y=0.5,1,NE,1.8441747952363408,24,7,3.0
CapturedFrames_3.0_0.5_6.0,3.0,0.5,6.0,Y=0.5,1,NE,0.3226408411314354,4,7,3.0
CapturedFrames_4.0_0.5_-1.0,4.0,0.5,-1.0,Y=0.5,2,E,5.85680530122088,92,7,3.0
CapturedFrames_4.0_0.5_-2.0,4.0,0.5,-2.0,Y=0.5,3,SE,3.784992746352627,59,7,3.0
CapturedFrames_4.0_0.5_-3.0,4.0,0.5,-3.0,Y=0.5,3,SE,2.9825460637282704,48,7,3.0
CapturedFrames_4.0_0.5_-4.0,4.0,0.5,-4.0,Y=0.5,3,SE,2.097621102908959,31,7,3.0
CapturedFrames_4.0_0.5_-5.0,4.0,0.5,-5.0,Y=0.5,3,SE,1.2071413127604405,18,7,3.0
CapturedFrames_4.0_0.5_-6.0,4.0,0.5,-6.0,Y=0.5,3,SE,0.2615408661949411,4,7,3.0
CapturedFrames_4.0_0.5_0.0,4.0,0.5,0.0,Y=0.5,2,E,5.915092107102729,105,7,3.0
CapturedFrames_4.0_0.5_1.0,4.0,0.5,1.0,Y=0.5,2,E,5.901179367015546,102,7,3.0
CapturedFrames_4.0_0.5_2.0,4.0,0.5,2.0,Y=0.5,1,NE,3.816718191105809,58,7,3.0
CapturedFrames_4.0_0.5_3.0,4.0,0.5,3.0,Y=0.5,1,NE,1.968114005881773,17,7,3.0
CapturedFrames_4.0_0.5_4.0,4.0,0.5,4.0,Y=0.5,1,NE,1.9761194206277108,26,7,3.0
CapturedFrames_4.0_0.5_5.0,4.0,0.5,5.0,Y=0.5,1,NE,0.9072200230087518,9,7,3.0
CapturedFrames_5.0_0.5_-1.0,5.0,0.5,-1.0,Y=0.5,2,E,4.94324225516118,40,7,3.0
CapturedFrames_5.0_0.5_-2.0,5.0,0.5,-2.0,Y=0.5,2,E,2.2892418386487696,32,7,3.0
CapturedFrames_5.0_0.5_-3.0,5.0,0.5,-3.0,Y=0.5,3,SE,1.4466124406878988,23,7,3.0
CapturedFrames_5.0_0.5_-4.0,5.0,0.5,-4.0,Y=0.5,3,SE,1.3242260586633237,14,7,3.0
CapturedFrames_5.0_0.5_0.0,5.0,0.5,0.0,Y=0.5,2,E,5.848074548796467,41,7,3.0
CapturedFrames_5.0_0.5_1.0,5.0,0.5,1.0,Y=0.5,2,E,5.277080068835038,21,7,3.0
CapturedFrames_5.0_0.5_2.0,5.0,0.5,2.0,Y=0.5,2,E,2.0973449872064442,20,7,3.0
CapturedFrames_5.0_0.5_3.0,5.0,0.5,3.0,Y=0.5,1,NE,1.9117240239869875,12,7,3.0
CapturedFrames_5.0_0.5_4.0,5.0,0.5,4.0,Y=0.5,1,NE,0.4295533863398119,8,7,3.0
CapturedFrames_6.0_0.5_-1.0,6.0,0.5,-1.0,Y=0.5,2,E,0.1967297615054725,3,7,3.0
CapturedFrames_6.0_0.5_-2.0,6.0,0.5,-2.0,Y=0.5,2,E,0.574105379849379,7,7,3.0
CapturedFrames_6.0_0.5_-3.0,6.0,0.5,-3.0,Y=0.5,3,SE,1.1234452063567675,3,7,3.0
CapturedFrames_-1.0_1.0_-3.0,-1.0,1.0,-3.0,Y=1.0,4,S,4.479686895848972,71,7,3.0
CapturedFrames_-1.0_1.0_-4.0,-1.0,1.0,-4.0,Y=1.0,4,S,3.673727565672093,58,7,3.0
CapturedFrames_-1.0_1.0_-5.0,-1.0,1.0,-5.0,Y=1.0,4,S,2.925998883852487,49,7,3.0
CapturedFrames_-1.0_1.0_-6.0,-1.0,1.0,-6.0,Y=1.0,4,S,1.5683971984535674,29,7,3.0
CapturedFrames_-1.0_1.0_3.0,-1.0,1.0,3.0,Y=1.0,0,N,3.664179268224059,50,7,3.0
CapturedFrames_-1.0_1.0_4.0,-1.0,1.0,4.0,Y=1.0,0,N,3.755541333220552,57,7,3.0
CapturedFrames_-1.0_1.0_5.0,-1.0,1.0,5.0,Y=1.0,0,N,2.202901163218405,36,7,3.0
CapturedFrames_-1.0_1.0_6.0,-1.0,1.0,6.0,Y=1.0,0,N,0.6273007522592332,12,7,3.0
CapturedFrames_-2.0_1.0_-3.0,-2.0,1.0,-3.0,Y=1.0,5,SW,4.1435138253305,68,7,3.0
CapturedFrames_-2.0_1.0_-4.0,-2.0,1.0,-4.0,Y=1.0,5,SW,3.4077216052984727,60,7,3.0
CapturedFrames_-2.0_1.0_-5.0,-2.0,1.0,-5.0,Y=1.0,4,S,2.591176195000448,43,7,3.0
CapturedFrames_-2.0_1.0_-6.0,-2.0,1.0,-6.0,Y=1.0,4,S,1.6735610944536805,26,7,3.0
CapturedFrames_-2.0_1.0_3.0,-2.0,1.0,3.0,Y=1.0,7,NW,3.6800066118568324,65,7,3.0
CapturedFrames_-2.0_1.0_4.0,-2.0,1.0,4.0,Y=1.0,7,NW,3.209888733218178,46,7,3.0
CapturedFrames_-2.0_1.0_5.0,-2.0,1.0,5.0,Y=1.0,0,N,2.2030046187289303,35,7,3.0
CapturedFrames_-2.0_1.0_6.0,-2.0,1.0,6.0,Y=1.0,0,N,0.6802751251809818,12,7,3.0
CapturedFrames_-3.0_1.0_-1.0,-3.0,1.0,-1.0,Y=1.0,6,W,4.647252677418563,82,7,3.0
CapturedFrames_-3.0_1.0_-2.0,-3.0,1.0,-2.0,Y=1.0,5,SW,4.878070019121292,86,7,3.0
CapturedFrames_-3.0_1.0_-3.0,-3.0,1.0,-3.0,Y=1.0,5,SW,4.195644129822738,69,7,3.0
CapturedFrames_-3.0_1.0_-4.0,-3.0,1.0,-4.0,Y=1.0,5,SW,3.288583005910448,56,7,3.0
CapturedFrames_-3.0_1.0_-5.0,-3.0,1.0,-5.0,Y=1.0,5,SW,1.727068784673616,32,7,3.0
CapturedFrames_-3.0_1.0_-6.0,-3.0,1.0,-6.0,Y=1.0,5,SW,1.6211508093280527,20,7,3.0
CapturedFrames_-3.0_1.0_0.0,-3.0,1.0,0.0,Y=1.0,6,W,4.451140893860922,78,7,3.0
CapturedFrames_-3.0_1.0_1.0,-3.0,1.0,1.0,Y=1.0,6,W,5.231596972537162,93,7,3.0
CapturedFrames_-3.0_1.0_2.0,-3.0,1.0,2.0,Y=1.0,7,NW,5.391114983593468,88,7,3.0
CapturedFrames_-3.0_1.0_3.0,-3.0,1.0,3.0,Y=1.0,7,NW,3.7555541399678956,63,7,3.0
CapturedFrames_-3.0_1.0_4.0,-3.0,1.0,4.0,Y=1.0,7,NW,2.2029338621849277,39,7,3.0
CapturedFrames_-3.0_1.0_5.0,-3.0,1.0,5.0,Y=1.0,7,NW,1.8441335460928525,27,7,3.0
CapturedFrames_-3.0_1.0_6.0,-3.0,1.0,6.0,Y=1.0,7,NW,0.42909470399551625,8,7,3.0
CapturedFrames_-4.0_1.0_-1.0,-4.0,1.0,-1.0,Y=1.0,6,W,5.655804700756471,99,7,3.0
CapturedFrames_-4.0_1.0_-2.0,-4.0,1.0,-2.0,Y=1.0,5,SW,5.655885401511332,84,7,3.0
CapturedFrames_-4.0_1.0_-3.0,-4.0,1.0,-3.0,Y=1.0,5,SW,3.9360969734255784,60,7,3.0
CapturedFrames_-4.0_1.0_-4.0,-4.0,1.0,-4.0,Y=1.0,5,SW,2.701942662092036,42,7,3.0
CapturedFrames_-4.0_1.0_-5.0,-4.0,1.0,-5.0,Y=1.0,5,SW,1.5663353109551605,28,7,3.0
CapturedFrames_-4.0_1.0_-6.0,-4.0,1.0,-6.0,Y=1.0,5,SW,0.5115516656937013,7,7,3.0
CapturedFrames_-4.0_1.0_0.0,-4.0,1.0,0.0,Y=1.0,6,W,5.914945466940587,105,7,3.0
CapturedFrames_-4.0_1.0_1.0,-4.0,1.0,1.0,Y=1.0,6,W,5.911381457752917,104,7,3.0
CapturedFrames_-4.0_1.0_2.0,-4.0,1.0,2.0,Y=1.0,7,NW,3.7554571722240424,64,7,3.0
CapturedFrames_-4.0_1.0_3.0,-4.0,1.0,3.0,Y=1.0,7,NW,2.2986142844405193,40,7,3.0
CapturedFrames_-4.0_1.0_4.0,-4.0,1.0,4.0,Y=1.0,7,NW,2.03791591300181,31,7,3.0
CapturedFrames_-4.0_1.0_5.0,-4.0,1.0,5.0,Y=1.0,7,NW,0.9704361833304653,16,7,3.0
CapturedFrames_-4.0_1.0_6.0,-4.0,1.0,6.0,Y=1.0,7,NW,0.3792536688682126,4,7,3.0
CapturedFrames_-5.0_1.0_-1.0,-5.0,1.0,-1.0,Y=1.0,6,W,5.910075790611573,87,7,3.0
CapturedFrames_-5.0_1.0_-2.0,-5.0,1.0,-2.0,Y=1.0,6,W,4.193960775635008,59,7,3.0
CapturedFrames_-5.0_1.0_-3.0,-5.0,1.0,-3.0,Y=1.0,5,SW,2.8135332442693834,36,7,3.0
CapturedFrames_-5.0_1.0_-4.0,-5.0,1.0,-4.0,Y=1.0,5,SW,1.5076396116715027,26,7,3.0
CapturedFrames_-5.0_1.0_-5.0,-5.0,1.0,-5.0,Y=1.0,5,SW,0.23072085763103414,5,7,3.0
CapturedFrames_-5.0_1.0_0.0,-5.0,1.0,0.0,Y=1.0,6,W,5.911341209665537,86,7,3.0
CapturedFrames_-5.0_1.0_1.0,-5.0,1.0,1.0,Y=1.0,6,W,5.47069710303486,58,7,3.0
CapturedFrames_-5.0_1.0_2.0,-5.0,1.0,2.0,Y=1.0,6,W,2.987994090357442,42,7,3.0
CapturedFrames_-5.0_1.0_3.0,-5.0,1.0,3.0,Y=1.0,7,NW,2.1531252293178396,32,7,3.0
CapturedFrames_-5.0_1.0_4.0,-5.0,1.0,4.0,Y=1.0,7,NW,1.088935362854472,14,7,3.0
CapturedFrames_-5.0_1.0_5.0,-5.0,1.0,5.0,Y=1.0,7,NW,0.8463658333894389,4,7,3.0
CapturedFrames_-6.0_1.0_-1.0,-6.0,1.0,-1.0,Y=1.0,6,W,2.906176648241638,10,7,3.0
CapturedFrames_-6.0_1.0_-2.0,-6.0,1.0,-2.0,Y=1.0,6,W,2.0709247426840505,14,7,3.0
CapturedFrames_-6.0_1.0_-3.0,-6.0,1.0,-3.0,Y=1.0,5,SW,1.50879544263694,10,7,3.0
CapturedFrames_-6.0_1.0_-4.0,-6.0,1.0,-4.0,Y=1.0,5,SW,0.18951576004649315,3,7,3.0
CapturedFrames_-6.0_1.0_0.0,-6.0,1.0,0.0,Y=1.0,6,W,3.817210192600612,18,7,3.0
CapturedFrames_-6.0_1.0_1.0,-6.0,1.0,1.0,Y=1.0,6,W,2.0973030058360664,24,7,3.0
CapturedFrames_-6.0_1.0_2.0,-6.0,1.0,2.0,Y=1.0,6,W,1.8439666474567806,15,7,3.0
CapturedFrames_-6.0_1.0_3.0,-6.0,1.0,3.0,Y=1.0,7,NW,0.8463435400952737,8,7,3.0
CapturedFrames_-6.0_1.0_4.0,-6.0,1.0,4.0,Y=1.0,7,NW,0.1969055110173407,4,7,3.0
CapturedFrames_0.0_1.0_-3.0,0.0,1.0,-3.0,Y=1.0,4,S,4.9051561249356785,59,7,3.0
CapturedFrames_0.0_1.0_-4.0,0.0,1.0,-4.0,Y=1.0,4,S,4.4263410282850995,72,7,3.0
CapturedFrames_0.0_1.0_-5.0,0.0,1.0,-5.0,Y=1.0,4,S,2.647298227144422,48,7,3.0
CapturedFrames_0.0_1.0_-6.0,0.0,1.0,-6.0,Y=1.0,4,S,1.4452177010654834,27,7,3.0
CapturedFrames_0.0_1.0_3.0,0.0,1.0,3.0,Y=1.0,0,N,3.139797049836661,46,7,3.0
CapturedFrames_0.0_1.0_4.0,0.0,1.0,4.0,Y=1.0,0,N,3.4373062835844292,61,7,3.0
CapturedFrames_0.0_1.0_5.0,0.0,1.0,5.0,Y=1.0,0,N,2.353885131068634,36,7,3.0
CapturedFrames_0.0_1.0_6.0,0.0,1.0,6.0,Y=1.0,0,N,1.2656413854536364,21,7,3.0
CapturedFrames_1.0_1.0_-3.0,1.0,1.0,-3.0,Y=1.0,4,S,4.855651574916079,65,7,3.0
CapturedFrames_1.0_1.0_-4.0,1.0,1.0,-4.0,Y=1.0,4,S,3.874924816890387,65,7,3.0
CapturedFrames_1.0_1.0_-5.0,1.0,1.0,-5.0,Y=1.0,4,S,2.5320956172411817,46,7,3.0
CapturedFrames_1.0_1.0_-6.0,1.0,1.0,-6.0,Y=1.0,4,S,1.2657898553784512,23,7,3.0
CapturedFrames_1.0_1.0_3.0,1.0,1.0,3.0,Y=1.0,0,N,4.823264997798587,65,7,3.0
CapturedFrames_1.0_1.0_4.0,1.0,1.0,4.0,Y=1.0,0,N,3.3789238183417214,56,7,3.0
CapturedFrames_1.0_1.0_5.0,1.0,1.0,5.0,Y=1.0,0,N,1.7795286250771576,31,7,3.0
CapturedFrames_1.0_1.0_6.0,1.0,1.0,6.0,Y=1.0,0,N,1.2092143091933705,19,7,3.0
CapturedFrames_2.0_1.0_-3.0,2.0,1.0,-3.0,Y=1.0,3,SE,3.391154517982335,60,7,3.0
CapturedFrames_2.0_1.0_-4.0,2.0,1.0,-4.0,Y=1.0,3,SE,3.509402665008961,52,7,3.0
CapturedFrames_2.0_1.0_-5.0,2.0,1.0,-5.0,Y=1.0,4,S,2.6437657262030614,45,7,3.0
CapturedFrames_2.0_1.0_-6.0,2.0,1.0,-6.0,Y=1.0,4,S,1.206826171344075,20,7,3.0
CapturedFrames_2.0_1.0_3.0,2.0,1.0,3.0,Y=1.0,1,NE,3.872876123746537,64,7,3.0
CapturedFrames_2.0_1.0_4.0,2.0,1.0,4.0,Y=1.0,1,NE,3.09883168325177,52,7,3.0
CapturedFrames_2.0_1.0_5.0,2.0,1.0,5.0,Y=1.0,0,N,2.405502011640398,30,7,3.0
CapturedFrames_2.0_1.0_6.0,2.0,1.0,6.0,Y=1.0,0,N,0.8462749588667975,13,7,3.0
CapturedFrames_3.0_1.0_-1.0,3.0,1.0,-1.0,Y=1.0,2,E,4.823631080170622,85,7,3.0
CapturedFrames_3.0_1.0_-2.0,3.0,1.0,-2.0,Y=1.0,3,SE,4.617551322839195,73,7,3.0
CapturedFrames_3.0_1.0_-3.0,3.0,1.0,-3.0,Y=1.0,3,SE,4.733660126900113,66,7,3.0
CapturedFrames_3.0_1.0_-4.0,3.0,1.0,-4.0,Y=1.0,3,SE,2.647750982816549,48,7,3.0
CapturedFrames_3.0_1.0_-5.0,3.0,1.0,-5.0,Y=1.0,3,SE,1.877968079375419,34,7,3.0
CapturedFrames_3.0_1.0_-6.0,3.0,1.0,-6.0,Y=1.0,3,SE,0.9249341520935426,18,7,3.0
CapturedFrames_3.0_1.0_0.0,3.0,1.0,0.0,Y=1.0,2,E,5.276993707949821,91,7,3.0
CapturedFrames_3.0_1.0_1.0,3.0,1.0,1.0,Y=1.0,2,E,5.436510572578978,97,7,3.0
CapturedFrames_3.0_1.0_2.0,3.0,1.0,2.0,Y=1.0,1,NE,5.48928337888845,86,7,3.0
CapturedFrames_3.0_1.0_3.0,3.0,1.0,3.0,Y=1.0,1,NE,4.238232173699902,63,7,3.0
CapturedFrames_3.0_1.0_4.0,3.0,1.0,4.0,Y=1.0,1,NE,2.4057256386456456,38,7,3.0
CapturedFrames_3.0_1.0_5.0,3.0,1.0,5.0,Y=1.0,1,NE,1.3200110929567979,21,7,3.0
CapturedFrames_3.0_1.0_6.0,3.0,1.0,6.0,Y=1.0,1,NE,0.6805393023264711,7,7,3.0
CapturedFrames_4.0_1.0_-1.0,4.0,1.0,-1.0,Y=1.0,2,E,5.813922155341693,98,7,3.0
CapturedFrames_4.0_1.0_-2.0,4.0,1.0,-2.0,Y=1.0,3,SE,4.496786889972327,60,7,3.0
CapturedFrames_4.0_1.0_-3.0,4.0,1.0,-3.0,Y=1.0,3,SE,2.4737862869855998,45,7,3.0
CapturedFrames_4.0_1.0_-4.0,4.0,1.0,-4.0,Y=1.0,3,SE,2.1564019437280244,38,7,3.0
CapturedFrames_4.0_1.0_-5.0,4.0,1.0,-5.0,Y=1.0,3,SE,0.9223811081055382,18,7,3.0
CapturedFrames_4.0_1.0_-6.0,4.0,1.0,-6.0,Y=1.0,3,SE,0.3164843666123182,5,7,3.0
CapturedFrames_4.0_1.0_0.0,4.0,1.0,0.0,Y=1.0,2,E,5.912224794688544,105,7,3.0
CapturedFrames_4.0_1.0_1.0,4.0,1.0,1.0,Y=1.0,2,E,5.912222592426642,105,7,3.0
CapturedFrames_4.0_1.0_2.0,4.0,1.0,2.0,Y=1.0,1,NE,4.238297196188347,66,7,3.0
CapturedFrames_4.0_1.0_3.0,4.0,1.0,3.0,Y=1.0,1,NE,2.4589380744270484,39,7,3.0
CapturedFrames_4.0_1.0_4.0,4.0,1.0,4.0,Y=1.0,1,NE,1.9117260350034468,26,7,3.0
CapturedFrames_4.0_1.0_5.0,4.0,1.0,5.0,Y=1.0,1,NE,0.9076515782595211,10,7,3.0
CapturedFrames_5.0_1.0_-1.0,5.0,1.0,-1.0,Y=1.0,2,E,4.069716936093221,38,7,3.0
CapturedFrames_5.0_1.0_-2.0,5.0,1.0,-2.0,Y=1.0,2,E,2.289873803425202,33,7,3.0
CapturedFrames_5.0_1.0_-3.0,5.0,1.0,-3.0,Y=1.0,3,SE,2.2198452406275986,25,7,3.0
CapturedFrames_5.0_1.0_-4.0,5.0,1.0,-4.0,Y=1.0,3,SE,0.6376555941078226,12,7,3.0
CapturedFrames_5.0_1.0_-5.0,5.0,1.0,-5.0,Y=1.0,3,SE,0.5097906874325973,7,7,3.0
CapturedFrames_5.0_1.0_0.0,5.0,1.0,0.0,Y=1.0,2,E,5.912891238975819,39,7,3.0
CapturedFrames_5.0_1.0_1.0,5.0,1.0,1.0,Y=1.0,2,E,4.70872291502006,26,7,3.0
CapturedFrames_5.0_1.0_2.0,5.0,1.0,2.0,Y=1.0,2,E,2.7498811276117014,21,7,3.0
CapturedFrames_5.0_1.0_3.0,5.0,1.0,3.0,Y=1.0,1,NE,0.970441017547177,13,7,3.0
CapturedFrames_5.0_1.0_4.0,5.0,1.0,4.0,Y=1.0,1,NE,0.37892110924175215,6,7,3.0
CapturedFrames_6.0_1.0_-3.0,6.0,1.0,-3.0,Y=1.0,3,SE,0.23047505796940365,4,7,3.0
CapturedFrames_6.0_1.0_-4.0,6.0,1.0,-4.0,Y=1.0,3,SE,0.12872266599942708,3,7,3.0
CapturedFrames_-1.0_1.5_-3.0,-1.0,1.5,-3.0,Y=1.5,4,S,4.371011785714607,75,7,3.0
CapturedFrames_-1.0_1.5_-4.0,-1.0,1.5,-4.0,Y=1.5,4,S,4.130803205859606,64,7,3.0
CapturedFrames_-1.0_1.5_-5.0,-1.0,1.5,-5.0,Y=1.5,4,S,2.1586622828847033,40,7,3.0
CapturedFrames_-1.0_1.5_-6.0,-1.0,1.5,-6.0,Y=1.5,4,S,1.6229124597146334,30,7,3.0
CapturedFrames_-1.0_1.5_3.0,-1.0,1.5,3.0,Y=1.5,0,N,4.273352607422654,76,7,3.0
CapturedFrames_-1.0_1.5_4.0,-1.0,1.5,4.0,Y=1.5,0,N,3.817211345401509,66,7,3.0
CapturedFrames_-1.0_1.5_5.0,-1.0,1.5,5.0,Y=1.5,0,N,2.0379184792454286,35,7,3.0
CapturedFrames_-1.0_1.5_6.0,-1.0,1.5,6.0,Y=1.5,0,N,1.3750861197630495,16,7,3.0
CapturedFrames_-2.0_1.5_-3.0,-2.0,1.5,-3.0,Y=1.5,5,SW,4.4796204893911495,79,7,3.0
CapturedFrames_-2.0_1.5_-4.0,-2.0,1.5,-4.0,Y=1.5,5,SW,3.7108520875616966,64,7,3.0
CapturedFrames_-2.0_1.5_-5.0,-2.0,1.5,-5.0,Y=1.5,4,S,2.5909093760226347,44,7,3.0
CapturedFrames_-2.0_1.5_-6.0,-2.0,1.5,-6.0,Y=1.5,4,S,1.7280960659156075,29,7,3.0
CapturedFrames_-2.0_1.5_3.0,-2.0,1.5,3.0,Y=1.5,7,NW,4.227061388929903,75,7,3.0
CapturedFrames_-2.0_1.5_4.0,-2.0,1.5,4.0,Y=1.5,7,NW,3.2657343081918038,51,7,3.0
CapturedFrames_-2.0_1.5_5.0,-2.0,1.5,5.0,Y=1.5,0,N,2.2023302089591374,39,7,3.0
CapturedFrames_-2.0_1.5_6.0,-2.0,1.5,6.0,Y=1.5,0,N,0.8463739959934969,15,7,3.0
CapturedFrames_-3.0_1.5_-1.0,-3.0,1.5,-1.0,Y=1.5,6,W,4.98933001212718,85,7,3.0
CapturedFrames_-3.0_1.5_-2.0,-3.0,1.5,-2.0,Y=1.5,5,SW,4.98958263217466,88,7,3.0
CapturedFrames_-3.0_1.5_-3.0,-3.0,1.5,-3.0,Y=1.5,5,SW,4.206858872639419,73,7,3.0
CapturedFrames_-3.0_1.5_-4.0,-3.0,1.5,-4.0,Y=1.5,5,SW,3.506461307986871,56,7,3.0
CapturedFrames_-3.0_1.5_-5.0,-3.0,1.5,-5.0,Y=1.5,5,SW,2.3542493142354313,36,7,3.0
CapturedFrames_-3.0_1.5_-6.0,-3.0,1.5,-6.0,Y=1.5,5,SW,1.6733570998316525,21,7,3.0
CapturedFrames_-3.0_1.5_0.0,-3.0,1.5,0.0,Y=1.5,6,W,4.4034141933413435,78,7,3.0
CapturedFrames_-3.0_1.5_1.0,-3.0,1.5,1.0,Y=1.5,6,W,5.43904950217784,95,7,3.0
CapturedFrames_-3.0_1.5_2.0,-3.0,1.5,2.0,Y=1.5,7,NW,5.539332326583954,95,7,3.0
CapturedFrames_-3.0_1.5_3.0,-3.0,1.5,3.0,Y=1.5,7,NW,4.133052305018774,67,7,3.0
CapturedFrames_-3.0_1.5_4.0,-3.0,1.5,4.0,Y=1.5,7,NW,2.2553382354168074,40,7,3.0
CapturedFrames_-3.0_1.5_5.0,-3.0,1.5,5.0,Y=1.5,7,NW,1.9761267182410138,23,7,3.0
CapturedFrames_-3.0_1.5_6.0,-3.0,1.5,6.0,Y=1.5,7,NW,0.6273022867143078,11,7,3.0
CapturedFrames_-4.0_1.5_-1.0,-4.0,1.5,-1.0,Y=1.5,6,W,5.655906489739553,99,7,3.0
CapturedFrames_-4.0_1.5_-2.0,-4.0,1.5,-2.0,Y=1.5,5,SW,5.7114376474339625,88,7,3.0
CapturedFrames_-4.0_1.5_-3.0,-4.0,1.5,-3.0,Y=1.5,5,SW,3.3256002335659645,48,7,3.0
CapturedFrames_-4.0_1.5_-4.0,-4.0,1.5,-4.0,Y=1.5,5,SW,2.4148801596443668,42,7,3.0
CapturedFrames_-4.0_1.5_-5.0,-4.0,1.5,-5.0,Y=1.5,5,SW,1.6206916681580739,27,7,3.0
CapturedFrames_-4.0_1.5_-6.0,-4.0,1.5,-6.0,Y=1.5,5,SW,0.6379909080182883,6,7,3.0
CapturedFrames_-4.0_1.5_0.0,-4.0,1.5,0.0,Y=1.5,6,W,5.9120020329932235,105,7,3.0
CapturedFrames_-4.0_1.5_1.0,-4.0,1.5,1.0,Y=1.5,6,W,5.914915133929311,104,7,3.0
CapturedFrames_-4.0_1.5_2.0,-4.0,1.5,2.0,Y=1.5,7,NW,5.4032186412878955,65,7,3.0
CapturedFrames_-4.0_1.5_3.0,-4.0,1.5,3.0,Y=1.5,7,NW,2.2548155636237746,40,7,3.0
CapturedFrames_-4.0_1.5_4.0,-4.0,1.5,4.0,Y=1.5,7,NW,1.6578413428992533,27,7,3.0
CapturedFrames_-4.0_1.5_5.0,-4.0,1.5,5.0,Y=1.5,7,NW,0.7880832168267511,14,7,3.0
CapturedFrames_-4.0_1.5_6.0,-4.0,1.5,6.0,Y=1.5,7,NW,0.37898757254691096,4,7,3.0
CapturedFrames_-5.0_1.5_-1.0,-5.0,1.5,-1.0,Y=1.5,6,W,5.914653002365313,90,7,3.0
CapturedFrames_-5.0_1.5_-2.0,-5.0,1.5,-2.0,Y=1.5,6,W,4.134014661817371,57,7,3.0
CapturedFrames_-5.0_1.5_-3.0,-5.0,1.5,-3.0,Y=1.5,5,SW,2.414680369303772,33,7,3.0
CapturedFrames_-5.0_1.5_-4.0,-5.0,1.5,-4.0,Y=1.5,5,SW,1.5068488897809227,26,7,3.0
CapturedFrames_-5.0_1.5_-5.0,-5.0,1.5,-5.0,Y=1.5,5,SW,0.5116768653759909,7,7,3.0
CapturedFrames_-5.0_1.5_0.0,-5.0,1.5,0.0,Y=1.5,6,W,5.911390333271185,87,7,3.0
CapturedFrames_-5.0_1.5_1.0,-5.0,1.5,1.0,Y=1.5,6,W,5.596449085421667,63,7,3.0
CapturedFrames_-5.0_1.5_2.0,-5.0,1.5,2.0,Y=1.5,6,W,3.5590566509637074,36,7,3.0
CapturedFrames_-5.0_1.5_3.0,-5.0,1.5,3.0,Y=1.5,7,NW,1.9760703865006932,28,7,3.0
CapturedFrames_-5.0_1.5_4.0,-5.0,1.5,4.0,Y=1.5,7,NW,0.8463654892172767,12,7,3.0
CapturedFrames_-5.0_1.5_5.0,-5.0,1.5,5.0,Y=1.5,7,NW,0.3788279478839965,5,7,3.0
CapturedFrames_-6.0_1.5_-2.0,-6.0,1.5,-2.0,Y=1.5,6,W,0.1177130072082093,3,7,3.0
CapturedFrames_-6.0_1.5_-3.0,-6.0,1.5,-3.0,Y=1.5,5,SW,1.3573235676521647,6,7,3.0
CapturedFrames_-6.0_1.5_0.0,-6.0,1.5,0.0,Y=1.5,6,W,1.2655490842958244,5,7,3.0
CapturedFrames_-6.0_1.5_1.0,-6.0,1.5,1.0,Y=1.5,6,W,0.428981715986824,5,7,3.0
CapturedFrames_-6.0_1.5_2.0,-6.0,1.5,2.0,Y=1.5,6,W,0.2617703197136756,4,7,3.0
CapturedFrames_-6.0_1.5_3.0,-6.0,1.5,3.0,Y=1.5,7,NW,0.2618530337937677,4,7,3.0
CapturedFrames_0.0_1.5_-3.0,0.0,1.5,-3.0,Y=1.5,4,S,4.885863941996338,76,7,3.0
CapturedFrames_0.0_1.5_-4.0,0.0,1.5,-4.0,Y=1.5,4,S,3.8165329330946434,69,7,3.0
CapturedFrames_0.0_1.5_-5.0,0.0,1.5,-5.0,Y=1.5,4,S,2.8131661608211127,50,7,3.0
CapturedFrames_0.0_1.5_-6.0,0.0,1.5,-6.0,Y=1.5,4,S,1.6215162605456659,29,7,3.0
CapturedFrames_0.0_1.5_3.0,0.0,1.5,3.0,Y=1.5,0,N,4.273252533952212,74,7,3.0
CapturedFrames_0.0_1.5_4.0,0.0,1.5,4.0,Y=1.5,0,N,3.4374058998603876,61,7,3.0
CapturedFrames_0.0_1.5_5.0,0.0,1.5,5.0,Y=1.5,0,N,2.405612059399645,35,7,3.0
CapturedFrames_0.0_1.5_6.0,0.0,1.5,6.0,Y=1.5,0,N,1.4864092633971977,25,7,3.0
CapturedFrames_1.0_1.5_-3.0,1.0,1.5,-3.0,Y=1.5,4,S,5.459309398190763,73,7,3.0
CapturedFrames_1.0_1.5_-4.0,1.0,1.5,-4.0,Y=1.5,4,S,3.7608202056405196,63,7,3.0
CapturedFrames_1.0_1.5_-5.0,1.0,1.5,-5.0,Y=1.5,4,S,2.414874870823331,44,7,3.0
CapturedFrames_1.0_1.5_-6.0,1.0,1.5,-6.0,Y=1.5,4,S,1.5674958520621356,27,7,3.0
CapturedFrames_1.0_1.5_3.0,1.0,1.5,3.0,Y=1.5,0,N,4.803100569148745,77,7,3.0
CapturedFrames_1.0_1.5_4.0,1.0,1.5,4.0,Y=1.5,0,N,3.55905682157085,63,7,3.0
CapturedFrames_1.0_1.5_5.0,1.0,1.5,5.0,Y=1.5,0,N,2.625753027140595,39,7,3.0
CapturedFrames_1.0_1.5_6.0,1.0,1.5,6.0,Y=1.5,0,N,1.430939292026395,25,7,3.0
CapturedFrames_2.0_1.5_-3.0,2.0,1.5,-3.0,Y=1.5,3,SE,3.726496979068412,63,7,3.0
CapturedFrames_2.0_1.5_-4.0,2.0,1.5,-4.0,Y=1.5,3,SE,3.1266563894551958,54,7,3.0
CapturedFrames_2.0_1.5_-5.0,2.0,1.5,-5.0,Y=1.5,4,S,2.646384117520546,45,7,3.0
CapturedFrames_2.0_1.5_-6.0,2.0,1.5,-6.0,Y=1.5,4,S,1.9308070299266056,26,7,3.0
CapturedFrames_2.0_1.5_3.0,2.0,1.5,3.0,Y=1.5,1,NE,4.450995452686174,73,7,3.0
CapturedFrames_2.0_1.5_4.0,2.0,1.5,4.0,Y=1.5,1,NE,3.098708267722697,54,7,3.0
CapturedFrames_2.0_1.5_5.0,2.0,1.5,5.0,Y=1.5,0,N,1.779527551803006,32,7,3.0
CapturedFrames_2.0_1.5_6.0,2.0,1.5,6.0,Y=1.5,0,N,0.9704207619429831,18,7,3.0
CapturedFrames_3.0_1.5_-1.0,3.0,1.5,-1.0,Y=1.5,2,E,4.878286671834384,86,7,3.0
CapturedFrames_3.0_1.5_-2.0,3.0,1.5,-2.0,Y=1.5,3,SE,5.045342695517224,81,7,3.0
CapturedFrames_3.0_1.5_-3.0,3.0,1.5,-3.0,Y=1.5,3,SE,3.9360972582388007,58,7,3.0
CapturedFrames_3.0_1.5_-4.0,3.0,1.5,-4.0,Y=1.5,3,SE,2.648018795874757,46,7,3.0
CapturedFrames_3.0_1.5_-5.0,3.0,1.5,-5.0,Y=1.5,3,SE,1.8342866827827107,32,7,3.0
CapturedFrames_3.0_1.5_-6.0,3.0,1.5,-6.0,Y=1.5,3,SE,0.927031886199175,17,7,3.0
CapturedFrames_3.0_1.5_0.0,3.0,1.5,0.0,Y=1.5,2,E,5.21691754714707,88,7,3.0
CapturedFrames_3.0_1.5_1.0,3.0,1.5,1.0,Y=1.5,2,E,5.395768380107136,96,7,3.0
CapturedFrames_3.0_1.5_2.0,3.0,1.5,2.0,Y=1.5,1,NE,5.593833497903472,93,7,3.0
CapturedFrames_3.0_1.5_3.0,3.0,1.5,3.0,Y=1.5,1,NE,4.184967230389026,60,7,3.0
CapturedFrames_3.0_1.5_4.0,3.0,1.5,4.0,Y=1.5,1,NE,2.4588052342682616,39,7,3.0
CapturedFrames_3.0_1.5_5.0,3.0,1.5,5.0,Y=1.5,1,NE,1.7180262484909827,24,7,3.0
CapturedFrames_3.0_1.5_6.0,3.0,1.5,6.0,Y=1.5,1,NE,0.846334453192708,10,7,3.0
CapturedFrames_4.0_1.5_-1.0,4.0,1.5,-1.0,Y=1.5,2,E,5.761089298207936,99,7,3.0
CapturedFrames_4.0_1.5_-2.0,4.0,1.5,-2.0,Y=1.5,3,SE,3.78258939389091,59,7,3.0
CapturedFrames_4.0_1.5_-3.0,4.0,1.5,-3.0,Y=1.5,3,SE,2.646484786267248,45,7,3.0
CapturedFrames_4.0_1.5_-4.0,4.0,1.5,-4.0,Y=1.5,3,SE,2.0945537121370275,36,7,3.0
CapturedFrames_4.0_1.5_-5.0,4.0,1.5,-5.0,Y=1.5,3,SE,1.6737322451028418,22,7,3.0
CapturedFrames_4.0_1.5_-6.0,4.0,1.5,-6.0,Y=1.5,3,SE,0.19895308074267173,5,7,3.0
CapturedFrames_4.0_1.5_0.0,4.0,1.5,0.0,Y=1.5,2,E,5.911842952182085,104,7,3.0
CapturedFrames_4.0_1.5_1.0,4.0,1.5,1.0,Y=1.5,2,E,5.910514728101945,105,7,3.0
CapturedFrames_4.0_1.5_2.0,4.0,1.5,2.0,Y=1.5,1,NE,4.238335336702017,65,7,3.0
CapturedFrames_4.0_1.5_3.0,4.0,1.5,3.0,Y=1.5,1,NE,2.687140560115343,37,7,3.0
CapturedFrames_4.0_1.5_4.0,4.0,1.5,4.0,Y=1.5,1,NE,1.5423022679663025,26,7,3.0
CapturedFrames_4.0_1.5_5.0,4.0,1.5,5.0,Y=1.5,1,NE,0.6272086105308188,9,7,3.0
CapturedFrames_5.0_1.5_-1.0,5.0,1.5,-1.0,Y=1.5,2,E,4.1322475108939205,45,7,3.0
CapturedFrames_5.0_1.5_-2.0,5.0,1.5,-2.0,Y=1.5,2,E,2.3544123657721903,35,7,3.0
CapturedFrames_5.0_1.5_-3.0,5.0,1.5,-3.0,Y=1.5,3,SE,2.2873786498437463,30,7,3.0
CapturedFrames_5.0_1.5_-4.0,5.0,1.5,-4.0,Y=1.5,3,SE,0.9801044388528195,19,7,3.0
CapturedFrames_5.0_1.5_-5.0,5.0,1.5,-5.0,Y=1.5,3,SE,0.5773077010277967,12,7,3.0
CapturedFrames_5.0_1.5_0.0,5.0,1.5,0.0,Y=1.5,2,E,5.910881987015051,44,7,3.0
CapturedFrames_5.0_1.5_1.0,5.0,1.5,1.0,Y=1.5,2,E,4.466594726527133,29,7,3.0
CapturedFrames_5.0_1.5_2.0,5.0,1.5,2.0,Y=1.5,2,E,2.809226238164879,24,7,3.0
CapturedFrames_5.0_1.5_3.0,5.0,1.5,3.0,Y=1.5,1,NE,1.9116412995112342,20,7,3.0
CapturedFrames_5.0_1.5_4.0,5.0,1.5,4.0,Y=1.5,1,NE,0.5226718182846671,6,7,3.0
CapturedFrames_6.0_1.5_-1.0,6.0,1.5,-1.0,Y=1.5,2,E,0.5112956019662207,3,7,3.0
CapturedFrames_6.0_1.5_-2.0,6.0,1.5,-2.0,Y=1.5,2,E,0.5810575642068518,7,7,3.0
CapturedFrames_6.0_1.5_-3.0,6.0,1.5,-3.0,Y=1.5,3,SE,0.5841772793955614,9,7,3.0
CapturedFrames_-1.0_2.0_-3.0,-1.0,2.0,-3.0,Y=2.0,4,S,4.821451031518624,83,7,3.0
CapturedFrames_-1.0_2.0_-4.0,-1.0,2.0,-4.0,Y=2.0,4,S,3.4523249806227683,62,7,3.0
CapturedFrames_-1.0_2.0_-5.0,-1.0,2.0,-5.0,Y=2.0,4,S,2.4135097053347434,41,7,3.0
CapturedFrames_-1.0_2.0_-6.0,-1.0,2.0,-6.0,Y=2.0,4,S,1.7296967978076392,29,7,3.0
CapturedFrames_-1.0_2.0_3.0,-1.0,2.0,3.0,Y=2.0,0,N,4.7087355295769155,78,7,3.0
CapturedFrames_-1.0_2.0_4.0,-1.0,2.0,4.0,Y=2.0,0,N,4.291857234399229,71,7,3.0
CapturedFrames_-1.0_2.0_5.0,-1.0,2.0,5.0,Y=2.0,0,N,2.298296099764345,40,7,3.0
CapturedFrames_-1.0_2.0_6.0,-1.0,2.0,6.0,Y=2.0,0,N,0.6802272400485005,13,7,3.0
CapturedFrames_-2.0_2.0_-3.0,-2.0,2.0,-3.0,Y=2.0,5,SW,4.544466927502168,72,7,3.0
CapturedFrames_-2.0_2.0_-4.0,-2.0,2.0,-4.0,Y=2.0,5,SW,3.4524876996533966,58,7,3.0
CapturedFrames_-2.0_2.0_-5.0,-2.0,2.0,-5.0,Y=2.0,4,S,2.476908158548072,40,7,3.0
CapturedFrames_-2.0_2.0_-6.0,-2.0,2.0,-6.0,Y=2.0,4,S,1.6739662000951514,26,7,3.0
CapturedFrames_-2.0_2.0_3.0,-2.0,2.0,3.0,Y=2.0,7,NW,4.529369579065612,78,7,3.0
CapturedFrames_-2.0_2.0_4.0,-2.0,2.0,4.0,Y=2.0,7,NW,3.2101272437605957,57,7,3.0
CapturedFrames_-2.0_2.0_5.0,-2.0,2.0,5.0,Y=2.0,0,N,2.2055140399101973,34,7,3.0
CapturedFrames_-2.0_2.0_6.0,-2.0,2.0,6.0,Y=2.0,0,N,0.9076507382275409,16,7,3.0
CapturedFrames_-3.0_2.0_-1.0,-3.0,2.0,-1.0,Y=2.0,6,W,4.823719167467049,85,7,3.0
CapturedFrames_-3.0_2.0_-2.0,-3.0,2.0,-2.0,Y=2.0,5,SW,4.968769335373197,83,7,3.0
CapturedFrames_-3.0_2.0_-3.0,-3.0,2.0,-3.0,Y=2.0,5,SW,4.508578588106456,69,7,3.0
CapturedFrames_-3.0_2.0_-4.0,-3.0,2.0,-4.0,Y=2.0,5,SW,3.4534096909513936,54,7,3.0
CapturedFrames_-3.0_2.0_-5.0,-3.0,2.0,-5.0,Y=2.0,5,SW,2.355021051213343,36,7,3.0
CapturedFrames_-3.0_2.0_-6.0,-3.0,2.0,-6.0,Y=2.0,5,SW,1.6227864838092534,16,7,3.0
CapturedFrames_-3.0_2.0_0.0,-3.0,2.0,0.0,Y=2.0,6,W,4.7292014732363645,84,7,3.0
CapturedFrames_-3.0_2.0_1.0,-3.0,2.0,1.0,Y=2.0,6,W,5.393901502619972,96,7,3.0
CapturedFrames_-3.0_2.0_2.0,-3.0,2.0,2.0,Y=2.0,7,NW,5.496301048379901,92,7,3.0
CapturedFrames_-3.0_2.0_3.0,-3.0,2.0,3.0,Y=2.0,7,NW,5.711371152242603,81,7,3.0
CapturedFrames_-3.0_2.0_4.0,-3.0,2.0,4.0,Y=2.0,7,NW,2.9293867686464687,42,7,3.0
CapturedFrames_-3.0_2.0_5.0,-3.0,2.0,5.0,Y=2.0,7,NW,1.7795284422691875,27,7,3.0
CapturedFrames_-3.0_2.0_6.0,-3.0,2.0,6.0,Y=2.0,7,NW,0.37873796877656707,7,7,3.0
CapturedFrames_-4.0_2.0_-1.0,-4.0,2.0,-1.0,Y=2.0,6,W,5.761863040265102,99,7,3.0
CapturedFrames_-4.0_2.0_-2.0,-4.0,2.0,-2.0,Y=2.0,5,SW,5.815375374880026,77,7,3.0
CapturedFrames_-4.0_2.0_-3.0,-4.0,2.0,-3.0,Y=2.0,5,SW,4.315149121091992,62,7,3.0
CapturedFrames_-4.0_2.0_-4.0,-4.0,2.0,-4.0,Y=2.0,5,SW,2.4145523885784708,40,7,3.0
CapturedFrames_-4.0_2.0_-5.0,-4.0,2.0,-5.0,Y=2.0,5,SW,2.288689452859212,23,7,3.0
CapturedFrames_-4.0_2.0_-6.0,-4.0,2.0,-6.0,Y=2.0,5,SW,0.9285307248799042,7,7,3.0
CapturedFrames_-4.0_2.0_0.0,-4.0,2.0,0.0,Y=2.0,6,W,5.914616611867586,105,7,3.0
CapturedFrames_-4.0_2.0_1.0,-4.0,2.0,1.0,Y=2.0,6,W,5.910162669386097,104,7,3.0
CapturedFrames_-4.0_2.0_2.0,-4.0,2.0,2.0,Y=2.0,7,NW,5.1009817770468455,68,7,3.0
CapturedFrames_-4.0_2.0_3.0,-4.0,2.0,3.0,Y=2.0,7,NW,3.3788237529823895,44,7,3.0
CapturedFrames_-4.0_2.0_4.0,-4.0,2.0,4.0,Y=2.0,7,NW,2.2030471525768576,35,7,3.0
CapturedFrames_-4.0_2.0_5.0,-4.0,2.0,5.0,Y=2.0,7,NW,0.97041592491931,14,7,3.0
CapturedFrames_-4.0_2.0_6.0,-4.0,2.0,6.0,Y=2.0,7,NW,0.13359922664821114,3,7,3.0
CapturedFrames_-5.0_2.0_-1.0,-5.0,2.0,-1.0,Y=2.0,6,W,5.912614975032706,70,7,3.0
CapturedFrames_-5.0_2.0_-2.0,-5.0,2.0,-2.0,Y=2.0,6,W,4.312136463525824,54,7,3.0
CapturedFrames_-5.0_2.0_-3.0,-5.0,2.0,-3.0,Y=2.0,5,SW,2.533962172397015,35,7,3.0
CapturedFrames_-5.0_2.0_-4.0,-5.0,2.0,-4.0,Y=2.0,5,SW,1.4522178529170477,14,7,3.0
CapturedFrames_-5.0_2.0_0.0,-5.0,2.0,0.0,Y=2.0,6,W,5.9119315440574915,82,7,3.0
CapturedFrames_-5.0_2.0_1.0,-5.0,2.0,1.0,Y=2.0,6,W,5.5966370985507,53,7,3.0
CapturedFrames_-5.0_2.0_2.0,-5.0,2.0,2.0,Y=2.0,6,W,3.6912058846749525,33,7,3.0
CapturedFrames_-5.0_2.0_3.0,-5.0,2.0,3.0,Y=2.0,7,NW,1.976090742316759,27,7,3.0
CapturedFrames_-5.0_2.0_4.0,-5.0,2.0,4.0,Y=2.0,7,NW,1.265644788518485,14,7,3.0
CapturedFrames_-6.0_2.0_-1.0,-6.0,2.0,-1.0,Y=2.0,6,W,4.500362588181868,7,7,3.0
CapturedFrames_-6.0_2.0_-3.0,-6.0,2.0,-3.0,Y=2.0,5,SW,1.3568460072782764,8,7,3.0
CapturedFrames_-6.0_2.0_0.0,-6.0,2.0,0.0,Y=2.0,6,W,2.617775751160897,11,7,3.0
CapturedFrames_-6.0_2.0_1.0,-6.0,2.0,1.0,Y=2.0,6,W,2.09734612389038,16,7,3.0
CapturedFrames_-6.0_2.0_2.0,-6.0,2.0,2.0,Y=2.0,6,W,1.0594755568841592,10,7,3.0
CapturedFrames_-6.0_2.0_3.0,-6.0,2.0,3.0,Y=2.0,7,NW,1.144918807702101,5,7,3.0
CapturedFrames_0.0_2.0_-3.0,0.0,2.0,-3.0,Y=2.0,4,S,4.624520101743099,71,7,3.0
CapturedFrames_0.0_2.0_-4.0,0.0,2.0,-4.0,Y=2.0,4,S,3.8767699072317923,70,7,3.0
CapturedFrames_0.0_2.0_-5.0,0.0,2.0,-5.0,Y=2.0,4,S,2.9278384069099515,53,7,3.0
CapturedFrames_0.0_2.0_-6.0,0.0,2.0,-6.0,Y=2.0,4,S,1.204250180324255,23,7,3.0
CapturedFrames_0.0_2.0_3.0,0.0,2.0,3.0,Y=2.0,0,N,4.40526109827522,77,7,3.0
CapturedFrames_0.0_2.0_4.0,0.0,2.0,4.0,Y=2.0,0,N,3.876358873494171,63,7,3.0
CapturedFrames_0.0_2.0_5.0,0.0,2.0,5.0,Y=2.0,0,N,2.2985053720289628,38,7,3.0
CapturedFrames_0.0_2.0_6.0,0.0,2.0,6.0,Y=2.0,0,N,1.3200059217973228,19,7,3.0
CapturedFrames_1.0_2.0_-3.0,1.0,2.0,-3.0,Y=2.0,4,S,3.9507623787304644,70,7,3.0
CapturedFrames_1.0_2.0_-4.0,1.0,2.0,-4.0,Y=2.0,4,S,3.9317353405314552,68,7,3.0
CapturedFrames_1.0_2.0_-5.0,1.0,2.0,-5.0,Y=2.0,4,S,2.816228585137577,48,7,3.0
CapturedFrames_1.0_2.0_-6.0,1.0,2.0,-6.0,Y=2.0,4,S,1.6225449715684308,24,7,3.0
CapturedFrames_1.0_2.0_3.0,1.0,2.0,3.0,Y=2.0,0,N,4.391556766837245,77,7,3.0
CapturedFrames_1.0_2.0_4.0,1.0,2.0,4.0,Y=2.0,0,N,4.1846850609879835,66,7,3.0
CapturedFrames_1.0_2.0_5.0,1.0,2.0,5.0,Y=2.0,0,N,2.2556275940564747,37,7,3.0
CapturedFrames_1.0_2.0_6.0,1.0,2.0,6.0,Y=2.0,0,N,1.657862984397384,17,7,3.0
CapturedFrames_2.0_2.0_-3.0,2.0,2.0,-3.0,Y=2.0,3,SE,3.7282033091765534,66,7,3.0
CapturedFrames_2.0_2.0_-4.0,2.0,2.0,-4.0,Y=2.0,3,SE,4.482064968702484,62,7,3.0
CapturedFrames_2.0_2.0_-5.0,2.0,2.0,-5.0,Y=2.0,4,S,2.416578710588588,40,7,3.0
CapturedFrames_2.0_2.0_-6.0,2.0,2.0,-6.0,Y=2.0,4,S,1.2654212369365385,21,7,3.0
CapturedFrames_2.0_2.0_3.0,2.0,2.0,3.0,Y=2.0,1,NE,4.565621847267029,70,7,3.0
CapturedFrames_2.0_2.0_4.0,2.0,2.0,4.0,Y=2.0,1,NE,3.5590575457013895,55,7,3.0
CapturedFrames_2.0_2.0_5.0,2.0,2.0,5.0,Y=2.0,0,N,2.20287959317299,37,7,3.0
CapturedFrames_2.0_2.0_6.0,2.0,2.0,6.0,Y=2.0,0,N,0.9697351519729497,17,7,3.0
CapturedFrames_3.0_2.0_-1.0,3.0,2.0,-1.0,Y=2.0,2,E,4.989528741455048,88,7,3.0
CapturedFrames_3.0_2.0_-2.0,3.0,2.0,-2.0,Y=2.0,3,SE,5.158232585888504,74,7,3.0
CapturedFrames_3.0_2.0_-3.0,3.0,2.0,-3.0,Y=2.0,3,SE,4.222617724014926,69,7,3.0
CapturedFrames_3.0_2.0_-4.0,3.0,2.0,-4.0,Y=2.0,3,SE,2.3532079077210755,43,7,3.0
CapturedFrames_3.0_2.0_-5.0,3.0,2.0,-5.0,Y=2.0,3,SE,1.8779857728345548,33,7,3.0
CapturedFrames_3.0_2.0_-6.0,3.0,2.0,-6.0,Y=2.0,3,SE,0.8125778804982324,13,7,3.0
CapturedFrames_3.0_2.0_0.0,3.0,2.0,0.0,Y=2.0,2,E,5.914393676908986,97,7,3.0
CapturedFrames_3.0_2.0_1.0,3.0,2.0,1.0,Y=2.0,2,E,5.592227325678205,100,7,3.0
CapturedFrames_3.0_2.0_2.0,3.0,2.0,2.0,Y=2.0,1,NE,5.564442855050809,86,7,3.0
CapturedFrames_3.0_2.0_3.0,3.0,2.0,3.0,Y=2.0,1,NE,4.291959921258469,66,7,3.0
CapturedFrames_3.0_2.0_4.0,3.0,2.0,4.0,Y=2.0,1,NE,2.4589631218904033,37,7,3.0
CapturedFrames_3.0_2.0_5.0,3.0,2.0,5.0,Y=2.0,1,NE,1.6578729597800912,21,7,3.0
CapturedFrames_4.0_2.0_-1.0,4.0,2.0,-1.0,Y=2.0,2,E,5.761140183125299,93,7,3.0
CapturedFrames_4.0_2.0_-2.0,4.0,2.0,-2.0,Y=2.0,3,SE,4.592504672851841,61,7,3.0
CapturedFrames_4.0_2.0_-3.0,4.0,2.0,-3.0,Y=2.0,3,SE,2.4152332246952883,40,7,3.0
CapturedFrames_4.0_2.0_-4.0,4.0,2.0,-4.0,Y=2.0,3,SE,2.0944449946381978,30,7,3.0
CapturedFrames_4.0_2.0_-5.0,4.0,2.0,-5.0,Y=2.0,3,SE,1.5658371652192955,16,7,3.0
CapturedFrames_4.0_2.0_-6.0,4.0,2.0,-6.0,Y=2.0,3,SE,0.2597762812825684,6,7,3.0
CapturedFrames_4.0_2.0_0.0,4.0,2.0,0.0,Y=2.0,2,E,5.9144379794652515,97,7,3.0
CapturedFrames_4.0_2.0_1.0,4.0,2.0,1.0,Y=2.0,2,E,5.9137930107236585,92,7,3.0
CapturedFrames_4.0_2.0_2.0,4.0,2.0,2.0,Y=2.0,1,NE,5.158455426145021,56,7,3.0
CapturedFrames_4.0_2.0_3.0,4.0,2.0,3.0,Y=2.0,1,NE,2.4054662205919666,25,7,3.0
CapturedFrames_4.0_2.0_4.0,4.0,2.0,4.0,Y=2.0,1,NE,1.9761452972911684,22,7,3.0
CapturedFrames_4.0_2.0_5.0,4.0,2.0,5.0,Y=2.0,1,NE,0.23043184499760405,4,7,3.0
CapturedFrames_5.0_2.0_-1.0,5.0,2.0,-1.0,Y=2.0,2,E,3.815362910728939,36,7,3.0
CapturedFrames_5.0_2.0_-2.0,5.0,2.0,-2.0,Y=2.0,2,E,2.3531760988566064,32,7,3.0
CapturedFrames_5.0_2.0_-3.0,5.0,2.0,-3.0,Y=2.0,3,SE,2.3551157925662594,25,7,3.0
CapturedFrames_5.0_2.0_-4.0,5.0,2.0,-4.0,Y=2.0,3,SE,1.0893031533489654,13,7,3.0
CapturedFrames_5.0_2.0_-5.0,5.0,2.0,-5.0,Y=2.0,3,SE,0.5761655007105163,11,7,3.0
CapturedFrames_5.0_2.0_0.0,5.0,2.0,0.0,Y=2.0,2,E,5.909225092199484,33,7,3.0
CapturedFrames_5.0_2.0_1.0,5.0,2.0,1.0,Y=2.0,2,E,4.529275832075697,16,7,3.0
CapturedFrames_5.0_2.0_2.0,5.0,2.0,2.0,Y=2.0,2,E,2.7498779428878293,16,7,3.0
CapturedFrames_5.0_2.0_3.0,5.0,2.0,3.0,Y=2.0,1,NE,1.0889423985909445,8,7,3.0
CapturedFrames_5.0_2.0_4.0,5.0,2.0,4.0,Y=2.0,1,NE,0.457115607560057,3,7,3.0
CapturedFrames_6.0_2.0_-1.0,6.0,2.0,-1.0,Y=2.0,2,E,0.9653583398313811,4,7,3.0
CapturedFrames_6.0_2.0_-2.0,6.0,2.0,-2.0,Y=2.0,2,E,0.5130104038720852,6,7,3.0
CapturedFrames_6.0_2.0_-3.0,6.0,2.0,-3.0,Y=2.0,3,SE,0.29573108759986677,6,7,3.0
