joint,metric,height_bin,azimuth_bin,height_label,n_azimuth,n_distance,model,bias_mean,bias_median,bias_std,n,reliability_weight
L_Shoulder,angle_mae,0,0,Y=0.5,8,1,Model4_ViewBin,32.3285079234654,31.074357228632813,6.933041803808929,12,0.09478454914805504
R_Shoulder,angle_mae,0,0,Y=0.5,8,1,Model4_ViewBin,29.139272806943346,28.35999245441094,2.5955765172067715,11,0.10047803677500003
L_Elbow,angle_mae,0,0,Y=0.5,8,1,Model4_ViewBin,15.258933071902677,15.794021372289116,6.070192623701348,12,0.09755029114574405
R_Elbow,angle_mae,0,0,Y=0.5,8,1,Model4_ViewBin,7.689016430141072,8.403035341685303,1.5034743159883994,11,0.10420317204754327
L_Hip,angle_mae,0,0,Y=0.5,8,1,Model4_ViewBin,9.892478072832796,9.508788497074494,3.6212180829336567,12,0.10584762250399068
R_Hip,angle_mae,0,0,Y=0.5,8,1,Model4_ViewBin,9.932403434628933,9.670409149421765,2.283943472532629,12,0.11067260701822114
L_Knee,angle_mae,0,0,Y=0.5,8,1,Model4_ViewBin,16.184516435811243,15.975767150570233,4.764344283694793,12,0.10189025774721351
R_Knee,angle_mae,0,0,Y=0.5,8,1,Model4_ViewBin,18.1000080926428,20.00922209217917,3.956759708932527,12,0.10467034243926114
L_Shoulder,angle_mae,0,1,Y=0.5,8,1,Model4_ViewBin,41.429062515839284,42.98420270645814,6.133084425865826,13,0.10537096024944229
R_Shoulder,angle_mae,0,1,Y=0.5,8,1,Model4_ViewBin,35.719696055862165,35.149997324116995,3.3788762658863387,11,0.09788850945672974
L_Elbow,angle_mae,0,1,Y=0.5,8,1,Model4_ViewBin,14.560859657779828,15.149376069565754,2.6283497418508888,13,0.1184287564232611
R_Elbow,angle_mae,0,1,Y=0.5,8,1,Model4_ViewBin,15.00969148043295,12.084919604448537,9.646401981411012,11,0.07943282124048363
L_Hip,angle_mae,0,1,Y=0.5,8,1,Model4_ViewBin,10.664878719192386,10.80363379432286,3.4249529376592376,13,0.11532544963607558
R_Hip,angle_mae,0,1,Y=0.5,8,1,Model4_ViewBin,14.722026155979215,14.578975691441036,2.1886504320399935,13,0.12017730714627883
L_Knee,angle_mae,0,1,Y=0.5,8,1,Model4_ViewBin,10.383966562524604,11.17831906978907,2.4155528957684376,13,0.11927178498064117
R_Knee,angle_mae,0,1,Y=0.5,8,1,Model4_ViewBin,11.272170850339169,11.670355381750518,3.455227886259406,13,0.11520912593884618
L_Shoulder,angle_mae,0,2,Y=0.5,8,1,Model4_ViewBin,37.8047655015208,36.6901864239492,5.797640031883851,12,0.0984405820297336
R_Shoulder,angle_mae,0,2,Y=0.5,8,1,Model4_ViewBin,38.35671821881428,38.83523463980569,4.1450283171811275,12,0.10401552794867726
L_Elbow,angle_mae,0,2,Y=0.5,8,1,Model4_ViewBin,10.01972770373046,8.722329093125305,4.169335719610257,12,0.1039312838393197
R_Elbow,angle_mae,0,2,Y=0.5,8,1,Model4_ViewBin,23.55514850618611,25.512666421588705,6.494807464464366,12,0.09617930633015827
L_Hip,angle_mae,0,2,Y=0.5,8,1,Model4_ViewBin,10.711125469780475,10.518028555837832,2.1036795120576675,12,0.11133961839509615
R_Hip,angle_mae,0,2,Y=0.5,8,1,Model4_ViewBin,18.423919615596112,17.927202610265233,2.260798116185996,12,0.1107580251954616
L_Knee,angle_mae,0,2,Y=0.5,8,1,Model4_ViewBin,12.478055033110047,13.03860704173488,3.2179275578112976,12,0.1072801410590481
R_Knee,angle_mae,0,2,Y=0.5,8,1,Model4_ViewBin,10.192234282955381,10.287316402543073,2.020892974511414,12,0.11164729010105869
L_Shoulder,angle_mae,0,3,Y=0.5,8,1,Model4_ViewBin,31.688341344045256,29.873515026886054,5.70177705777538,8,0.0660120463705497
R_Shoulder,angle_mae,0,3,Y=0.5,8,1,Model4_ViewBin,37.03367842416946,37.3025748066572,4.939045219881794,8,0.06771187973940444
L_Elbow,angle_mae,0,3,Y=0.5,8,1,Model4_ViewBin,11.39212292384995,7.852812043680391,7.666268651086107,8,0.061827867486477985
R_Elbow,angle_mae,0,3,Y=0.5,8,1,Model4_ViewBin,27.0699434282389,27.98348001543132,5.067116768359568,8,0.06742343037048538
L_Hip,angle_mae,0,3,Y=0.5,8,1,Model4_ViewBin,11.977289348575187,12.53845777456075,2.7876194426677965,8,0.07274613906033697
R_Hip,angle_mae,0,3,Y=0.5,8,1,Model4_ViewBin,19.371164731831513,21.353540784643613,8.536777150629497,8,0.060059590421453
L_Knee,angle_mae,0,3,Y=0.5,8,1,Model4_ViewBin,20.918338858434943,21.60601152214702,2.8420700705088815,8,0.07261422304688547
R_Knee,angle_mae,0,3,Y=0.5,8,1,Model4_ViewBin,10.606123377509935,9.557748339304258,3.0173013406280114,8,0.07219131660537784
L_Shoulder,angle_mae,0,4,Y=0.5,8,1,Model4_ViewBin,36.0378436529128,34.76667711944539,7.15439413027173,10,0.07852089787186196
R_Shoulder,angle_mae,0,4,Y=0.5,8,1,Model4_ViewBin,28.079643803154216,28.35127580110845,4.607370984693155,11,0.09396095733419435
L_Elbow,angle_mae,0,4,Y=0.5,8,1,Model4_ViewBin,28.689235395869776,26.91702620539928,8.895926726419622,10,0.07409245592570195
R_Elbow,angle_mae,0,4,Y=0.5,8,1,Model4_ViewBin,15.31671734496728,13.916319595087216,7.615628063694283,11,0.08499599285647534
L_Hip,angle_mae,0,4,Y=0.5,8,1,Model4_ViewBin,17.307119301531305,17.63333225603666,8.362578701296655,11,0.08290586088783243
R_Hip,angle_mae,0,4,Y=0.5,8,1,Model4_ViewBin,10.70932464635207,10.436205156425576,4.432567378816653,11,0.09451004596365964
L_Knee,angle_mae,0,4,Y=0.5,8,1,Model4_ViewBin,17.74343301602864,17.888345019514524,3.6492101808049973,11,0.0970103857096661
R_Knee,angle_mae,0,4,Y=0.5,8,1,Model4_ViewBin,17.317383655909058,17.041173056926947,5.560869799226609,11,0.09102152842745254
L_Shoulder,angle_mae,0,5,Y=0.5,8,1,Model4_ViewBin,39.91867040071689,40.46780003491841,2.393784985393877,8,0.07370743297225267
R_Shoulder,angle_mae,0,5,Y=0.5,8,1,Model4_ViewBin,37.28708589205818,35.932189744051215,3.4000852340869265,9,0.08014027905271086
L_Elbow,angle_mae,0,5,Y=0.5,8,1,Model4_ViewBin,18.105161665907907,19.113097554219927,4.559998667274063,8,0.06857283916702489
R_Elbow,angle_mae,0,5,Y=0.5,8,1,Model4_ViewBin,8.601016150135601,7.373960548766627,4.568874059392928,9,0.07707808198139558
L_Hip,angle_mae,0,5,Y=0.5,8,1,Model4_ViewBin,16.996463634567085,17.212756062643766,3.5351264348185,9,0.07978034843450402
R_Hip,angle_mae,0,5,Y=0.5,8,1,Model4_ViewBin,11.535359892010613,11.88356533595887,4.013207941872321,9,0.07851904161162317
L_Knee,angle_mae,0,5,Y=0.5,8,1,Model4_ViewBin,12.290466826803257,11.46897132387564,3.2284063629642636,9,0.0806002068837045
R_Knee,angle_mae,0,5,Y=0.5,8,1,Model4_ViewBin,13.446297980988582,13.626724759063798,1.1791135577536307,9,0.08629839296992789
L_Shoulder,angle_mae,0,6,Y=0.5,8,1,Model4_ViewBin,40.44203490850434,39.96517071873495,3.8605260304891877,8,0.07019045129774099
R_Shoulder,angle_mae,0,6,Y=0.5,8,1,Model4_ViewBin,40.525355490666165,41.48244130960968,4.071936620425308,11,0.09565300964942021
L_Elbow,angle_mae,0,6,Y=0.5,8,1,Model4_ViewBin,15.746636338154161,16.900820918981537,4.794508273735806,8,0.06803889581577093
R_Elbow,angle_mae,0,6,Y=0.5,8,1,Model4_ViewBin,8.735479077123351,7.626862591785838,4.797811079956673,11,0.09336638205817774
L_Hip,angle_mae,0,6,Y=0.5,8,1,Model4_ViewBin,15.717822701075068,15.907935353914501,2.526182528049145,10,0.09161898631305204
R_Hip,angle_mae,0,6,Y=0.5,8,1,Model4_ViewBin,10.379387226343583,9.822756942709448,4.180221179995739,11,0.09530837386843755
L_Knee,angle_mae,0,6,Y=0.5,8,1,Model4_ViewBin,11.21929421939022,10.423061629631418,3.8451931386434897,10,0.08767804307516032
R_Knee,angle_mae,0,6,Y=0.5,8,1,Model4_ViewBin,12.272282650568593,13.92692494728651,4.409932339922677,11,0.09458138082360634
L_Shoulder,angle_mae,0,7,Y=0.5,8,1,Model4_ViewBin,33.235683316121566,32.94057739618668,2.2837300009454293,10,0.09236242824825777
R_Shoulder,angle_mae,0,7,Y=0.5,8,1,Model4_ViewBin,27.898277141003955,25.819831831004073,5.539066075653232,10,0.08286469300226781
L_Elbow,angle_mae,0,7,Y=0.5,8,1,Model4_ViewBin,8.215700930662418,7.429156894898668,3.486666861777527,10,0.08873215874347529
R_Elbow,angle_mae,0,7,Y=0.5,8,1,Model4_ViewBin,6.583041451280562,6.687507680723629,2.313220479115685,10,0.09227167912035152
L_Hip,angle_mae,0,7,Y=0.5,8,1,Model4_ViewBin,13.221835204974777,12.883131392512583,4.231182559643612,10,0.08655717601542558
R_Hip,angle_mae,0,7,Y=0.5,8,1,Model4_ViewBin,15.405416447023683,15.74976075760026,4.797036157514646,10,0.08493985377544122
L_Knee,angle_mae,0,7,Y=0.5,8,1,Model4_ViewBin,15.725431293843371,17.734761296719054,4.533791816064914,10,0.08568846462720493
R_Knee,angle_mae,0,7,Y=0.5,8,1,Model4_ViewBin,13.635966874462667,14.060194925409576,4.255446525211465,10,0.0864871969741082
L_Shoulder,angle_mae,1,0,Y=1.0,8,1,Model4_ViewBin,29.52869172579699,26.55062351820781,7.63485065660592,14,0.10783947543025817
R_Shoulder,angle_mae,1,0,Y=1.0,8,1,Model4_ViewBin,30.337703244131355,30.339127617535752,2.8934890588534192,13,0.11738669740008498
L_Elbow,angle_mae,1,0,Y=1.0,8,1,Model4_ViewBin,14.459114530215617,15.69186379201263,5.122334340463787,14,0.11726007447816315
R_Elbow,angle_mae,1,0,Y=1.0,8,1,Model4_ViewBin,7.0118639671260645,7.116412030500577,1.241188190183911,13,0.12403332587414176
L_Hip,angle_mae,1,0,Y=1.0,8,1,Model4_ViewBin,16.071596116497304,17.730689185066716,4.787402475677431,14,0.11857654746354751
R_Hip,angle_mae,1,0,Y=1.0,8,1,Model4_ViewBin,15.559614807989549,14.36770187559775,4.392550754723597,14,0.12014753503174323
L_Knee,angle_mae,1,0,Y=1.0,8,1,Model4_ViewBin,16.133063885834442,14.298222711613604,4.560591032118705,14,0.11947642883044228
R_Knee,angle_mae,1,0,Y=1.0,8,1,Model4_ViewBin,19.060269655070716,18.87981941233199,3.1073662976414216,14,0.12540643317478953
L_Shoulder,angle_mae,1,1,Y=1.0,8,1,Model4_ViewBin,39.305541104792795,35.4370656248585,9.764646033495975,12,0.08624737361878632
R_Shoulder,angle_mae,1,1,Y=1.0,8,1,Model4_ViewBin,34.94289211437582,34.5086134552288,2.207141239537663,10,0.09259852696116284
L_Elbow,angle_mae,1,1,Y=1.0,8,1,Model4_ViewBin,12.138512428950582,13.076386151700122,3.277428107909729,12,0.10706757767577675
R_Elbow,angle_mae,1,1,Y=1.0,8,1,Model4_ViewBin,14.651706475497335,11.96289132934523,8.588605600759612,10,0.07485536277587336
L_Hip,angle_mae,1,1,Y=1.0,8,1,Model4_ViewBin,15.949145904179844,19.12310085860171,5.947010902695732,12,0.09795166169868397
R_Hip,angle_mae,1,1,Y=1.0,8,1,Model4_ViewBin,21.919211720056452,21.84105235810975,3.7467175703887534,12,0.10540575330859406
L_Knee,angle_mae,1,1,Y=1.0,8,1,Model4_ViewBin,10.545572029315009,11.033415269103893,2.0816836807929677,12,0.11142128191102957
R_Knee,angle_mae,1,1,Y=1.0,8,1,Model4_ViewBin,12.673812340344577,14.142526492317375,4.581044844037601,12,0.10251471107535247
L_Shoulder,angle_mae,1,2,Y=1.0,8,1,Model4_ViewBin,36.98247381451226,36.895175560439775,6.1789866432152625,12,0.09719716888329959
R_Shoulder,angle_mae,1,2,Y=1.0,8,1,Model4_ViewBin,38.288526098523285,38.42730357826984,3.521105574072358,12,0.10620143489461323
L_Elbow,angle_mae,1,2,Y=1.0,8,1,Model4_ViewBin,8.582413209007798,8.56245821165406,2.3962344993910434,12,0.11025912997409132
R_Elbow,angle_mae,1,2,Y=1.0,8,1,Model4_ViewBin,24.804016566598275,24.343009775941987,6.487845762375088,12,0.0962016279759297
L_Hip,angle_mae,1,2,Y=1.0,8,1,Model4_ViewBin,13.024360899906071,14.194668974150993,3.7720341487868243,12,0.10531684039614111
R_Hip,angle_mae,1,2,Y=1.0,8,1,Model4_ViewBin,21.954647111966796,21.869854738841234,2.059763638556176,12,0.11150272363435876
L_Knee,angle_mae,1,2,Y=1.0,8,1,Model4_ViewBin,11.204008946082302,11.638047730756497,2.4719741427752244,12,0.10998111482842449
R_Knee,angle_mae,1,2,Y=1.0,8,1,Model4_ViewBin,10.066199413606606,10.191509747691022,1.7915157445419263,12,0.11250420675047933
L_Shoulder,angle_mae,1,3,Y=1.0,8,1,Model4_ViewBin,28.30799099994675,25.724753206219987,5.887559010064408,15,0.12235448602148996
R_Shoulder,angle_mae,1,3,Y=1.0,8,1,Model4_ViewBin,36.182406517376826,36.8211800167059,3.7828755660404894,15,0.13124667522048233
L_Elbow,angle_mae,1,3,Y=1.0,8,1,Model4_ViewBin,14.061524639684956,13.554436452622337,6.630036298458557,15,0.11936347047762698
R_Elbow,angle_mae,1,3,Y=1.0,8,1,Model4_ViewBin,24.703535423299,25.894056747385527,5.185327411842059,15,0.12525230896399892
L_Hip,angle_mae,1,3,Y=1.0,8,1,Model4_ViewBin,13.00536714889799,12.959200276702392,6.061241174460395,15,0.1216481728291672
R_Hip,angle_mae,1,3,Y=1.0,8,1,Model4_ViewBin,15.998688077809106,16.455009376128405,7.034393102228952,15,0.1177654166893593
L_Knee,angle_mae,1,3,Y=1.0,8,1,Model4_ViewBin,19.145079713253917,18.73546137311848,3.436829061360968,15,0.13276935541369295
R_Knee,angle_mae,1,3,Y=1.0,8,1,Model4_ViewBin,10.549720284641678,11.004569860746312,3.5627554447566383,15,0.13221321794482782
L_Shoulder,angle_mae,1,4,Y=1.0,8,1,Model4_ViewBin,36.38593703531178,36.940366036917,5.98076387111649,14,0.11395230788802217
R_Shoulder,angle_mae,1,4,Y=1.0,8,1,Model4_ViewBin,28.31721260535734,26.85341895032685,7.343528930194819,15,0.1165581306418717
L_Elbow,angle_mae,1,4,Y=1.0,8,1,Model4_ViewBin,24.161739715339596,23.166723867488912,5.590082313661266,14,0.11544598146126653
R_Elbow,angle_mae,1,4,Y=1.0,8,1,Model4_ViewBin,13.465254578568029,12.885012209568522,7.20781139162465,15,0.11708662459186879
L_Hip,angle_mae,1,4,Y=1.0,8,1,Model4_ViewBin,15.955335155088118,16.25561073466938,6.339083026136694,15,0.12052674206517357
R_Hip,angle_mae,1,4,Y=1.0,8,1,Model4_ViewBin,14.253300675421047,14.933441111458524,5.396361694382969,15,0.1243743163216963
L_Knee,angle_mae,1,4,Y=1.0,8,1,Model4_ViewBin,16.620017081968935,15.036446663009007,5.526653071253264,15,0.12383532423855262
R_Knee,angle_mae,1,4,Y=1.0,8,1,Model4_ViewBin,15.268175114566828,15.975883289441384,4.045286262404317,15,0.1301036637673511
L_Shoulder,angle_mae,1,5,Y=1.0,8,1,Model4_ViewBin,41.350296357047114,41.34320536615479,1.7101085284003261,10,0.09414545604591365
R_Shoulder,angle_mae,1,5,Y=1.0,8,1,Model4_ViewBin,36.35981869615978,37.1994005875218,2.874815536226468,11,0.0995471296418463
L_Elbow,angle_mae,1,5,Y=1.0,8,1,Model4_ViewBin,19.20257465412137,19.834224720352484,2.9037345642928143,10,0.09047318029798378
R_Elbow,angle_mae,1,5,Y=1.0,8,1,Model4_ViewBin,5.414861790170727,5.820133103737872,1.740017699741715,11,0.10338478366295223
L_Hip,angle_mae,1,5,Y=1.0,8,1,Model4_ViewBin,25.862211886219185,24.157384577170685,6.889175708551409,11,0.08707929941395588
R_Hip,angle_mae,1,5,Y=1.0,8,1,Model4_ViewBin,16.071199735629506,16.43860292940364,3.1497634891940582,11,0.09863895502731423
L_Knee,angle_mae,1,5,Y=1.0,8,1,Model4_ViewBin,11.335841371796718,12.39976793169949,3.0207580630738726,11,0.09906403367733528
R_Knee,angle_mae,1,5,Y=1.0,8,1,Model4_ViewBin,14.72524551548239,14.036258162919797,4.036676635396136,11,0.09576549986613439
L_Shoulder,angle_mae,1,6,Y=1.0,8,1,Model4_ViewBin,39.4476366711096,38.556437410041255,3.721691368193013,11,0.09677628768707727
R_Shoulder,angle_mae,1,6,Y=1.0,8,1,Model4_ViewBin,36.28611161299519,36.26724571880889,3.5743557777396235,11,0.09725274309299684
L_Elbow,angle_mae,1,6,Y=1.0,8,1,Model4_ViewBin,15.29341259699781,16.807183382036087,6.238642910288038,11,0.08898818584689035
R_Elbow,angle_mae,1,6,Y=1.0,8,1,Model4_ViewBin,5.692078799610317,5.601643107761222,0.6741559091513984,11,0.10712394383278742
L_Hip,angle_mae,1,6,Y=1.0,8,1,Model4_ViewBin,24.72400753006963,24.653093708626283,2.4821145302232153,11,0.10085877089201137
R_Hip,angle_mae,1,6,Y=1.0,8,1,Model4_ViewBin,15.880814554879093,16.841709487667178,4.540787343023128,11,0.0941697310208359
L_Knee,angle_mae,1,6,Y=1.0,8,1,Model4_ViewBin,13.027750076167344,13.56322451781612,2.8780112823959803,11,0.09953652596135955
R_Knee,angle_mae,1,6,Y=1.0,8,1,Model4_ViewBin,13.920661442028136,14.257327689377885,1.3691948875480482,11,0.10467062884377278
L_Shoulder,angle_mae,1,7,Y=1.0,8,1,Model4_ViewBin,33.123054538395586,32.94679955554719,2.2915363704613814,12,0.1106445997023622
R_Shoulder,angle_mae,1,7,Y=1.0,8,1,Model4_ViewBin,26.683157321482994,26.89990366449332,5.759627563413664,12,0.09856539340352817
L_Elbow,angle_mae,1,7,Y=1.0,8,1,Model4_ViewBin,6.093080379331518,5.8974165432746775,2.88114217863014,12,0.10849127262904801
R_Elbow,angle_mae,1,7,Y=1.0,8,1,Model4_ViewBin,6.063632545412894,5.893949670553377,1.4570023725402752,12,0.11376569883178769
L_Hip,angle_mae,1,7,Y=1.0,8,1,Model4_ViewBin,24.2280545282089,24.927630394343673,3.447379192890776,12,0.10646275077670234
R_Hip,angle_mae,1,7,Y=1.0,8,1,Model4_ViewBin,21.28858901334848,20.668660415938,4.976230214594873,12,0.10117315605378972
L_Knee,angle_mae,1,7,Y=1.0,8,1,Model4_ViewBin,18.97546478528628,17.636099875838465,3.624877391207059,12,0.10583471232202064
R_Knee,angle_mae,1,7,Y=1.0,8,1,Model4_ViewBin,15.048030497366504,14.73664221595177,1.8256368416190767,12,0.11237632059252839
L_Shoulder,angle_mae,2,0,Y=1.5,8,1,Model4_ViewBin,30.072973754453617,28.61235776394377,7.877709599444053,12,0.09184638798941211
R_Shoulder,angle_mae,2,0,Y=1.5,8,1,Model4_ViewBin,29.77470192065987,30.48764493276009,2.5677536112298616,11,0.10057126636595116
L_Elbow,angle_mae,2,0,Y=1.5,8,1,Model4_ViewBin,14.646733925857552,15.357135639461141,5.42020618923131,12,0.09968689919994977
R_Elbow,angle_mae,2,0,Y=1.5,8,1,Model4_ViewBin,6.876886415166032,5.780910213763036,2.2229129856542453,11,0.10173397130912312
L_Hip,angle_mae,2,0,Y=1.5,8,1,Model4_ViewBin,22.615649627564224,24.336121650680397,7.46067154747204,12,0.09313208498534344
R_Hip,angle_mae,2,0,Y=1.5,8,1,Model4_ViewBin,20.589961997364814,20.69633901346362,6.594642292526821,12,0.09585977015534508
L_Knee,angle_mae,2,0,Y=1.5,8,1,Model4_ViewBin,16.64697265059343,15.349731935619129,6.54551972931475,12,0.09601686131955556
R_Knee,angle_mae,2,0,Y=1.5,8,1,Model4_ViewBin,20.722511881829583,19.53308931135431,4.705255777067536,12,0.10209114028542986
L_Shoulder,angle_mae,2,1,Y=1.5,8,1,Model4_ViewBin,39.561841706977994,38.04375482835566,10.393058325739432,12,0.08445953367543474
R_Shoulder,angle_mae,2,1,Y=1.5,8,1,Model4_ViewBin,37.14620170268957,35.44908389018681,5.142204164389415,11,0.0923006861898636
L_Elbow,angle_mae,2,1,Y=1.5,8,1,Model4_ViewBin,11.316707979313492,12.589829325618371,5.472827015194433,12,0.09951219889352707
R_Elbow,angle_mae,2,1,Y=1.5,8,1,Model4_ViewBin,17.27762157415137,13.346473340408192,9.173353832545367,11,0.08069526667572796
L_Hip,angle_mae,2,1,Y=1.5,8,1,Model4_ViewBin,22.76378611967968,25.020041730076933,7.41357019683355,12,0.0932784213990148
R_Hip,angle_mae,2,1,Y=1.5,8,1,Model4_ViewBin,30.193343969062358,29.282818228146823,5.968922021906133,12,0.09788014680017627
L_Knee,angle_mae,2,1,Y=1.5,8,1,Model4_ViewBin,13.262936314278464,11.445137547376884,6.6654820786520395,12,0.09563368100831833
R_Knee,angle_mae,2,1,Y=1.5,8,1,Model4_ViewBin,14.70293537558898,14.198034142238718,4.9992635648755535,12,0.10109550730803714
L_Shoulder,angle_mae,2,2,Y=1.5,8,1,Model4_ViewBin,37.24831861298264,38.593909337225554,6.706219945679332,11,0.08761197735983059
R_Shoulder,angle_mae,2,2,Y=1.5,8,1,Model4_ViewBin,37.13767236269078,38.74233095968359,3.2307751485907326,10,0.08949225665144742
L_Elbow,angle_mae,2,2,Y=1.5,8,1,Model4_ViewBin,7.211774992606624,7.4680768893678575,2.4283763878249,11,0.10103959823216006
R_Elbow,angle_mae,2,2,Y=1.5,8,1,Model4_ViewBin,26.31965960139617,27.662140823975896,5.798705091034391,10,0.08215062388607523
L_Hip,angle_mae,2,2,Y=1.5,8,1,Model4_ViewBin,17.908877272460753,18.89838346983776,6.040085611153178,11,0.08957911437047858
R_Hip,angle_mae,2,2,Y=1.5,8,1,Model4_ViewBin,28.96561280084244,29.055725548872143,5.448680323363319,11,0.09136255427408431
L_Knee,angle_mae,2,2,Y=1.5,8,1,Model4_ViewBin,11.742380043091517,13.368091516143592,3.6725256195158886,11,0.09693502034299156
R_Knee,angle_mae,2,2,Y=1.5,8,1,Model4_ViewBin,10.971291131705412,11.263838291846117,2.4164317581239043,11,0.10107983559483581
L_Shoulder,angle_mae,2,3,Y=1.5,8,1,Model4_ViewBin,27.772979065590498,26.268037731816165,5.9609066522305225,9,0.07358328348160788
R_Shoulder,angle_mae,2,3,Y=1.5,8,1,Model4_ViewBin,36.02040118661131,35.84186033583887,3.5269864922653618,9,0.07980199828661795
L_Elbow,angle_mae,2,3,Y=1.5,8,1,Model4_ViewBin,16.938515132224108,20.17508388612702,8.148428927972727,9,0.06840873109963243
R_Elbow,angle_mae,2,3,Y=1.5,8,1,Model4_ViewBin,27.673180950609478,28.396949531281926,3.0480197178074744,9,0.0810863068822226
L_Hip,angle_mae,2,3,Y=1.5,8,1,Model4_ViewBin,14.939020619927858,13.193682817351409,6.074502179830452,9,0.07330518592753349
R_Hip,angle_mae,2,3,Y=1.5,8,1,Model4_ViewBin,19.211511410901192,17.578247338006637,9.70495900993187,9,0.06494989510296181
L_Knee,angle_mae,2,3,Y=1.5,8,1,Model4_ViewBin,19.05077274350905,19.045322063087134,2.381135949887096,9,0.08290899524293627
R_Knee,angle_mae,2,3,Y=1.5,8,1,Model4_ViewBin,11.924359927776079,12.09654161685826,5.130224140547989,9,0.07564923216780527
L_Shoulder,angle_mae,2,4,Y=1.5,8,1,Model4_ViewBin,35.95389286853792,37.2934038005029,5.556500203565619,10,0.08281655120355323
R_Shoulder,angle_mae,2,4,Y=1.5,8,1,Model4_ViewBin,25.75497032122654,25.194288067202088,2.907440498098164,11,0.0994389311084268
L_Elbow,angle_mae,2,4,Y=1.5,8,1,Model4_ViewBin,25.64175493853484,25.460720978055818,3.309508476290443,10,0.08925769714127434
R_Elbow,angle_mae,2,4,Y=1.5,8,1,Model4_ViewBin,16.010709038781666,15.20535451710408,7.21167273506126,11,0.08614821905334802
L_Hip,angle_mae,2,4,Y=1.5,8,1,Model4_ViewBin,14.469192008507168,16.024937983849757,5.212607302273766,11,0.09208433155868574
R_Hip,angle_mae,2,4,Y=1.5,8,1,Model4_ViewBin,18.212288750910137,19.504658235062053,6.420465872408558,11,0.08845048042789833
L_Knee,angle_mae,2,4,Y=1.5,8,1,Model4_ViewBin,13.859879864731992,14.367799327176442,3.8486207894339213,11,0.09636769406626806
R_Knee,angle_mae,2,4,Y=1.5,8,1,Model4_ViewBin,14.70424718949929,15.556547099869883,3.509913248340179,11,0.09746187472063036
L_Shoulder,angle_mae,2,5,Y=1.5,8,1,Model4_ViewBin,42.919240384627656,41.82841854088524,2.747123367069008,8,0.07284440313880543
R_Shoulder,angle_mae,2,5,Y=1.5,8,1,Model4_ViewBin,37.524612438317725,38.94808165571441,3.856492935142595,8,0.07019988809146839
L_Elbow,angle_mae,2,5,Y=1.5,8,1,Model4_ViewBin,17.595436650249248,17.65178493820586,2.906778548147351,8,0.07245776664752551
R_Elbow,angle_mae,2,5,Y=1.5,8,1,Model4_ViewBin,7.772433762736097,7.482031329179055,1.2171283372774044,8,0.07665582037066804
L_Hip,angle_mae,2,5,Y=1.5,8,1,Model4_ViewBin,33.035601787487515,32.87063150880047,4.514079279993469,8,0.06867788029554237
R_Hip,angle_mae,2,5,Y=1.5,8,1,Model4_ViewBin,21.894432959021618,21.734687362336626,2.833556705836004,8,0.07263483234969687
L_Knee,angle_mae,2,5,Y=1.5,8,1,Model4_ViewBin,12.492166579913729,13.514419427115088,2.711175422636969,8,0.07293174234130895
R_Knee,angle_mae,2,5,Y=1.5,8,1,Model4_ViewBin,13.432503176851785,13.684775153193897,2.6117816850309943,8,0.07317377501082178
L_Shoulder,angle_mae,2,6,Y=1.5,8,1,Model4_ViewBin,44.23678654830242,44.97418296012794,6.761273560363988,10,0.07955660837370576
R_Shoulder,angle_mae,2,6,Y=1.5,8,1,Model4_ViewBin,39.836617413573535,40.80542819728768,2.2133317980666516,11,0.10176646757349844
L_Elbow,angle_mae,2,6,Y=1.5,8,1,Model4_ViewBin,23.16626844878616,20.955602387946286,6.639117349060798,10,0.07988121326236419
R_Elbow,angle_mae,2,6,Y=1.5,8,1,Model4_ViewBin,8.045903116111155,7.6115735666177455,1.8409728719239822,11,0.10303746077023697
L_Hip,angle_mae,2,6,Y=1.5,8,1,Model4_ViewBin,30.81975906064001,33.35497157781343,7.059345055116767,11,0.08658675674630051
R_Hip,angle_mae,2,6,Y=1.5,8,1,Model4_ViewBin,17.977916879316208,16.890379107083405,5.476451384178066,11,0.09127801890570407
L_Knee,angle_mae,2,6,Y=1.5,8,1,Model4_ViewBin,10.88639508997978,11.85868169092013,3.47844764638322,11,0.09756415156649416
R_Knee,angle_mae,2,6,Y=1.5,8,1,Model4_ViewBin,13.643029199183799,13.563917628903337,0.9461861768747989,11,0.10615696939296748
L_Shoulder,angle_mae,2,7,Y=1.5,8,1,Model4_ViewBin,35.16248543691154,34.28385938826522,4.383049772616027,7,0.06038629133355899
R_Shoulder,angle_mae,2,7,Y=1.5,8,1,Model4_ViewBin,26.767282882123727,24.36379555140805,4.725168211010779,7,0.059701560946108456
L_Elbow,angle_mae,2,7,Y=1.5,8,1,Model4_ViewBin,8.416827230572796,6.088678844543098,6.427523578973875,7,0.056408112545854726
R_Elbow,angle_mae,2,7,Y=1.5,8,1,Model4_ViewBin,5.814120205511252,5.637206458418793,1.3626716197333864,7,0.06678252110955032
L_Hip,angle_mae,2,7,Y=1.5,8,1,Model4_ViewBin,31.158692509021886,33.45024039864075,8.864245260931353,7,0.05200755162318856
R_Hip,angle_mae,2,7,Y=1.5,8,1,Model4_ViewBin,26.870571899908356,28.568978523818675,7.34659942799955,7,0.05470620423784814
L_Knee,angle_mae,2,7,Y=1.5,8,1,Model4_ViewBin,17.36588906343443,16.838008103690463,4.86857135870121,7,0.05941686220773823
R_Knee,angle_mae,2,7,Y=1.5,8,1,Model4_ViewBin,15.462881166171812,16.703456064866693,4.500104824796078,7,0.06015113305687473
L_Shoulder,angle_mae,3,0,Y=2.0,8,1,Model4_ViewBin,31.856916850726353,28.227293850433398,9.875166126660696,8,0.05743904377180455
R_Shoulder,angle_mae,3,0,Y=2.0,8,1,Model4_ViewBin,31.928015933133963,32.00779811298416,2.419673718892169,7,0.0644705147072704
L_Elbow,angle_mae,3,0,Y=2.0,8,1,Model4_ViewBin,15.633367967685494,14.769960440665677,5.00647277909201,8,0.06755986241334128
R_Elbow,angle_mae,3,0,Y=2.0,8,1,Model4_ViewBin,7.748214330359974,7.506152533168006,3.097688565849333,7,0.0630297910267819
L_Hip,angle_mae,3,0,Y=2.0,8,1,Model4_ViewBin,30.76056709339273,34.4895741923869,8.122273800781546,8,0.060895179752044226
R_Hip,angle_mae,3,0,Y=2.0,8,1,Model4_ViewBin,27.44350841714775,25.879265395186632,7.379080008810646,7,0.054647006646912535
L_Knee,angle_mae,3,0,Y=2.0,8,1,Model4_ViewBin,20.427422190097566,17.982319514400317,8.365466303099225,8,0.060403533484379865
R_Knee,angle_mae,3,0,Y=2.0,8,1,Model4_ViewBin,21.218174960009627,23.00462923233172,5.698530640994637,7,0.05779560601141838
L_Shoulder,angle_mae,3,1,Y=2.0,8,1,Model4_ViewBin,43.22815106946015,41.65278099656114,9.511518283532274,13,0.0941484335137371
R_Shoulder,angle_mae,3,1,Y=2.0,8,1,Model4_ViewBin,41.504132705094946,40.14832076034241,7.010866350646654,12,0.09453898231840109
L_Elbow,angle_mae,3,1,Y=2.0,8,1,Model4_ViewBin,10.53502879911945,11.47900603476712,3.311092176529124,13,0.11576398275401349
R_Elbow,angle_mae,3,1,Y=2.0,8,1,Model4_ViewBin,21.560347089772463,18.82178142013369,12.632177979763156,12,0.07838520567637648
L_Hip,angle_mae,3,1,Y=2.0,8,1,Model4_ViewBin,28.074494593085106,28.75722305503093,5.049925995143435,13,0.10924492280487622
R_Hip,angle_mae,3,1,Y=2.0,8,1,Model4_ViewBin,37.75810334840292,36.98187899066641,4.831651101923101,13,0.11004266887996841
L_Knee,angle_mae,3,1,Y=2.0,8,1,Model4_ViewBin,10.190162248192042,11.588905179027998,3.6517132100465832,13,0.1144570281498643
R_Knee,angle_mae,3,1,Y=2.0,8,1,Model4_ViewBin,15.465406754329633,14.695310118296248,4.177353320129687,13,0.11246905482090815
L_Shoulder,angle_mae,3,2,Y=2.0,8,1,Model4_ViewBin,41.13983557895894,41.89221938348836,6.531569547437921,9,0.07219680384341501
R_Shoulder,angle_mae,3,2,Y=2.0,8,1,Model4_ViewBin,41.70181128742379,38.79108320547158,7.619533791090938,9,0.06962545979013879
L_Elbow,angle_mae,3,2,Y=2.0,8,1,Model4_ViewBin,8.28025967852413,8.451020765181045,2.9667837333983633,9,0.08130617530038553
R_Elbow,angle_mae,3,2,Y=2.0,8,1,Model4_ViewBin,32.3641823710942,28.82264507296107,10.651800406798237,9,0.06293199809936889
L_Hip,angle_mae,3,2,Y=2.0,8,1,Model4_ViewBin,21.099514644117637,21.12580955136596,4.348168882365688,9,0.07764722401526418
R_Hip,angle_mae,3,2,Y=2.0,8,1,Model4_ViewBin,30.195158491921216,30.291845080855527,4.503038779877864,9,0.07724741628534944
L_Knee,angle_mae,3,2,Y=2.0,8,1,Model4_ViewBin,11.934612456464652,13.634890026191838,2.8325772031879133,9,0.08167071741369161
R_Knee,angle_mae,3,2,Y=2.0,8,1,Model4_ViewBin,14.73898790191499,13.53704930790422,2.792449073048297,9,0.08178003361420379
L_Shoulder,angle_mae,3,3,Y=2.0,8,1,Model4_ViewBin,30.533148463305086,28.945515441512537,4.284403474424752,11,0.0949779664083532
R_Shoulder,angle_mae,3,3,Y=2.0,8,1,Model4_ViewBin,35.48244398414995,35.83011083275991,5.855377124585689,11,0.09013234983233641
L_Elbow,angle_mae,3,3,Y=2.0,8,1,Model4_ViewBin,20.926342275528437,18.51321521383557,12.334152840090171,11,0.07262577986079043
R_Elbow,angle_mae,3,3,Y=2.0,8,1,Model4_ViewBin,29.020406070612477,29.784448762903214,3.2936561496130916,11,0.09816697378744413
L_Hip,angle_mae,3,3,Y=2.0,8,1,Model4_ViewBin,19.15706650248335,19.30553341259745,8.857919415861659,11,0.08154821176740414
R_Hip,angle_mae,3,3,Y=2.0,8,1,Model4_ViewBin,25.428428401301268,28.311336454869085,10.358394836293265,11,0.07756982926277284
L_Knee,angle_mae,3,3,Y=2.0,8,1,Model4_ViewBin,20.49228492713325,19.597585158955237,2.9882212048217136,11,0.09917153304237948
R_Knee,angle_mae,3,3,Y=2.0,8,1,Model4_ViewBin,12.351718142263138,12.745683695794252,4.507705681925504,11,0.09427363133446628
L_Shoulder,angle_mae,3,4,Y=2.0,8,1,Model4_ViewBin,34.204362383309125,33.94249354366093,3.557301487456477,10,0.08852348573825133
R_Shoulder,angle_mae,3,4,Y=2.0,8,1,Model4_ViewBin,25.403971942782583,24.91672107450715,2.1517524953937044,10,0.0927696487535045
L_Elbow,angle_mae,3,4,Y=2.0,8,1,Model4_ViewBin,31.707402439276194,28.759180273242478,7.856741552860524,10,0.07670395131465972
R_Elbow,angle_mae,3,4,Y=2.0,8,1,Model4_ViewBin,20.630040518745776,20.513724437198917,4.777187535116816,10,0.08499607033988371
L_Hip,angle_mae,3,4,Y=2.0,8,1,Model4_ViewBin,14.951976358027073,16.096354107492516,7.305861157463977,10,0.07812545276105104
R_Hip,angle_mae,3,4,Y=2.0,8,1,Model4_ViewBin,16.213550573866097,17.89600358287555,6.580219964512148,10,0.08003819379217761
L_Knee,angle_mae,3,4,Y=2.0,8,1,Model4_ViewBin,17.085412565104466,18.6788666100095,3.942160719364803,10,0.0873951029977613
R_Knee,angle_mae,3,4,Y=2.0,8,1,Model4_ViewBin,14.81292213940397,15.229020324034485,3.115840467434723,10,0.08983577306323653
L_Shoulder,angle_mae,3,5,Y=2.0,8,1,Model4_ViewBin,44.23675785764126,43.57332900589086,4.705355821416566,7,0.05974100165441451
R_Shoulder,angle_mae,3,5,Y=2.0,8,1,Model4_ViewBin,40.01528405090839,40.86877449148216,3.7591565255629344,8,0.07042802482683634
L_Elbow,angle_mae,3,5,Y=2.0,8,1,Model4_ViewBin,18.74585597903794,19.723362914759395,6.370681204207597,7,0.056515092899911856
R_Elbow,angle_mae,3,5,Y=2.0,8,1,Model4_ViewBin,8.922825704210192,9.593090246746403,2.3511536309625924,8,0.07381224901875662
L_Hip,angle_mae,3,5,Y=2.0,8,1,Model4_ViewBin,33.77571961327039,36.32910330372216,14.152237882735031,8,0.04980698417318728
R_Hip,angle_mae,3,5,Y=2.0,8,1,Model4_ViewBin,25.238575198681325,29.146587014105652,7.681097547586886,8,0.06179731373681258
L_Knee,angle_mae,3,5,Y=2.0,8,1,Model4_ViewBin,10.623190069713669,10.72683846828299,3.7438774705835107,8,0.07046390308460607
R_Knee,angle_mae,3,5,Y=2.0,8,1,Model4_ViewBin,13.127398668732193,13.385207549087118,3.3259515833850153,8,0.07145239534718777
L_Shoulder,angle_mae,3,6,Y=2.0,8,1,Model4_ViewBin,41.94136197110761,40.62924708577588,8.381239731845268,11,0.08285430663033141
R_Shoulder,angle_mae,3,6,Y=2.0,8,1,Model4_ViewBin,41.91930012128962,41.92162549554676,5.7147548922899984,12,0.09871293346737915
L_Elbow,angle_mae,3,6,Y=2.0,8,1,Model4_ViewBin,17.68725416416389,18.14140487998266,6.805300113036314,11,0.08732310100838842
R_Elbow,angle_mae,3,6,Y=2.0,8,1,Model4_ViewBin,10.526038826124795,10.996995917709313,2.169165429874773,12,0.11109684422631638
L_Hip,angle_mae,3,6,Y=2.0,8,1,Model4_ViewBin,41.556599017168985,40.28793214858651,5.653021803584852,12,0.09891627108254795
R_Hip,angle_mae,3,6,Y=2.0,8,1,Model4_ViewBin,27.877568224933523,29.28468313650403,6.656387437308075,12,0.09566267720423542
L_Knee,angle_mae,3,6,Y=2.0,8,1,Model4_ViewBin,11.221696949199208,12.096582568725324,4.984477154451746,12,0.10114534757844171
R_Knee,angle_mae,3,6,Y=2.0,8,1,Model4_ViewBin,12.968864074786408,12.893894378127742,3.3976091148760745,12,0.10663951934631133
L_Shoulder,angle_mae,3,7,Y=2.0,8,1,Model4_ViewBin,35.29129113769053,33.61886930335127,4.501056122886631,9,0.07725252162504831
R_Shoulder,angle_mae,3,7,Y=2.0,8,1,Model4_ViewBin,28.520164257514246,25.04188877868676,8.192830696663838,9,0.06830755703473405
L_Elbow,angle_mae,3,7,Y=2.0,8,1,Model4_ViewBin,11.613188376153706,6.517135308639183,9.477074056963788,9,0.0654451438435318
R_Elbow,angle_mae,3,7,Y=2.0,8,1,Model4_ViewBin,8.790662356768955,7.756066465267908,3.4575681329976566,9,0.07998686955470909
L_Hip,angle_mae,3,7,Y=2.0,8,1,Model4_ViewBin,36.596012289572954,34.13837175950876,8.321611137499517,9,0.06801496291379264
R_Hip,angle_mae,3,7,Y=2.0,8,1,Model4_ViewBin,31.907709360439803,34.70882751389638,8.312142736273726,9,0.06803643273363638
L_Knee,angle_mae,3,7,Y=2.0,8,1,Model4_ViewBin,18.605840327033476,20.69219475075549,6.584101850794761,9,0.07207049231958201
R_Knee,angle_mae,3,7,Y=2.0,8,1,Model4_ViewBin,16.50123139755695,17.855539808148144,5.423090510687316,9,0.07491432131453386
