joint,metric,height_bin,azimuth_bin,height_label,n_azimuth,n_distance,model,bias_mean,bias_median,bias_std,n,reliability_weight
L_Shoulder,angle_mae,0,0,Y=0.5,8,1,Model4_ViewBin,35.99614294352855,33.88953837609521,6.995329750186435,12,0.09458795547845343
R_Shoulder,angle_mae,0,0,Y=0.5,8,1,Model4_ViewBin,34.7722059200452,34.88614152428939,2.1581467946445914,11,0.10195383928451507
L_Elbow,angle_mae,0,0,Y=0.5,8,1,Model4_ViewBin,16.266631847452857,16.702397733197447,3.603385249635726,12,0.10591055997493111
R_Elbow,angle_mae,0,0,Y=0.5,8,1,Model4_ViewBin,7.5775314617174,8.08629237977011,1.4847949184853162,11,0.10426807399999455
L_Hip,angle_mae,0,0,Y=0.5,8,1,Model4_ViewBin,34.974605498511295,36.11305072911354,6.379453660565329,12,0.09654983987591491
R_Hip,angle_mae,0,0,Y=0.5,8,1,Model4_ViewBin,28.20723437926824,25.82036884059396,7.131212073390559,12,0.09416049657315058
L_Knee,angle_mae,0,0,Y=0.5,8,1,Model4_ViewBin,15.794057689820109,15.467671519710073,3.1470017544874542,12,0.10753407211802042
R_Knee,angle_mae,0,0,Y=0.5,8,1,Model4_ViewBin,22.960761594360974,21.249968384924223,6.7967908848542,12,0.09521601092159798
L_Shoulder,angle_mae,0,1,Y=0.5,8,1,Model4_ViewBin,43.75930851902928,45.929599156318005,4.444450600305569,13,0.11147215991643866
R_Shoulder,angle_mae,0,1,Y=0.5,8,1,Model4_ViewBin,41.249342731286205,41.73941594653351,2.6970109895549914,12,0.10915920789523768
L_Elbow,angle_mae,0,1,Y=0.5,8,1,Model4_ViewBin,14.129958781234475,14.2557588018663,1.7604163217092144,13,0.12190507671342729
R_Elbow,angle_mae,0,1,Y=0.5,8,1,Model4_ViewBin,17.14805557831134,16.55317382134195,9.55137561256346,12,0.08686269196996728
L_Hip,angle_mae,0,1,Y=0.5,8,1,Model4_ViewBin,35.42065993229322,35.70702059396424,3.8465313558471363,13,0.11371615946460044
R_Hip,angle_mae,0,1,Y=0.5,8,1,Model4_ViewBin,23.271846404260966,22.650335927263427,2.542287745187788,13,0.1187689847100302
L_Knee,angle_mae,0,1,Y=0.5,8,1,Model4_ViewBin,14.464606238845066,14.372514057959114,1.315027705079552,13,0.12372841591434985
R_Knee,angle_mae,0,1,Y=0.5,8,1,Model4_ViewBin,22.886801368171856,21.899523013456623,2.8251221329065017,13,0.11765451470321771
L_Shoulder,angle_mae,0,2,Y=0.5,8,1,Model4_ViewBin,39.662850065135565,38.67685398560262,4.753314845804854,12,0.10192772437636959
R_Shoulder,angle_mae,0,2,Y=0.5,8,1,Model4_ViewBin,43.706861497752726,44.65740333904655,4.281239159766383,12,0.10354433037167235
L_Elbow,angle_mae,0,2,Y=0.5,8,1,Model4_ViewBin,12.673510508955054,12.587071734641675,1.1071698572274993,12,0.1151000953180633
R_Elbow,angle_mae,0,2,Y=0.5,8,1,Model4_ViewBin,29.420402531630444,33.05820459575659,7.074247396762555,12,0.09433946050436753
L_Hip,angle_mae,0,2,Y=0.5,8,1,Model4_ViewBin,29.394194163276925,28.896020274816,3.207342191169551,12,0.10731800105890457
R_Hip,angle_mae,0,2,Y=0.5,8,1,Model4_ViewBin,29.466273708464442,28.927787409239023,6.958487144706112,12,0.09470418906054107
L_Knee,angle_mae,0,2,Y=0.5,8,1,Model4_ViewBin,14.937193041999791,14.821248204683334,1.7154749592107907,12,0.11278973206491003
R_Knee,angle_mae,0,2,Y=0.5,8,1,Model4_ViewBin,20.167957307241227,19.02120640596035,2.367755281481036,12,0.11036384946468356
L_Shoulder,angle_mae,0,3,Y=0.5,8,1,Model4_ViewBin,34.4457269231638,33.56138559296237,3.920551198454166,9,0.0787619271246248
R_Shoulder,angle_mae,0,3,Y=0.5,8,1,Model4_ViewBin,41.786877312473216,44.82009279568577,6.5810601568201434,9,0.07207779990277416
L_Elbow,angle_mae,0,3,Y=0.5,8,1,Model4_ViewBin,17.92448549440216,13.453374852346636,9.697217017533047,9,0.06496665865239637
R_Elbow,angle_mae,0,3,Y=0.5,8,1,Model4_ViewBin,31.80036916314126,33.997617158012204,5.9021213671707,9,0.07372761198513382
L_Hip,angle_mae,0,3,Y=0.5,8,1,Model4_ViewBin,24.583299475032902,25.370760100632864,5.849213480683666,9,0.07385775244654445
R_Hip,angle_mae,0,3,Y=0.5,8,1,Model4_ViewBin,34.93049889062373,35.87164502442182,8.03024508174861,9,0.06867875619237067
L_Knee,angle_mae,0,3,Y=0.5,8,1,Model4_ViewBin,18.341356630733205,18.068071442348018,4.4184560703510165,9,0.07746551679218239
R_Knee,angle_mae,0,3,Y=0.5,8,1,Model4_ViewBin,22.505017540847575,22.63673336532212,4.4845413773414435,9,0.07729506019044584
L_Shoulder,angle_mae,0,4,Y=0.5,8,1,Model4_ViewBin,39.61126455986994,39.411654005794986,4.299323532754643,8,0.06917127649978862
R_Shoulder,angle_mae,0,4,Y=0.5,8,1,Model4_ViewBin,33.86385992148094,32.05447334960094,5.636851347054895,11,0.09079128823011756
L_Elbow,angle_mae,0,4,Y=0.5,8,1,Model4_ViewBin,33.476824901357304,29.68152760166255,9.281183806470448,8,0.058587636192589415
R_Elbow,angle_mae,0,4,Y=0.5,8,1,Model4_ViewBin,16.52168351594223,13.816440141599257,6.59225508774852,11,0.08794543321473335
L_Hip,angle_mae,0,4,Y=0.5,8,1,Model4_ViewBin,42.73403251344413,42.83400810920475,5.6959816315057115,11,0.09061251398090728
R_Hip,angle_mae,0,4,Y=0.5,8,1,Model4_ViewBin,32.624585739147896,28.67034062274321,8.918154862099085,11,0.08138463960553718
L_Knee,angle_mae,0,4,Y=0.5,8,1,Model4_ViewBin,18.858126595159952,19.767826681757377,6.709115105906487,11,0.08760352274405246
R_Knee,angle_mae,0,4,Y=0.5,8,1,Model4_ViewBin,20.624169138727694,22.345110977118576,4.484584576878137,11,0.09434631635794556
L_Shoulder,angle_mae,0,5,Y=0.5,8,1,Model4_ViewBin,48.92353501755526,48.40324797193253,4.336669653041623,8,0.06908522078127009
R_Shoulder,angle_mae,0,5,Y=0.5,8,1,Model4_ViewBin,44.61588411107462,43.338766158912,5.014652015735185,9,0.07594122566189403
L_Elbow,angle_mae,0,5,Y=0.5,8,1,Model4_ViewBin,28.43660562789536,28.43047111937812,4.394354265125153,8,0.0689525099396666
R_Elbow,angle_mae,0,5,Y=0.5,8,1,Model4_ViewBin,15.818102365810395,12.15677845849979,7.153925215149244,9,0.07071449604611536
L_Hip,angle_mae,0,5,Y=0.5,8,1,Model4_ViewBin,24.957832657095544,22.77661623549361,11.151476382318377,9,0.06189249214849469
R_Hip,angle_mae,0,5,Y=0.5,8,1,Model4_ViewBin,33.35886055744614,32.37358549842733,3.472392275135037,9,0.07994735476094834
L_Knee,angle_mae,0,5,Y=0.5,8,1,Model4_ViewBin,13.819599462015718,14.80749415206466,4.887419845216107,9,0.07626398182666907
R_Knee,angle_mae,0,5,Y=0.5,8,1,Model4_ViewBin,15.326777920136387,13.904759036793832,7.1394521792738646,9,0.07074861939119965
L_Shoulder,angle_mae,0,6,Y=0.5,8,1,Model4_ViewBin,43.343285824992414,42.817947122878,3.1357189815982602,7,0.06294994001168651
R_Shoulder,angle_mae,0,6,Y=0.5,8,1,Model4_ViewBin,44.013829700921754,45.33833739512511,3.2432882044889886,11,0.0983319278469374
L_Elbow,angle_mae,0,6,Y=0.5,8,1,Model4_ViewBin,19.2332080533133,20.48804165860239,4.093656241968839,7,0.06097162338481329
R_Elbow,angle_mae,0,6,Y=0.5,8,1,Model4_ViewBin,12.942840578292474,11.359110611306903,3.770592461061592,11,0.09661866731106597
L_Hip,angle_mae,0,6,Y=0.5,8,1,Model4_ViewBin,20.65782122875138,20.64867642927304,4.038850512952544,10,0.08711388261123465
R_Hip,angle_mae,0,6,Y=0.5,8,1,Model4_ViewBin,32.787344163701114,33.113564320353525,4.75762174460596,11,0.09349154363677088
L_Knee,angle_mae,0,6,Y=0.5,8,1,Model4_ViewBin,15.539190579778591,16.794667003625243,4.079135762130834,10,0.08699698097006764
R_Knee,angle_mae,0,6,Y=0.5,8,1,Model4_ViewBin,12.179723258526538,12.249596901073282,1.7167014680892687,11,0.10346516634810186
L_Shoulder,angle_mae,0,7,Y=0.5,8,1,Model4_ViewBin,35.5298239988417,35.5154009889863,2.1505437653552457,10,0.09277338661084185
R_Shoulder,angle_mae,0,7,Y=0.5,8,1,Model4_ViewBin,30.84918242999806,30.506930780495175,5.843302087322476,10,0.08202859224367617
L_Elbow,angle_mae,0,7,Y=0.5,8,1,Model4_ViewBin,8.000388514497075,7.796875463418166,3.593967990363327,10,0.08841535694188726
R_Elbow,angle_mae,0,7,Y=0.5,8,1,Model4_ViewBin,10.45667264704404,11.069562344875752,1.8851459447877037,10,0.09359775615286879
L_Hip,angle_mae,0,7,Y=0.5,8,1,Model4_ViewBin,18.281962718763538,20.237277647093634,7.347408738110185,10,0.07801733019721128
R_Hip,angle_mae,0,7,Y=0.5,8,1,Model4_ViewBin,42.02800726638625,40.47587330435741,4.584332197714011,10,0.0855442285669046
L_Knee,angle_mae,0,7,Y=0.5,8,1,Model4_ViewBin,17.206698592169268,16.90908908529525,2.8086265266896855,10,0.090760459654766
R_Knee,angle_mae,0,7,Y=0.5,8,1,Model4_ViewBin,14.510510750526,14.17031711315838,2.014867014615206,10,0.09319390986958277
L_Shoulder,angle_mae,1,0,Y=1.0,8,1,Model4_ViewBin,33.20802672814283,30.898098676340773,7.057542327980962,14,0.10993479241287611
R_Shoulder,angle_mae,1,0,Y=1.0,8,1,Model4_ViewBin,35.52009343275838,35.4396746971034,2.6889666492935502,14,0.12716768667533468
L_Elbow,angle_mae,1,0,Y=1.0,8,1,Model4_ViewBin,16.14923099880081,17.038169926911227,3.2290581821899638,14,0.12489876534889059
R_Elbow,angle_mae,1,0,Y=1.0,8,1,Model4_ViewBin,7.681338099989581,8.19891418941478,1.5373832362897009,14,0.13214406075463006
L_Hip,angle_mae,1,0,Y=1.0,8,1,Model4_ViewBin,43.45672591841372,46.83830494943777,8.42790882620281,14,0.10502606006921822
R_Hip,angle_mae,1,0,Y=1.0,8,1,Model4_ViewBin,19.441052891665812,17.373918626781574,6.279090188029188,14,0.11282475773392056
L_Knee,angle_mae,1,0,Y=1.0,8,1,Model4_ViewBin,16.70579494046283,15.76294859178276,3.4156994150980053,14,0.12412413549349928
R_Knee,angle_mae,1,0,Y=1.0,8,1,Model4_ViewBin,23.950827992943427,23.5820853063211,2.7713990187601603,14,0.12681874184296346
L_Shoulder,angle_mae,1,1,Y=1.0,8,1,Model4_ViewBin,41.56115064598819,37.58211900006971,8.712407306207817,12,0.08932614559909723
R_Shoulder,angle_mae,1,1,Y=1.0,8,1,Model4_ViewBin,40.862904419061216,39.75839943862016,2.5007709695841376,10,0.09169662523141509
L_Elbow,angle_mae,1,1,Y=1.0,8,1,Model4_ViewBin,12.303485202154137,13.061317726231419,3.434985053047271,12,0.10650674367101969
R_Elbow,angle_mae,1,1,Y=1.0,8,1,Model4_ViewBin,19.226653455046765,15.732091939262652,11.682935978656378,10,0.06751929503099136
L_Hip,angle_mae,1,1,Y=1.0,8,1,Model4_ViewBin,43.7543609264446,47.514207008836465,9.882891296253504,12,0.0859080979085891
R_Hip,angle_mae,1,1,Y=1.0,8,1,Model4_ViewBin,14.482059571464637,13.771615992600758,5.444381033358535,12,0.09960660104922675
L_Knee,angle_mae,1,1,Y=1.0,8,1,Model4_ViewBin,12.922608233413477,14.151168177159438,3.2822663892780093,12,0.10705031163257325
R_Knee,angle_mae,1,1,Y=1.0,8,1,Model4_ViewBin,21.441861329349845,22.21505911909273,3.3406064591453206,12,0.1068423364975153
L_Shoulder,angle_mae,1,2,Y=1.0,8,1,Model4_ViewBin,39.17204633191425,40.66425704982595,4.298848649165414,12,0.10348356944663102
R_Shoulder,angle_mae,1,2,Y=1.0,8,1,Model4_ViewBin,43.74615576747987,43.95353835800917,1.890779810993638,12,0.11213256776099982
L_Elbow,angle_mae,1,2,Y=1.0,8,1,Model4_ViewBin,11.952422452676204,11.815715029411043,1.2072762478843677,12,0.11471666024199173
R_Elbow,angle_mae,1,2,Y=1.0,8,1,Model4_ViewBin,30.75086318979027,31.808181644353265,7.0012961653574655,12,0.09456914564855089
L_Hip,angle_mae,1,2,Y=1.0,8,1,Model4_ViewBin,35.26521646515115,36.51848580617663,4.788956355894657,12,0.10180670101430123
R_Hip,angle_mae,1,2,Y=1.0,8,1,Model4_ViewBin,23.60687741092896,23.94786191676244,5.601814257675917,12,0.09908525724738512
L_Knee,angle_mae,1,2,Y=1.0,8,1,Model4_ViewBin,14.801196355879265,14.871765472196884,1.3570381124607784,12,0.11414541457738107
R_Knee,angle_mae,1,2,Y=1.0,8,1,Model4_ViewBin,19.902929284752616,18.903044414736765,2.680373062458892,12,0.10921976411727997
L_Shoulder,angle_mae,1,3,Y=1.0,8,1,Model4_ViewBin,31.061030557819798,29.78618275792535,4.958858471632212,15,0.12620141208543348
R_Shoulder,angle_mae,1,3,Y=1.0,8,1,Model4_ViewBin,39.54371485736765,41.318209563928825,6.142667058802153,15,0.12131844350491423
L_Elbow,angle_mae,1,3,Y=1.0,8,1,Model4_ViewBin,19.22819053472322,19.23930936128132,8.867283524374207,15,0.11078576642794724
R_Elbow,angle_mae,1,3,Y=1.0,8,1,Model4_ViewBin,27.076140367033066,29.571077777083115,6.002798216656762,15,0.12188538644628841
L_Hip,angle_mae,1,3,Y=1.0,8,1,Model4_ViewBin,28.032008775521238,30.46957774085208,6.480839472467025,15,0.11995857073338496
R_Hip,angle_mae,1,3,Y=1.0,8,1,Model4_ViewBin,31.228320287040535,31.972935142089987,4.518417936875612,15,0.1280678869945477
L_Knee,angle_mae,1,3,Y=1.0,8,1,Model4_ViewBin,17.023880621336755,15.932712699502776,3.4584964934069973,15,0.1326734976681723
R_Knee,angle_mae,1,3,Y=1.0,8,1,Model4_ViewBin,19.02022069787662,18.52892882989989,2.889322482877425,15,0.13521467116688007
L_Shoulder,angle_mae,1,4,Y=1.0,8,1,Model4_ViewBin,43.4210075782172,41.53219386049027,6.941287351355878,13,0.10257015271188306
R_Shoulder,angle_mae,1,4,Y=1.0,8,1,Model4_ViewBin,33.109133688844615,32.07188074772009,4.5766747141777016,14,0.11941239196795662
L_Elbow,angle_mae,1,4,Y=1.0,8,1,Model4_ViewBin,30.194789179379548,27.678733087127565,6.997885711994049,13,0.10237682505323817
R_Elbow,angle_mae,1,4,Y=1.0,8,1,Model4_ViewBin,14.42818457060759,12.976600820036964,4.746172015780609,14,0.1187396250200862
L_Hip,angle_mae,1,4,Y=1.0,8,1,Model4_ViewBin,32.25751030509339,32.41436065257795,8.06010927705116,14,0.10632160343095785
R_Hip,angle_mae,1,4,Y=1.0,8,1,Model4_ViewBin,36.266389893224876,35.08911284020992,6.189844649997491,14,0.11316089433780355
L_Knee,angle_mae,1,4,Y=1.0,8,1,Model4_ViewBin,20.241040705452324,20.70357936177656,4.37292048610336,14,0.12022617837165976
R_Knee,angle_mae,1,4,Y=1.0,8,1,Model4_ViewBin,19.914739794356258,19.7081712840701,3.5758419101473673,14,0.12346331585930126
L_Shoulder,angle_mae,1,5,Y=1.0,8,1,Model4_ViewBin,46.709393807858284,46.0787178799369,2.4171393019731555,10,0.09195260659085026
R_Shoulder,angle_mae,1,5,Y=1.0,8,1,Model4_ViewBin,42.01460263512136,42.78440509910009,2.8868511547820823,10,0.09052411115317126
L_Elbow,angle_mae,1,5,Y=1.0,8,1,Model4_ViewBin,26.839804803597644,27.96292933930723,3.846264769649707,10,0.08767491118078044
R_Elbow,angle_mae,1,5,Y=1.0,8,1,Model4_ViewBin,10.432479323338523,9.328760212429735,2.634521564255721,10,0.0912887192630355
L_Hip,angle_mae,1,5,Y=1.0,8,1,Model4_ViewBin,13.911926660473643,13.509376240197536,4.574613817125189,10,0.08557194476828514
R_Hip,angle_mae,1,5,Y=1.0,8,1,Model4_ViewBin,38.7364489500755,38.23463745753724,2.0178047433950335,10,0.09318478436868988
L_Knee,angle_mae,1,5,Y=1.0,8,1,Model4_ViewBin,19.333236485332314,17.79813752335906,3.4804758278603463,10,0.08875047209319731
R_Knee,angle_mae,1,5,Y=1.0,8,1,Model4_ViewBin,13.21617233958516,12.717865358049117,3.065508029151095,10,0.0899866213540024
L_Shoulder,angle_mae,1,6,Y=1.0,8,1,Model4_ViewBin,42.858377716532935,42.094257767596034,4.301019996816237,11,0.09492537419117626
R_Shoulder,angle_mae,1,6,Y=1.0,8,1,Model4_ViewBin,41.432887646092986,42.1564307422218,3.6468473885607646,12,0.10575723441698466
L_Elbow,angle_mae,1,6,Y=1.0,8,1,Model4_ViewBin,21.200447831132667,23.070038341579725,6.332818479739271,11,0.08870927341899518
R_Elbow,angle_mae,1,6,Y=1.0,8,1,Model4_ViewBin,9.579090259668357,9.104281491258014,1.1380734471143723,12,0.1149815894947437
L_Hip,angle_mae,1,6,Y=1.0,8,1,Model4_ViewBin,14.190907740610797,14.090407084855421,4.949090926373695,12,0.10126472304667487
R_Hip,angle_mae,1,6,Y=1.0,8,1,Model4_ViewBin,41.61173235929466,40.93128202267745,7.623467438203437,12,0.09262806972469
L_Knee,angle_mae,1,6,Y=1.0,8,1,Model4_ViewBin,16.553739945064336,17.932448080504994,5.612850945239479,12,0.09904881151758524
R_Knee,angle_mae,1,6,Y=1.0,8,1,Model4_ViewBin,12.795693488304442,12.77301286337881,1.700677297614955,12,0.11284537993097266
L_Shoulder,angle_mae,1,7,Y=1.0,8,1,Model4_ViewBin,35.94239162720043,35.67675155786743,1.8511499814824108,12,0.11228079212598457
R_Shoulder,angle_mae,1,7,Y=1.0,8,1,Model4_ViewBin,30.022246110499037,29.031869024713714,4.926482743215241,12,0.10134106552267746
L_Elbow,angle_mae,1,7,Y=1.0,8,1,Model4_ViewBin,8.1344296626207,7.054271606731234,2.5104651411191763,12,0.10984009588347834
R_Elbow,angle_mae,1,7,Y=1.0,8,1,Model4_ViewBin,9.348573004771584,9.449258567741612,2.067735267167238,12,0.11147309896041688
L_Hip,angle_mae,1,7,Y=1.0,8,1,Model4_ViewBin,14.410043879649763,14.457237847084802,1.9118733503974652,12,0.11205375304771718
R_Hip,angle_mae,1,7,Y=1.0,8,1,Model4_ViewBin,50.24088536560817,49.80448047980674,5.350230554217523,12,0.09991969239440003
L_Knee,angle_mae,1,7,Y=1.0,8,1,Model4_ViewBin,16.48798175804578,17.242177518600073,4.285239509135391,12,0.1035305241756307
R_Knee,angle_mae,1,7,Y=1.0,8,1,Model4_ViewBin,16.639684550358776,17.176297372783203,3.6126751557066283,12,0.10587776841389906
L_Shoulder,angle_mae,2,0,Y=1.5,8,1,Model4_ViewBin,33.565417168841506,31.66711476121339,7.683798840313417,12,0.09244197753008385
R_Shoulder,angle_mae,2,0,Y=1.5,8,1,Model4_ViewBin,34.80203031610723,35.02329224304878,2.2506017283724784,11,0.10164011843501085
L_Elbow,angle_mae,2,0,Y=1.5,8,1,Model4_ViewBin,16.787145444711882,16.856486015051352,3.7951156963610306,12,0.10523584237073402
R_Elbow,angle_mae,2,0,Y=1.5,8,1,Model4_ViewBin,8.416490803514892,8.36224095045019,1.0701584809392122,11,0.10571919042081589
L_Hip,angle_mae,2,0,Y=1.5,8,1,Model4_ViewBin,48.72558271037254,53.31253409021716,12.259591210486166,12,0.07936478574605446
R_Hip,angle_mae,2,0,Y=1.5,8,1,Model4_ViewBin,16.864558382019258,12.967617776933404,8.970302299012413,12,0.088561544564833
L_Knee,angle_mae,2,0,Y=1.5,8,1,Model4_ViewBin,17.89388756316327,16.41437421448743,3.959410520767759,12,0.10466109413510787
R_Knee,angle_mae,2,0,Y=1.5,8,1,Model4_ViewBin,23.28270732704848,23.700636089270333,3.000478988220325,12,0.1080605631105295
L_Shoulder,angle_mae,2,1,Y=1.5,8,1,Model4_ViewBin,42.91207308842492,43.45801589787884,8.810189598207064,13,0.09637532842037085
R_Shoulder,angle_mae,2,1,Y=1.5,8,1,Model4_ViewBin,42.67014878772164,41.94299392080087,5.284217758770645,12,0.10013980041185247
L_Elbow,angle_mae,2,1,Y=1.5,8,1,Model4_ViewBin,12.075676440872996,13.656074657873248,3.8086547451005743,13,0.11385982289383427
R_Elbow,angle_mae,2,1,Y=1.5,8,1,Model4_ViewBin,22.893634955182776,20.29016292564306,13.175051420232206,12,0.07697952097324699
L_Hip,angle_mae,2,1,Y=1.5,8,1,Model4_ViewBin,44.37562318842109,45.37250835826836,14.201421984586307,13,0.08052297064916539
R_Hip,angle_mae,2,1,Y=1.5,8,1,Model4_ViewBin,13.076220999701953,12.380066864061646,3.8781531221842056,13,0.11359635908657377
L_Knee,angle_mae,2,1,Y=1.5,8,1,Model4_ViewBin,13.927155056033484,14.717021166550165,4.211709731967065,13,0.11234032743961299
R_Knee,angle_mae,2,1,Y=1.5,8,1,Model4_ViewBin,26.317502283311253,24.35296696177013,5.910661365646512,13,0.10615509453120224
L_Shoulder,angle_mae,2,2,Y=1.5,8,1,Model4_ViewBin,39.350596319832135,41.05990647255024,5.502563503927077,12,0.09941360965052577
R_Shoulder,angle_mae,2,2,Y=1.5,8,1,Model4_ViewBin,43.69553711665023,43.91064875641116,2.6453072534540585,12,0.10934750140252715
L_Elbow,angle_mae,2,2,Y=1.5,8,1,Model4_ViewBin,10.29881465708168,11.279490529093133,3.1525006882995323,12,0.1075143631662086
R_Elbow,angle_mae,2,2,Y=1.5,8,1,Model4_ViewBin,33.293944857572725,33.52423052153181,5.849649059115777,12,0.09827006991154588
L_Hip,angle_mae,2,2,Y=1.5,8,1,Model4_ViewBin,36.72109052888223,40.47586038855763,12.939005035878091,12,0.07758760134216736
R_Hip,angle_mae,2,2,Y=1.5,8,1,Model4_ViewBin,15.324126781821816,14.302916017834557,6.252242655173139,12,0.09696011586153994
L_Knee,angle_mae,2,2,Y=1.5,8,1,Model4_ViewBin,14.129972760379713,14.418880107187407,3.1834772669488074,12,0.10740340622295665
R_Knee,angle_mae,2,2,Y=1.5,8,1,Model4_ViewBin,22.24731292635659,20.27491742619506,7.146437810295403,12,0.09411271993316354
L_Shoulder,angle_mae,2,3,Y=1.5,8,1,Model4_ViewBin,32.081429568650464,30.724373339072272,4.032528505431346,9,0.07846849015361297
R_Shoulder,angle_mae,2,3,Y=1.5,8,1,Model4_ViewBin,37.26276330190534,38.15309732145854,5.785623903909757,9,0.07401447125656557
L_Elbow,angle_mae,2,3,Y=1.5,8,1,Model4_ViewBin,20.643087245783647,23.52714678145253,8.29122195165037,9,0.06808389513274882
R_Elbow,angle_mae,2,3,Y=1.5,8,1,Model4_ViewBin,28.328289323721062,28.305346553658826,4.422742014929294,9,0.07745445048563752
L_Hip,angle_mae,2,3,Y=1.5,8,1,Model4_ViewBin,30.040227244332407,31.65453277860605,6.472854406093239,9,0.07233824372738899
R_Hip,angle_mae,2,3,Y=1.5,8,1,Model4_ViewBin,27.985614679670135,32.1517138621588,9.094587656453347,9,0.06628488152257399
L_Knee,angle_mae,2,3,Y=1.5,8,1,Model4_ViewBin,18.123334848506364,17.533459695438438,4.838947659244863,9,0.07638730415855724
R_Knee,angle_mae,2,3,Y=1.5,8,1,Model4_ViewBin,18.100135044322894,18.551346102090605,3.3971323427776965,9,0.08014816762539058
L_Shoulder,angle_mae,2,4,Y=1.5,8,1,Model4_ViewBin,44.6664099675156,44.96864052564717,6.316017868022779,9,0.07271740997304575
R_Shoulder,angle_mae,2,4,Y=1.5,8,1,Model4_ViewBin,32.870458080678354,30.41389971775828,6.024393130144133,11,0.0896259839127688
L_Elbow,angle_mae,2,4,Y=1.5,8,1,Model4_ViewBin,32.594614019318016,31.867569498100167,8.994682482423581,9,0.06650598956966636
R_Elbow,angle_mae,2,4,Y=1.5,8,1,Model4_ViewBin,14.943650864160984,11.911721571833322,5.175083730562105,11,0.09219958138737266
L_Hip,angle_mae,2,4,Y=1.5,8,1,Model4_ViewBin,24.043893101985944,23.0934777181698,5.85048275714413,11,0.09014705572651963
R_Hip,angle_mae,2,4,Y=1.5,8,1,Model4_ViewBin,43.300934848769856,39.36830129274856,7.704870329284648,11,0.0847435273868705
L_Knee,angle_mae,2,4,Y=1.5,8,1,Model4_ViewBin,18.88335811210498,19.38076407684541,4.33300736608059,11,0.09482421436481181
R_Knee,angle_mae,2,4,Y=1.5,8,1,Model4_ViewBin,18.244044640332422,19.04235834042152,3.2870210195268044,11,0.09818868787666096
L_Shoulder,angle_mae,2,5,Y=1.5,8,1,Model4_ViewBin,49.303885082734396,49.38885549966179,5.032487679749354,8,0.06750130237060224
R_Shoulder,angle_mae,2,5,Y=1.5,8,1,Model4_ViewBin,44.23235513243955,45.606550112724165,4.373035964622194,8,0.06900152569739243
L_Elbow,angle_mae,2,5,Y=1.5,8,1,Model4_ViewBin,27.776860995990955,27.96561366823981,4.163861496398006,8,0.06948431878940976
R_Elbow,angle_mae,2,5,Y=1.5,8,1,Model4_ViewBin,11.8664572321829,11.598024402963738,2.803973814780321,8,0.07270649262026466
L_Hip,angle_mae,2,5,Y=1.5,8,1,Model4_ViewBin,15.314614546283934,15.043112876825612,3.7220597071975425,8,0.07051516721564965
R_Hip,angle_mae,2,5,Y=1.5,8,1,Model4_ViewBin,49.4333907708167,49.44131862461369,3.72582435312752,8,0.07050631894959575
L_Knee,angle_mae,2,5,Y=1.5,8,1,Model4_ViewBin,21.073825004339124,20.210196267776382,3.6921895126814537,8,0.07058541223909055
R_Knee,angle_mae,2,5,Y=1.5,8,1,Model4_ViewBin,16.43003176432335,15.678260672839553,3.2937522549521177,8,0.07152912715653709
L_Shoulder,angle_mae,2,6,Y=1.5,8,1,Model4_ViewBin,49.34397731819349,46.09099822147076,8.87619979550724,10,0.07414119250630433
R_Shoulder,angle_mae,2,6,Y=1.5,8,1,Model4_ViewBin,43.77304687793247,44.03749474486273,3.7166099634133634,12,0.10551159024110907
L_Elbow,angle_mae,2,6,Y=1.5,8,1,Model4_ViewBin,27.097435768502272,27.04976341111174,5.042284474983629,10,0.0842483057690336
R_Elbow,angle_mae,2,6,Y=1.5,8,1,Model4_ViewBin,11.022706074867182,11.710190782447054,3.7162956656880115,12,0.10551269564865987
L_Hip,angle_mae,2,6,Y=1.5,8,1,Model4_ViewBin,14.924761407625907,13.931979853723554,5.032617169826054,12,0.10098317311168092
R_Hip,angle_mae,2,6,Y=1.5,8,1,Model4_ViewBin,46.02253733583917,46.493806190895675,6.657842471861927,12,0.095658037566722
L_Knee,angle_mae,2,6,Y=1.5,8,1,Model4_ViewBin,19.089270254001004,19.06645563735338,10.043640058999559,12,0.08544900829351444
R_Knee,angle_mae,2,6,Y=1.5,8,1,Model4_ViewBin,14.681537163832303,14.278034965515793,7.124294271069043,12,0.09418221186681579
L_Shoulder,angle_mae,2,7,Y=1.5,8,1,Model4_ViewBin,36.85867303294889,36.57920354469724,1.857393743526821,7,0.06569025894410566
R_Shoulder,angle_mae,2,7,Y=1.5,8,1,Model4_ViewBin,30.505709858983746,27.884798013383605,4.899099445325979,7,0.059356430190302484
L_Elbow,angle_mae,2,7,Y=1.5,8,1,Model4_ViewBin,8.74975619413726,8.939535115588452,1.5712473616393836,7,0.06631982429930196
R_Elbow,angle_mae,2,7,Y=1.5,8,1,Model4_ViewBin,10.542884504255909,10.126686815477113,1.773017096496329,7,0.06587527646785499
L_Hip,angle_mae,2,7,Y=1.5,8,1,Model4_ViewBin,15.721613958718125,15.74906326809544,1.513001367556539,7,0.06644871151467152
R_Hip,angle_mae,2,7,Y=1.5,8,1,Model4_ViewBin,58.691092359292306,59.11696291058514,2.8447804894081776,7,0.06356339518680386
L_Knee,angle_mae,2,7,Y=1.5,8,1,Model4_ViewBin,19.39256233216732,19.207757261863897,3.3385251100535025,7,0.06252582073933745
R_Knee,angle_mae,2,7,Y=1.5,8,1,Model4_ViewBin,18.02696585655736,19.19459735321834,4.980173340484832,7,0.0591962381776956
L_Shoulder,angle_mae,3,0,Y=2.0,8,1,Model4_ViewBin,32.26534754461977,31.286322162586263,4.05674472196402,7,0.06104668806441047
R_Shoulder,angle_mae,3,0,Y=2.0,8,1,Model4_ViewBin,36.086053180412335,37.02663878814348,2.5280269957401704,7,0.06423808165703335
L_Elbow,angle_mae,3,0,Y=2.0,8,1,Model4_ViewBin,17.57335365501809,17.562045338364225,4.192959411356344,7,0.060770134528659106
R_Elbow,angle_mae,3,0,Y=2.0,8,1,Model4_ViewBin,7.533586905277963,7.79329766921132,1.0220562802676174,7,0.06754508027688726
L_Hip,angle_mae,3,0,Y=2.0,8,1,Model4_ViewBin,57.58899443718725,63.33918928330803,13.041216712172808,7,0.04524791310483843
R_Hip,angle_mae,3,0,Y=2.0,8,1,Model4_ViewBin,16.492055902334013,14.313478556637598,7.982621982604831,7,0.053558599603641885
L_Knee,angle_mae,3,0,Y=2.0,8,1,Model4_ViewBin,14.917570973658318,15.381901700053046,3.143211455142162,7,0.06293422028275818
R_Knee,angle_mae,3,0,Y=2.0,8,1,Model4_ViewBin,23.428019236639816,24.528718345211896,2.9243816392266826,7,0.06339496143285712
L_Shoulder,angle_mae,3,1,Y=2.0,8,1,Model4_ViewBin,45.69163378582765,46.65498654809928,7.705207329200624,13,0.09999127997260439
R_Shoulder,angle_mae,3,1,Y=2.0,8,1,Model4_ViewBin,45.50200108531893,45.69939373507966,4.792817460403771,12,0.10179359898037986
L_Elbow,angle_mae,3,1,Y=2.0,8,1,Model4_ViewBin,11.700482290630477,12.649516001764292,3.2232925275510915,13,0.11610328025018563
R_Elbow,angle_mae,3,1,Y=2.0,8,1,Model4_ViewBin,27.206909357669897,28.26070243028324,11.072505479265471,12,0.08256817285864532
L_Hip,angle_mae,3,1,Y=2.0,8,1,Model4_ViewBin,52.34599301021064,55.18001074174456,8.470563232130813,13,0.09747258105262413
R_Hip,angle_mae,3,1,Y=2.0,8,1,Model4_ViewBin,12.381942933101161,12.666180530336812,4.372517686941111,13,0.11173976452193671
L_Knee,angle_mae,3,1,Y=2.0,8,1,Model4_ViewBin,15.037031002067268,15.467851894080908,2.21325473289886,13,0.1200787849322567
R_Knee,angle_mae,3,1,Y=2.0,8,1,Model4_ViewBin,25.13564013398529,25.454020420451613,3.378254959496895,13,0.11550510493641061
L_Shoulder,angle_mae,3,2,Y=2.0,8,1,Model4_ViewBin,43.71360278656229,44.27552012060319,5.310286226621487,11,0.09178499585442719
R_Shoulder,angle_mae,3,2,Y=2.0,8,1,Model4_ViewBin,47.7941887283326,46.97150267488944,5.719376496830279,11,0.09054187927393437
L_Elbow,angle_mae,3,2,Y=2.0,8,1,Model4_ViewBin,11.452542951668939,12.236864996380165,3.8064890648976957,11,0.09650312704911353
R_Elbow,angle_mae,3,2,Y=2.0,8,1,Model4_ViewBin,33.91330626376252,34.21136777300961,7.634605012166871,11,0.08494224437207744
L_Hip,angle_mae,3,2,Y=2.0,8,1,Model4_ViewBin,43.774734060764104,43.833573115400384,8.013680199711953,11,0.08387568045449069
R_Hip,angle_mae,3,2,Y=2.0,8,1,Model4_ViewBin,16.488036708579816,16.169948416917986,5.287591882819495,11,0.09185445546517905
L_Knee,angle_mae,3,2,Y=2.0,8,1,Model4_ViewBin,16.496470290003092,15.891320340661135,2.6628031136264227,11,0.10025312898462645
R_Knee,angle_mae,3,2,Y=2.0,8,1,Model4_ViewBin,27.03463920834254,23.302627267108534,12.374575765655965,11,0.07252798754332997
L_Shoulder,angle_mae,3,3,Y=2.0,8,1,Model4_ViewBin,34.28979232081855,33.97541812553381,3.7370217919719333,12,0.10543982517511656
R_Shoulder,angle_mae,3,3,Y=2.0,8,1,Model4_ViewBin,39.02005315333384,41.71855183767236,6.918307084529736,12,0.09483111470674956
L_Elbow,angle_mae,3,3,Y=2.0,8,1,Model4_ViewBin,25.51946248900644,23.715223066937817,12.73978566078281,12,0.07810454765297047
R_Elbow,angle_mae,3,3,Y=2.0,8,1,Model4_ViewBin,32.3899557335723,34.345230030505896,5.590231670652794,12,0.09912352008711356
L_Hip,angle_mae,3,3,Y=2.0,8,1,Model4_ViewBin,27.874172076308884,30.05030292367962,10.926040681333742,12,0.08297226951335136
R_Hip,angle_mae,3,3,Y=2.0,8,1,Model4_ViewBin,23.06964668297287,26.030855493101328,9.992830810086431,12,0.08559385091236205
L_Knee,angle_mae,3,3,Y=2.0,8,1,Model4_ViewBin,17.379815563133157,18.093367003796374,5.514374941605143,12,0.09937447676613374
R_Knee,angle_mae,3,3,Y=2.0,8,1,Model4_ViewBin,20.030585749542745,20.125096407399973,6.349621875940785,12,0.09664589609443053
L_Shoulder,angle_mae,3,4,Y=2.0,8,1,Model4_ViewBin,43.55762630844148,43.827329613000295,4.349247040651958,10,0.08621720116799202
R_Shoulder,angle_mae,3,4,Y=2.0,8,1,Model4_ViewBin,31.925550788650472,31.50482286292088,4.667312870628986,11,0.09377340486783496
L_Elbow,angle_mae,3,4,Y=2.0,8,1,Model4_ViewBin,36.78875457007974,31.932691780330376,10.17699664155883,10,0.07099513739096396
R_Elbow,angle_mae,3,4,Y=2.0,8,1,Model4_ViewBin,16.30930879859986,15.522291974950711,6.369190285464393,11,0.08860178804082236
L_Hip,angle_mae,3,4,Y=2.0,8,1,Model4_ViewBin,25.813495281971754,23.657844464144823,9.275403428520121,11,0.080421235707084
R_Hip,angle_mae,3,4,Y=2.0,8,1,Model4_ViewBin,47.94174890445086,43.54541718187584,9.232544344036173,11,0.08053621050061763
L_Knee,angle_mae,3,4,Y=2.0,8,1,Model4_ViewBin,21.77542508034536,20.87427155080979,2.9731465095707206,11,0.09922137825262616
R_Knee,angle_mae,3,4,Y=2.0,8,1,Model4_ViewBin,19.537894231923822,18.179859035500588,2.6369345522895236,11,0.10033961307346222
L_Shoulder,angle_mae,3,5,Y=2.0,8,1,Model4_ViewBin,49.3045859305991,50.13443921697525,4.482066578606467,5,0.043025283814487655
R_Shoulder,angle_mae,3,5,Y=2.0,8,1,Model4_ViewBin,46.621918953885526,47.71262451992473,3.5700217441188618,8,0.07087344038051878
L_Elbow,angle_mae,3,5,Y=2.0,8,1,Model4_ViewBin,27.0670336286805,27.29314076269181,1.6830242318903261,5,0.04723283701309393
R_Elbow,angle_mae,3,5,Y=2.0,8,1,Model4_ViewBin,14.18873533762232,13.981548457941205,3.6576575080323,8,0.07066670754439894
L_Hip,angle_mae,3,5,Y=2.0,8,1,Model4_ViewBin,20.83487775812933,19.704694244781727,5.506422579601562,8,0.0664433072882165
R_Hip,angle_mae,3,5,Y=2.0,8,1,Model4_ViewBin,57.59365907716348,53.42930967586751,10.739470368570359,8,0.055807827413529874
L_Knee,angle_mae,3,5,Y=2.0,8,1,Model4_ViewBin,18.752626956606026,19.76184329616293,5.257178918571424,8,0.06699762587830012
R_Knee,angle_mae,3,5,Y=2.0,8,1,Model4_ViewBin,16.267696613960364,16.235558865393706,1.4225012975023135,8,0.07613284473904264
L_Shoulder,angle_mae,3,6,Y=2.0,8,1,Model4_ViewBin,45.86132707577678,46.607642782880696,8.34996406024752,11,0.08294072914069257
R_Shoulder,angle_mae,3,6,Y=2.0,8,1,Model4_ViewBin,46.7822800413766,47.952157020002815,5.011113961511109,13,0.10938634818919866
L_Elbow,angle_mae,3,6,Y=2.0,8,1,Model4_ViewBin,27.745839995088705,30.05303970285416,10.49366728106636,11,0.07722084796511293
R_Elbow,angle_mae,3,6,Y=2.0,8,1,Model4_ViewBin,15.475125960718746,15.350713411349416,4.376577660703463,13,0.11172464352806809
L_Hip,angle_mae,3,6,Y=2.0,8,1,Model4_ViewBin,19.28132753534147,16.67620763125655,5.401713170558265,13,0.10797137228305545
R_Hip,angle_mae,3,6,Y=2.0,8,1,Model4_ViewBin,58.255219860661626,60.63048701526152,7.432171000623302,13,0.10090547553801801
L_Knee,angle_mae,3,6,Y=2.0,8,1,Model4_ViewBin,18.725081111781655,19.78049245246011,4.889116748440491,13,0.10983208153293729
R_Knee,angle_mae,3,6,Y=2.0,8,1,Model4_ViewBin,17.6161796066477,16.775099726503587,3.4579435427070817,13,0.11519869746399965
L_Shoulder,angle_mae,3,7,Y=2.0,8,1,Model4_ViewBin,37.11181382459171,36.25051603449539,2.941596966639248,9,0.08137446528555198
R_Shoulder,angle_mae,3,7,Y=2.0,8,1,Model4_ViewBin,32.00688378442716,28.362849601864223,7.819543718309967,9,0.06916281097158997
L_Elbow,angle_mae,3,7,Y=2.0,8,1,Model4_ViewBin,12.522283896869189,8.833915695011461,8.321222810857831,8,0.06049268131391263
R_Elbow,angle_mae,3,7,Y=2.0,8,1,Model4_ViewBin,12.739307476778897,11.504102719862024,3.3370515863612713,9,0.08030884054540897
L_Hip,angle_mae,3,7,Y=2.0,8,1,Model4_ViewBin,13.640078906683016,13.587459968524938,4.841204345274384,9,0.07638155830259892
R_Hip,angle_mae,3,7,Y=2.0,8,1,Model4_ViewBin,63.90972319808121,65.58972150280064,6.516161166672576,9,0.07223389456252036
L_Knee,angle_mae,3,7,Y=2.0,8,1,Model4_ViewBin,18.932839111314095,18.082946564181213,6.103018064343412,9,0.07323554029235506
R_Knee,angle_mae,3,7,Y=2.0,8,1,Model4_ViewBin,17.809460857515525,19.643938602012543,4.434179974594497,9,0.07742492541841914
